Mod:Item:MetaData, Localized Name
minecraft:air, 空气
minecraft:stone:0, 石头
minecraft:stone:1, 花岗岩
minecraft:stone:2, 磨制花岗岩
minecraft:stone:3, 闪长岩
minecraft:stone:4, 磨制闪长岩
minecraft:stone:5, 安山岩
minecraft:stone:6, 磨制安山岩
minecraft:grass, 草方块
minecraft:dirt:0, 泥土
minecraft:dirt:1, 砂土
minecraft:dirt:2, 灰化土
minecraft:cobblestone, 圆石
minecraft:planks:0, 橡木木板
minecraft:planks:1, 云杉木板
minecraft:planks:2, 白桦木板
minecraft:planks:3, 丛林木板
minecraft:planks:4, 金合欢木板
minecraft:planks:5, 深色橡木木板
minecraft:sapling:0, 橡树树苗
minecraft:sapling:1, 云杉树苗
minecraft:sapling:2, 白桦树苗
minecraft:sapling:3, 丛林树苗
minecraft:sapling:4, 金合欢树苗
minecraft:sapling:5, 深色橡树树苗
minecraft:bedrock, 基岩
minecraft:sand:0, 沙子
minecraft:sand:1, 红沙
minecraft:gravel, 沙砾
minecraft:gold_ore, 金矿石
minecraft:iron_ore, 铁矿石
minecraft:coal_ore, 煤矿石
minecraft:log:0, 橡木
minecraft:log:1, 云杉木
minecraft:log:2, 白桦木
minecraft:log:3, 丛林木
minecraft:leaves:0, 橡树树叶
minecraft:leaves:1, 云杉树叶
minecraft:leaves:2, 白桦树叶
minecraft:leaves:3, 丛林树叶
minecraft:sponge:0, 海绵
minecraft:sponge:1, 湿海绵
minecraft:glass, 玻璃
minecraft:lapis_ore, 青金石矿石
minecraft:lapis_block, 青金石块
minecraft:dispenser, 发射器
minecraft:sandstone:0, 砂岩
minecraft:sandstone:1, 錾制砂岩
minecraft:sandstone:2, 平滑砂岩
minecraft:noteblock, 音符盒
minecraft:golden_rail, 充能铁轨
minecraft:detector_rail, 探测铁轨
minecraft:sticky_piston, 粘性活塞
minecraft:web, 蜘蛛网
minecraft:tallgrass:1, 草
minecraft:tallgrass:2, 蕨
minecraft:deadbush, 枯死的灌木
minecraft:piston, 活塞
minecraft:wool:0, 白色羊毛
minecraft:wool:1, 橙色羊毛
minecraft:wool:2, 品红色羊毛
minecraft:wool:3, 淡蓝色羊毛
minecraft:wool:4, 黄色羊毛
minecraft:wool:5, 黄绿色羊毛
minecraft:wool:6, 粉红色羊毛
minecraft:wool:7, 灰色羊毛
minecraft:wool:8, 淡灰色羊毛
minecraft:wool:9, 青色羊毛
minecraft:wool:10, 紫色羊毛
minecraft:wool:11, 蓝色羊毛
minecraft:wool:12, 棕色羊毛
minecraft:wool:13, 绿色羊毛
minecraft:wool:14, 红色羊毛
minecraft:wool:15, 黑色羊毛
minecraft:yellow_flower:0, 蒲公英
minecraft:red_flower:0, 虞美人
minecraft:red_flower:1, 兰花
minecraft:red_flower:2, 绒球葱
minecraft:red_flower:3, 茜草花
minecraft:red_flower:4, 红色郁金香
minecraft:red_flower:5, 橙色郁金香
minecraft:red_flower:6, 白色郁金香
minecraft:red_flower:7, 粉红色郁金香
minecraft:red_flower:8, 滨菊
minecraft:brown_mushroom, 蘑菇
minecraft:red_mushroom, 蘑菇
minecraft:gold_block, 金块
minecraft:iron_block, 铁块
minecraft:stone_slab:0, 石台阶
minecraft:stone_slab:1, 砂岩台阶
minecraft:stone_slab:3, 圆石台阶
minecraft:stone_slab:4, 砖台阶
minecraft:stone_slab:5, 石砖台阶
minecraft:stone_slab:6, 地狱砖台阶
minecraft:stone_slab:7, 石英台阶
minecraft:brick_block, 砖块
minecraft:tnt, TNT
minecraft:bookshelf, 书架
minecraft:mossy_cobblestone, 苔石
minecraft:obsidian, 黑曜石
minecraft:torch, 火把
minecraft:mob_spawner, 刷怪箱
minecraft:oak_stairs, 橡木楼梯
minecraft:chest, 箱子
minecraft:diamond_ore, 钻石矿石
minecraft:diamond_block, 钻石块
minecraft:crafting_table, 工作台
minecraft:farmland, 耕地
minecraft:furnace, 熔炉
minecraft:ladder, 梯子
minecraft:rail, 铁轨
minecraft:stone_stairs, 圆石楼梯
minecraft:lever, 拉杆
minecraft:stone_pressure_plate, 石质压力板
minecraft:wooden_pressure_plate, 木质压力板
minecraft:redstone_ore, 红石矿石
minecraft:redstone_torch, 红石火把
minecraft:stone_button, 按钮
minecraft:snow_layer, 雪
minecraft:ice, 冰
minecraft:snow, 雪
minecraft:cactus, 仙人掌
minecraft:clay, 粘土块
minecraft:jukebox, 唱片机
minecraft:fence, 橡木栅栏
minecraft:pumpkin, 南瓜
minecraft:netherrack, 地狱岩
minecraft:soul_sand, 灵魂沙
minecraft:glowstone, 荧石
minecraft:lit_pumpkin, 南瓜灯
minecraft:stained_glass:0, 白色染色玻璃
minecraft:stained_glass:1, 橙色染色玻璃
minecraft:stained_glass:2, 品红色染色玻璃
minecraft:stained_glass:3, 淡蓝色染色玻璃
minecraft:stained_glass:4, 黄色染色玻璃
minecraft:stained_glass:5, 黄绿色染色玻璃
minecraft:stained_glass:6, 粉红色染色玻璃
minecraft:stained_glass:7, 灰色染色玻璃
minecraft:stained_glass:8, 淡灰色染色玻璃
minecraft:stained_glass:9, 青色染色玻璃
minecraft:stained_glass:10, 紫色染色玻璃
minecraft:stained_glass:11, 蓝色染色玻璃
minecraft:stained_glass:12, 棕色染色玻璃
minecraft:stained_glass:13, 绿色染色玻璃
minecraft:stained_glass:14, 红色染色玻璃
minecraft:stained_glass:15, 黑色染色玻璃
minecraft:trapdoor, 活板门
minecraft:monster_egg:0, 石头怪物蛋
minecraft:monster_egg:1, 圆石怪物蛋
minecraft:monster_egg:2, 石砖怪物蛋
minecraft:monster_egg:3, 苔石砖怪物蛋
minecraft:monster_egg:4, 裂石砖怪物蛋
minecraft:monster_egg:5, 錾制石砖怪物蛋
minecraft:stonebrick:0, 石砖
minecraft:stonebrick:1, 苔石砖
minecraft:stonebrick:2, 裂石砖
minecraft:stonebrick:3, 錾制石砖
minecraft:brown_mushroom_block, 蘑菇
minecraft:red_mushroom_block, 蘑菇
minecraft:iron_bars, 铁栏杆
minecraft:glass_pane, 玻璃板
minecraft:melon_block, 西瓜
minecraft:vine, 藤蔓
minecraft:fence_gate, 橡木栅栏门
minecraft:brick_stairs, 砖楼梯
minecraft:stone_brick_stairs, 石砖楼梯
minecraft:mycelium, 菌丝
minecraft:waterlily, 睡莲
minecraft:nether_brick, 地狱砖
minecraft:nether_brick_fence, 地狱砖栅栏
minecraft:nether_brick_stairs, 地狱砖楼梯
minecraft:enchanting_table, 附魔台
minecraft:end_portal_frame, 末地传送门
minecraft:end_stone, 末地石
minecraft:dragon_egg, 龙蛋
minecraft:redstone_lamp, 红石灯
minecraft:wooden_slab:0, 橡木台阶
minecraft:wooden_slab:1, 云杉木台阶
minecraft:wooden_slab:2, 桦木台阶
minecraft:wooden_slab:3, 丛林木台阶
minecraft:wooden_slab:4, 金合欢木台阶
minecraft:wooden_slab:5, 深色橡木台阶
minecraft:sandstone_stairs, 砂岩楼梯
minecraft:emerald_ore, 绿宝石矿石
minecraft:ender_chest, 末影箱
minecraft:tripwire_hook, 绊线钩
minecraft:emerald_block, 绿宝石块
minecraft:spruce_stairs, 云杉木楼梯
minecraft:birch_stairs, 桦木楼梯
minecraft:jungle_stairs, 丛林木楼梯
minecraft:command_block, 命令方块
minecraft:beacon, 信标
minecraft:cobblestone_wall:0, 圆石墙
minecraft:cobblestone_wall:1, 苔石墙
minecraft:wooden_button, 按钮
minecraft:anvil:0, 铁砧
minecraft:anvil:1, 轻微损坏的铁砧
minecraft:anvil:2, 严重损坏的铁砧
minecraft:trapped_chest, 陷阱箱
minecraft:light_weighted_pressure_plate, 测重压力板（轻质）
minecraft:heavy_weighted_pressure_plate, 测重压力板（重质）
minecraft:daylight_detector, 阳光传感器
minecraft:redstone_block, 红石块
minecraft:quartz_ore, 下界石英矿石
minecraft:hopper, 漏斗
minecraft:quartz_block:0, 石英块
minecraft:quartz_block:1, 錾制石英块
minecraft:quartz_block:2, 竖纹石英块
minecraft:quartz_stairs, 石英楼梯
minecraft:activator_rail, 激活铁轨
minecraft:dropper, 投掷器
minecraft:stained_hardened_clay:0, 白色陶瓦
minecraft:stained_hardened_clay:1, 橙色陶瓦
minecraft:stained_hardened_clay:2, 品红色陶瓦
minecraft:stained_hardened_clay:3, 淡蓝色陶瓦
minecraft:stained_hardened_clay:4, 黄色陶瓦
minecraft:stained_hardened_clay:5, 黄绿色陶瓦
minecraft:stained_hardened_clay:6, 粉红色陶瓦
minecraft:stained_hardened_clay:7, 灰色陶瓦
minecraft:stained_hardened_clay:8, 淡灰色陶瓦
minecraft:stained_hardened_clay:9, 青色陶瓦
minecraft:stained_hardened_clay:10, 紫色陶瓦
minecraft:stained_hardened_clay:11, 蓝色陶瓦
minecraft:stained_hardened_clay:12, 棕色陶瓦
minecraft:stained_hardened_clay:13, 绿色陶瓦
minecraft:stained_hardened_clay:14, 红色陶瓦
minecraft:stained_hardened_clay:15, 黑色陶瓦
minecraft:stained_glass_pane:0, 白色染色玻璃板
minecraft:stained_glass_pane:1, 橙色染色玻璃板
minecraft:stained_glass_pane:2, 品红色染色玻璃板
minecraft:stained_glass_pane:3, 淡蓝色染色玻璃板
minecraft:stained_glass_pane:4, 黄色染色玻璃板
minecraft:stained_glass_pane:5, 黄绿色染色玻璃板
minecraft:stained_glass_pane:6, 粉红色染色玻璃板
minecraft:stained_glass_pane:7, 灰色染色玻璃板
minecraft:stained_glass_pane:8, 淡灰色染色玻璃板
minecraft:stained_glass_pane:9, 青色染色玻璃板
minecraft:stained_glass_pane:10, 紫色染色玻璃板
minecraft:stained_glass_pane:11, 蓝色染色玻璃板
minecraft:stained_glass_pane:12, 棕色染色玻璃板
minecraft:stained_glass_pane:13, 绿色染色玻璃板
minecraft:stained_glass_pane:14, 红色染色玻璃板
minecraft:stained_glass_pane:15, 黑色染色玻璃板
minecraft:leaves2:0, 金合欢树叶
minecraft:leaves2:1, 深色橡树树叶
minecraft:log2:0, 金合欢木
minecraft:log2:1, 深色橡木
minecraft:acacia_stairs, 金合欢木楼梯
minecraft:dark_oak_stairs, 深色橡木楼梯 
minecraft:slime, 粘液块
minecraft:barrier, 屏障
minecraft:iron_trapdoor, 铁活板门
minecraft:prismarine:0, 海晶石
minecraft:prismarine:1, 海晶石砖
minecraft:prismarine:2, 暗海晶石
minecraft:sea_lantern, 海晶灯
minecraft:hay_block, 干草块
minecraft:carpet:0, 白色地毯
minecraft:carpet:1, 橙色地毯
minecraft:carpet:2, 品红色地毯
minecraft:carpet:3, 淡蓝色地毯
minecraft:carpet:4, 黄色地毯
minecraft:carpet:5, 黄绿色地毯
minecraft:carpet:6, 粉红色地毯
minecraft:carpet:7, 灰色地毯
minecraft:carpet:8, 淡灰色地毯
minecraft:carpet:9, 青色地毯
minecraft:carpet:10, 紫色地毯
minecraft:carpet:11, 蓝色地毯
minecraft:carpet:12, 棕色地毯
minecraft:carpet:13, 绿色地毯
minecraft:carpet:14, 红色地毯
minecraft:carpet:15, 黑色地毯
minecraft:hardened_clay, 陶瓦
minecraft:coal_block, 煤炭块
minecraft:packed_ice, 浮冰
minecraft:double_plant:0, 向日葵
minecraft:double_plant:1, 丁香
minecraft:double_plant:2, 高草丛
minecraft:double_plant:3, 大型蕨
minecraft:double_plant:4, 玫瑰丛
minecraft:double_plant:5, 牡丹
minecraft:red_sandstone:0, 红砂岩
minecraft:red_sandstone:1, 錾制红砂岩
minecraft:red_sandstone:2, 平滑红砂岩
minecraft:red_sandstone_stairs, 红砂岩楼梯
minecraft:stone_slab2:0, 红砂岩台阶
minecraft:spruce_fence_gate, 云杉木栅栏门
minecraft:birch_fence_gate, 白桦木栅栏门
minecraft:jungle_fence_gate, 丛林木栅栏门
minecraft:dark_oak_fence_gate, 深色橡木栅栏门
minecraft:acacia_fence_gate, 金合欢栅栏门
minecraft:spruce_fence, 云杉木栅栏
minecraft:birch_fence, 白桦木栅栏
minecraft:jungle_fence, 丛林木栅栏
minecraft:dark_oak_fence, 深色橡木栅栏
minecraft:acacia_fence, 金合欢栅栏
minecraft:end_rod, 末地烛
minecraft:chorus_plant, 紫颂植物
minecraft:chorus_flower, 紫颂花
minecraft:purpur_block, 紫珀块
minecraft:purpur_pillar, 竖纹紫珀块
minecraft:purpur_stairs, 紫珀楼梯
minecraft:purpur_slab:0, 紫珀台阶
minecraft:end_bricks, 末地石砖
minecraft:grass_path, 草径
minecraft:repeating_command_block, 循环型命令方块
minecraft:chain_command_block, 连锁型命令方块
minecraft:magma, 岩浆块
minecraft:nether_wart_block, 地狱疣块
minecraft:red_nether_brick, 红色地狱砖
minecraft:bone_block, 骨块
minecraft:structure_void, 结构空位
minecraft:observer, 侦测器
minecraft:white_shulker_box, 白色潜影盒
minecraft:orange_shulker_box, 橙色潜影盒
minecraft:magenta_shulker_box, 品红色潜影盒
minecraft:light_blue_shulker_box, 淡蓝色潜影盒
minecraft:yellow_shulker_box, 黄色潜影盒
minecraft:lime_shulker_box, 黄绿色潜影盒
minecraft:pink_shulker_box, 粉红色潜影盒
minecraft:gray_shulker_box, 灰色潜影盒
minecraft:silver_shulker_box, 淡灰色潜影盒
minecraft:cyan_shulker_box, 青色潜影盒
minecraft:purple_shulker_box, 紫色潜影盒
minecraft:blue_shulker_box, 蓝色潜影盒
minecraft:brown_shulker_box, 棕色潜影盒
minecraft:green_shulker_box, 绿色潜影盒
minecraft:red_shulker_box, 红色潜影盒
minecraft:black_shulker_box, 黑色潜影盒
minecraft:white_glazed_terracotta, 白色带釉陶瓦
minecraft:orange_glazed_terracotta, 橙色带釉陶瓦
minecraft:magenta_glazed_terracotta, 品红色带釉陶瓦
minecraft:light_blue_glazed_terracotta, 淡蓝色带釉陶瓦
minecraft:yellow_glazed_terracotta, 黄色带釉陶瓦
minecraft:lime_glazed_terracotta, 黄绿色带釉陶瓦
minecraft:pink_glazed_terracotta, 粉红色带釉陶瓦
minecraft:gray_glazed_terracotta, 灰色带釉陶瓦
minecraft:silver_glazed_terracotta, 淡灰色带釉陶瓦
minecraft:cyan_glazed_terracotta, 青色带釉陶瓦
minecraft:purple_glazed_terracotta, 紫色带釉陶瓦
minecraft:blue_glazed_terracotta, 蓝色带釉陶瓦
minecraft:brown_glazed_terracotta, 棕色带釉陶瓦
minecraft:green_glazed_terracotta, 绿色带釉陶瓦
minecraft:red_glazed_terracotta, 红色带釉陶瓦
minecraft:black_glazed_terracotta, 黑色带釉陶瓦
minecraft:concrete:0, 白色混凝土
minecraft:concrete:1, 橙色混凝土
minecraft:concrete:2, 品红色混凝土
minecraft:concrete:3, 淡蓝色混凝土
minecraft:concrete:4, 黄色混凝土
minecraft:concrete:5, 黄绿色混凝土
minecraft:concrete:6, 粉红色混凝土
minecraft:concrete:7, 灰色混凝土
minecraft:concrete:8, 淡灰色混凝土
minecraft:concrete:9, 青色混凝土
minecraft:concrete:10, 紫色混凝土
minecraft:concrete:11, 蓝色混凝土
minecraft:concrete:12, 棕色混凝土
minecraft:concrete:13, 绿色混凝土
minecraft:concrete:14, 红色混凝土
minecraft:concrete:15, 黑色混凝土
minecraft:concrete_powder:0, 白色混凝土粉末
minecraft:concrete_powder:1, 橙色混凝土粉末
minecraft:concrete_powder:2, 品红色混凝土粉末
minecraft:concrete_powder:3, 淡蓝色混凝土粉末
minecraft:concrete_powder:4, 黄色混凝土粉末
minecraft:concrete_powder:5, 黄绿色混凝土粉末
minecraft:concrete_powder:6, 粉红色混凝土粉末
minecraft:concrete_powder:7, 灰色混凝土粉末
minecraft:concrete_powder:8, 淡灰色混凝土粉末
minecraft:concrete_powder:9, 青色混凝土粉末
minecraft:concrete_powder:10, 紫色混凝土粉末
minecraft:concrete_powder:11, 蓝色混凝土粉末
minecraft:concrete_powder:12, 棕色混凝土粉末
minecraft:concrete_powder:13, 绿色混凝土粉末
minecraft:concrete_powder:14, 红色混凝土粉末
minecraft:concrete_powder:15, 黑色混凝土粉末
minecraft:structure_block, 结构方块
minecraft:iron_shovel, 铁锹
minecraft:iron_pickaxe, 铁镐
minecraft:iron_axe, 铁斧
minecraft:flint_and_steel, 打火石
minecraft:apple, 苹果
minecraft:bow, 弓
minecraft:arrow, 箭
minecraft:coal:0, 煤炭
minecraft:coal:1, 木炭
minecraft:diamond, 钻石
minecraft:iron_ingot, 铁锭
minecraft:gold_ingot, 金锭
minecraft:iron_sword, 铁剑
minecraft:wooden_sword, 木剑
minecraft:wooden_shovel, 木锹
minecraft:wooden_pickaxe, 木镐
minecraft:wooden_axe, 木斧
minecraft:stone_sword, 石剑
minecraft:stone_shovel, 石锹
minecraft:stone_pickaxe, 石镐
minecraft:stone_axe, 石斧
minecraft:diamond_sword, 钻石剑
minecraft:diamond_shovel, 钻石锹
minecraft:diamond_pickaxe, 钻石镐
minecraft:diamond_axe, 钻石斧
minecraft:stick, 木棍
minecraft:bowl, 碗
minecraft:mushroom_stew, 蘑菇煲
minecraft:golden_sword, 金剑
minecraft:golden_shovel, 金锹
minecraft:golden_pickaxe, 金镐
minecraft:golden_axe, 金斧
minecraft:string, 线
minecraft:feather, 羽毛
minecraft:gunpowder, 火药
minecraft:wooden_hoe, 木锄
minecraft:stone_hoe, 石锄
minecraft:iron_hoe, 铁锄
minecraft:diamond_hoe, 钻石锄
minecraft:golden_hoe, 金锄
minecraft:wheat_seeds, 小麦种子
minecraft:wheat, 小麦
minecraft:bread, 面包
minecraft:leather_helmet, 皮革帽子
minecraft:leather_chestplate, 皮革外套
minecraft:leather_leggings, 皮革裤子
minecraft:leather_boots, 皮革靴子
minecraft:chainmail_helmet, 锁链头盔
minecraft:chainmail_chestplate, 锁链胸甲
minecraft:chainmail_leggings, 锁链护腿
minecraft:chainmail_boots, 锁链靴子
minecraft:iron_helmet, 铁头盔
minecraft:iron_chestplate, 铁胸甲
minecraft:iron_leggings, 铁护腿
minecraft:iron_boots, 铁靴子
minecraft:diamond_helmet, 钻石头盔
minecraft:diamond_chestplate, 钻石胸甲
minecraft:diamond_leggings, 钻石护腿
minecraft:diamond_boots, 钻石靴子
minecraft:golden_helmet, 金头盔
minecraft:golden_chestplate, 金胸甲
minecraft:golden_leggings, 金护腿
minecraft:golden_boots, 金靴子
minecraft:flint, 燧石
minecraft:porkchop, 生猪排
minecraft:cooked_porkchop, 熟猪排
minecraft:painting, 画
minecraft:golden_apple:0, 金苹果
minecraft:golden_apple:1, 金苹果
minecraft:sign, 告示牌
minecraft:wooden_door, 橡木门
minecraft:bucket, 桶
minecraft:water_bucket, 水桶
minecraft:lava_bucket, 熔岩桶
minecraft:minecart, 矿车
minecraft:saddle, 鞍
minecraft:iron_door, 铁门
minecraft:redstone, 红石
minecraft:snowball, 雪球
minecraft:boat, 橡木船
minecraft:leather, 皮革
minecraft:milk_bucket, 牛奶
minecraft:brick, 红砖
minecraft:clay_ball, 粘土
minecraft:reeds, 甘蔗
minecraft:paper, 纸
minecraft:book, 书
minecraft:slime_ball, 粘液球
minecraft:chest_minecart, 运输矿车
minecraft:furnace_minecart, 动力矿车
minecraft:egg, 鸡蛋
minecraft:compass, 指南针
minecraft:fishing_rod, 钓鱼竿
minecraft:clock, 钟
minecraft:glowstone_dust, 荧石粉
minecraft:fish:0, 生鱼
minecraft:fish:1, 生鲑鱼
minecraft:fish:2, 小丑鱼
minecraft:fish:3, 河豚
minecraft:cooked_fish:0, 熟鱼
minecraft:cooked_fish:1, 熟鲑鱼
minecraft:dye:0, 墨囊
minecraft:dye:1, 玫瑰红
minecraft:dye:2, 仙人掌绿
minecraft:dye:3, 可可豆
minecraft:dye:4, 青金石
minecraft:dye:5, 紫色染料
minecraft:dye:6, 青色染料
minecraft:dye:7, 淡灰色染料
minecraft:dye:8, 灰色染料
minecraft:dye:9, 粉红色染料
minecraft:dye:10, 黄绿色染料
minecraft:dye:11, 蒲公英黄
minecraft:dye:12, 淡蓝色染料
minecraft:dye:13, 品红色染料
minecraft:dye:14, 橙色染料
minecraft:dye:15, 骨粉
minecraft:bone, 骨头
minecraft:sugar, 糖
minecraft:cake, 蛋糕
minecraft:bed:0, 白色床
minecraft:bed:1, 橙色床
minecraft:bed:2, 品红色床
minecraft:bed:3, 淡蓝色床
minecraft:bed:4, 黄色床
minecraft:bed:5, 黄绿色床
minecraft:bed:6, 粉红色床
minecraft:bed:7, 灰色床
minecraft:bed:8, 淡灰色床
minecraft:bed:9, 青色床
minecraft:bed:10, 紫色床
minecraft:bed:11, 蓝色床
minecraft:bed:12, 棕色床
minecraft:bed:13, 绿色床
minecraft:bed:14, 红色床
minecraft:bed:15, 黑色床
minecraft:repeater, 红石中继器
minecraft:cookie, 曲奇
minecraft:filled_map:0, 地图
minecraft:shears, 剪刀
minecraft:melon, 西瓜
minecraft:pumpkin_seeds, 南瓜种子
minecraft:melon_seeds, 西瓜种子
minecraft:beef, 生牛肉
minecraft:cooked_beef, 牛排
minecraft:chicken, 生鸡肉
minecraft:cooked_chicken, 熟鸡肉
minecraft:rotten_flesh, 腐肉
minecraft:ender_pearl, 末影珍珠
minecraft:blaze_rod, 烈焰棒
minecraft:ghast_tear, 恶魂之泪
minecraft:gold_nugget, 金粒
minecraft:nether_wart, 地狱疣
minecraft:potion, 药水
minecraft:glass_bottle, 玻璃瓶
minecraft:spider_eye, 蜘蛛眼
minecraft:fermented_spider_eye, 发酵蛛眼
minecraft:blaze_powder, 烈焰粉
minecraft:magma_cream, 岩浆膏
minecraft:brewing_stand, 酿造台
minecraft:cauldron, 炼药锅
minecraft:ender_eye, 末影之眼
minecraft:speckled_melon, 闪烁的西瓜
minecraft:spawn_egg, 生成
minecraft:experience_bottle, 附魔之瓶
minecraft:fire_charge, 火焰弹
minecraft:writable_book, 书与笔
minecraft:written_book, 成书
minecraft:emerald, 绿宝石
minecraft:item_frame, 物品展示框
minecraft:flower_pot, 花盆
minecraft:carrot, 胡萝卜
minecraft:potato, 马铃薯
minecraft:baked_potato, 烤马铃薯
minecraft:poisonous_potato, 毒马铃薯
minecraft:map, 空地图
minecraft:golden_carrot, 金胡萝卜
minecraft:skull:0, 骷髅头颅
minecraft:skull:1, 凋灵骷髅头颅
minecraft:skull:2, 僵尸的头
minecraft:skull:3, 头
minecraft:skull:4, 爬行者的头
minecraft:skull:5, 龙首
minecraft:carrot_on_a_stick, 胡萝卜钓竿
minecraft:nether_star, 下界之星
minecraft:pumpkin_pie, 南瓜派
minecraft:fireworks, 烟花火箭
minecraft:firework_charge, 烟火之星
minecraft:enchanted_book, 附魔书
minecraft:comparator, 红石比较器
minecraft:netherbrick, 地狱砖块
minecraft:quartz, 下界石英
minecraft:tnt_minecart, TNT矿车
minecraft:hopper_minecart, 漏斗矿车
minecraft:prismarine_shard, 海晶碎片
minecraft:prismarine_crystals, 海晶砂粒
minecraft:rabbit, 生兔肉
minecraft:cooked_rabbit, 熟兔肉
minecraft:rabbit_stew, 兔肉煲
minecraft:rabbit_foot, 兔子脚
minecraft:rabbit_hide, 兔子皮
minecraft:armor_stand, 盔甲架
minecraft:iron_horse_armor, 铁马铠
minecraft:golden_horse_armor, 金马铠
minecraft:diamond_horse_armor, 钻石马铠
minecraft:lead, 拴绳
minecraft:name_tag, 命名牌
minecraft:command_block_minecart, 命令方块矿车
minecraft:mutton, 生羊肉
minecraft:cooked_mutton, 熟羊肉
minecraft:banner:15, 白色旗帜
minecraft:banner:14, 橙色旗帜
minecraft:banner:13, 品红色旗帜
minecraft:banner:12, 淡蓝色旗帜
minecraft:banner:11, 黄色旗帜
minecraft:banner:10, 黄绿色旗帜
minecraft:banner:9, 粉红色旗帜
minecraft:banner:8, 灰色旗帜
minecraft:banner:7, 淡灰色旗帜
minecraft:banner:6, 青色旗帜
minecraft:banner:5, 紫色旗帜
minecraft:banner:4, 蓝色旗帜
minecraft:banner:3, 棕色旗帜
minecraft:banner:2, 绿色旗帜
minecraft:banner:1, 红色旗帜
minecraft:banner:0, 黑色旗帜
minecraft:end_crystal, 末影水晶
minecraft:spruce_door, 云杉木门
minecraft:birch_door, 白桦木门
minecraft:jungle_door, 丛林木门
minecraft:acacia_door, 金合欢木门
minecraft:dark_oak_door, 深色橡木门
minecraft:chorus_fruit, 紫颂果
minecraft:chorus_fruit_popped, 爆裂紫颂果
minecraft:beetroot, 甜菜根
minecraft:beetroot_seeds, 甜菜种子
minecraft:beetroot_soup, 甜菜汤
minecraft:dragon_breath, 龙息
minecraft:splash_potion, 喷溅药水
minecraft:spectral_arrow, 光灵箭
minecraft:tipped_arrow, 药箭
minecraft:lingering_potion, 滞留药水
minecraft:shield, 盾牌
minecraft:elytra, 鞘翅
minecraft:spruce_boat, 云杉木船
minecraft:birch_boat, 白桦木船
minecraft:jungle_boat, 丛林木船
minecraft:acacia_boat, 金合欢木船
minecraft:dark_oak_boat, 深色橡木船
minecraft:totem_of_undying, 不死图腾
minecraft:shulker_shell, 潜影壳
minecraft:iron_nugget, 铁粒
minecraft:knowledge_book, 知识之书
minecraft:record_13, 音乐唱片
minecraft:record_cat, 音乐唱片
minecraft:record_blocks, 音乐唱片
minecraft:record_chirp, 音乐唱片
minecraft:record_far, 音乐唱片
minecraft:record_mall, 音乐唱片
minecraft:record_mellohi, 音乐唱片
minecraft:record_stal, 音乐唱片
minecraft:record_strad, 音乐唱片
minecraft:record_ward, 音乐唱片
minecraft:record_11, 音乐唱片
minecraft:record_wait, 音乐唱片
chisel:blockaluminum:0, 铝块
chisel:blockaluminum:1, 铝块
chisel:blockaluminum:2, 铝块
chisel:blockaluminum:3, 铝块
chisel:blockaluminum:4, 铝块
chisel:blockaluminum:5, 铝块
chisel:blockaluminum:6, 铝块
chisel:andesite:0, 安山岩
chisel:andesite:1, 安山岩
chisel:andesite:2, 安山岩
chisel:andesite:3, 安山岩
chisel:andesite:4, 安山岩
chisel:andesite:5, 安山岩
chisel:andesite:6, 安山岩
chisel:andesite:7, 安山岩
chisel:andesite:8, 安山岩
chisel:andesite:9, 安山岩
chisel:andesite:10, 安山岩
chisel:andesite:11, 安山岩
chisel:andesite:12, 安山岩
chisel:andesite:13, 安山岩
chisel:andesite:14, 安山岩
chisel:andesite:15, 安山岩
chisel:andesite1:0, 安山岩
chisel:andesite1:1, 安山岩
chisel:andesite1:2, 安山岩
chisel:andesite1:3, 安山岩
chisel:andesite1:4, 安山岩
chisel:andesite1:5, 安山岩
chisel:andesite1:6, 安山岩
chisel:andesite1:7, 安山岩
chisel:andesite1:8, 安山岩
chisel:andesite1:9, 安山岩
chisel:andesite1:10, 安山岩
chisel:andesite1:11, 安山岩
chisel:andesite1:12, 安山岩
chisel:andesite1:13, 安山岩
chisel:andesite1:14, 安山岩
chisel:andesite1:15, 安山岩
chisel:andesite2:0, 安山岩
chisel:antiblock:0, 纯色方块
chisel:antiblock:1, 纯色方块
chisel:antiblock:2, 纯色方块
chisel:antiblock:3, 纯色方块
chisel:antiblock:4, 纯色方块
chisel:antiblock:5, 纯色方块
chisel:antiblock:6, 纯色方块
chisel:antiblock:7, 纯色方块
chisel:antiblock:8, 纯色方块
chisel:antiblock:9, 纯色方块
chisel:antiblock:10, 纯色方块
chisel:antiblock:11, 纯色方块
chisel:antiblock:12, 纯色方块
chisel:antiblock:13, 纯色方块
chisel:antiblock:14, 纯色方块
chisel:antiblock:15, 纯色方块
chisel:basalt:0, 玄武岩
chisel:basalt:1, 玄武岩
chisel:basalt:2, 玄武岩
chisel:basalt:3, 玄武岩
chisel:basalt:4, 玄武岩
chisel:basalt:5, 玄武岩
chisel:basalt:6, 玄武岩
chisel:basalt:7, 玄武岩
chisel:basalt:8, 玄武岩
chisel:basalt:9, 玄武岩
chisel:basalt:10, 玄武岩
chisel:basalt:11, 玄武岩
chisel:basalt:12, 玄武岩
chisel:basalt:13, 玄武岩
chisel:basalt:14, 玄武岩
chisel:basalt:15, 玄武岩
chisel:basalt1:0, 玄武岩
chisel:basalt1:1, 玄武岩
chisel:basalt1:2, 玄武岩
chisel:basalt1:3, 玄武岩
chisel:basalt1:4, 玄武岩
chisel:basalt1:5, 玄武岩
chisel:basalt1:6, 玄武岩
chisel:basalt1:7, 玄武岩
chisel:basalt1:8, 玄武岩
chisel:basalt1:9, 玄武岩
chisel:basalt2:0, 玄武岩
chisel:basalt2:1, 玄武岩
chisel:basalt2:2, 玄武岩
chisel:basalt2:3, 玄武岩
chisel:basalt2:4, 玄武岩
chisel:basalt2:5, 玄武岩
chisel:basalt2:6, 玄武岩
chisel:basalt2:7, 玄武岩
chisel:bookshelf_oak:0, 橡木书架
chisel:bookshelf_oak:1, 橡木书架
chisel:bookshelf_oak:2, 橡木书架
chisel:bookshelf_oak:3, 橡木书架
chisel:bookshelf_oak:4, 橡木书架
chisel:bookshelf_oak:5, 橡木书架
chisel:bookshelf_oak:6, 橡木书架
chisel:bookshelf_oak:7, 橡木书架
chisel:bookshelf_oak:8, 橡木书架
chisel:bookshelf_oak:9, 橡木书架
chisel:bookshelf_spruce:0, 云杉木书架
chisel:bookshelf_spruce:1, 云杉木书架
chisel:bookshelf_spruce:2, 云杉木书架
chisel:bookshelf_spruce:3, 云杉木书架
chisel:bookshelf_spruce:4, 云杉木书架
chisel:bookshelf_spruce:5, 云杉木书架
chisel:bookshelf_spruce:6, 云杉木书架
chisel:bookshelf_spruce:7, 云杉木书架
chisel:bookshelf_spruce:8, 云杉木书架
chisel:bookshelf_spruce:9, 云杉木书架
chisel:bookshelf_birch:0, 白桦木书架
chisel:bookshelf_birch:1, 白桦木书架
chisel:bookshelf_birch:2, 白桦木书架
chisel:bookshelf_birch:3, 白桦木书架
chisel:bookshelf_birch:4, 白桦木书架
chisel:bookshelf_birch:5, 白桦木书架
chisel:bookshelf_birch:6, 白桦木书架
chisel:bookshelf_birch:7, 白桦木书架
chisel:bookshelf_birch:8, 白桦木书架
chisel:bookshelf_birch:9, 白桦木书架
chisel:bookshelf_jungle:0, 丛林木书架
chisel:bookshelf_jungle:1, 丛林木书架
chisel:bookshelf_jungle:2, 丛林木书架
chisel:bookshelf_jungle:3, 丛林木书架
chisel:bookshelf_jungle:4, 丛林木书架
chisel:bookshelf_jungle:5, 丛林木书架
chisel:bookshelf_jungle:6, 丛林木书架
chisel:bookshelf_jungle:7, 丛林木书架
chisel:bookshelf_jungle:8, 丛林木书架
chisel:bookshelf_jungle:9, 丛林木书架
chisel:bookshelf_acacia:0, 金合欢木书架
chisel:bookshelf_acacia:1, 金合欢木书架
chisel:bookshelf_acacia:2, 金合欢木书架
chisel:bookshelf_acacia:3, 金合欢木书架
chisel:bookshelf_acacia:4, 金合欢木书架
chisel:bookshelf_acacia:5, 金合欢木书架
chisel:bookshelf_acacia:6, 金合欢木书架
chisel:bookshelf_acacia:7, 金合欢木书架
chisel:bookshelf_acacia:8, 金合欢木书架
chisel:bookshelf_acacia:9, 金合欢木书架
chisel:bookshelf_darkoak:0, 深色橡木书架
chisel:bookshelf_darkoak:1, 深色橡木书架
chisel:bookshelf_darkoak:2, 深色橡木书架
chisel:bookshelf_darkoak:3, 深色橡木书架
chisel:bookshelf_darkoak:4, 深色橡木书架
chisel:bookshelf_darkoak:5, 深色橡木书架
chisel:bookshelf_darkoak:6, 深色橡木书架
chisel:bookshelf_darkoak:7, 深色橡木书架
chisel:bookshelf_darkoak:8, 深色橡木书架
chisel:bookshelf_darkoak:9, 深色橡木书架
chisel:bricks:0, 砖块
chisel:bricks:1, 砖块
chisel:bricks:2, 砖块
chisel:bricks:3, 砖块
chisel:bricks:4, 砖块
chisel:bricks:5, 砖块
chisel:bricks:6, 砖块
chisel:bricks:7, 砖块
chisel:bricks:8, 砖块
chisel:bricks:9, 砖块
chisel:bricks:10, 砖块
chisel:bricks:11, 砖块
chisel:bricks:12, 砖块
chisel:bricks:13, 砖块
chisel:bricks:14, 砖块
chisel:bricks:15, 砖块
chisel:bricks1:0, 砖块
chisel:bricks1:1, 砖块
chisel:bricks1:2, 砖块
chisel:bricks1:3, 砖块
chisel:bricks1:4, 砖块
chisel:bricks1:5, 砖块
chisel:bricks1:6, 砖块
chisel:bricks1:7, 砖块
chisel:bricks1:8, 砖块
chisel:bricks1:9, 砖块
chisel:bricks2:0, 砖块
chisel:bricks2:1, 砖块
chisel:bricks2:2, 砖块
chisel:bricks2:3, 砖块
chisel:bricks2:4, 砖块
chisel:bricks2:5, 砖块
chisel:blockbronze:0, 青铜块
chisel:blockbronze:1, 青铜块
chisel:blockbronze:2, 青铜块
chisel:blockbronze:3, 青铜块
chisel:blockbronze:4, 青铜块
chisel:blockbronze:5, 青铜块
chisel:blockbronze:6, 青铜块
chisel:brownstone:0, 褐砂石
chisel:brownstone:1, 褐砂石
chisel:brownstone:2, 褐砂石
chisel:brownstone:3, 褐砂石
chisel:brownstone:4, 褐砂石
chisel:brownstone:5, 褐砂石
chisel:brownstone:6, 褐砂石
chisel:brownstone:7, 褐砂石
chisel:brownstone:8, 褐砂石
chisel:brownstone:9, 褐砂石
chisel:certus:0, Block of Certus Quartz
chisel:certus:1, Block of Certus Quartz
chisel:certus:2, Block of Certus Quartz
chisel:certus:3, Block of Certus Quartz
chisel:certus:4, Block of Certus Quartz
chisel:certus:5, Block of Certus Quartz
chisel:certus:6, Block of Certus Quartz
chisel:certus:7, Block of Certus Quartz
chisel:certus:8, Block of Certus Quartz
chisel:certus:9, Block of Certus Quartz
chisel:certus:10, Block of Certus Quartz
chisel:certus:11, Block of Certus Quartz
chisel:certus:12, Block of Certus Quartz
chisel:certus:13, Block of Certus Quartz
chisel:certus:14, Block of Certus Quartz
chisel:certus:15, Block of Certus Quartz
chisel:certus1:0, Block of Certus Quartz
chisel:certus1:1, Block of Certus Quartz
chisel:certus1:2, Block of Certus Quartz
chisel:certus1:3, Block of Certus Quartz
chisel:certus1:4, Block of Certus Quartz
chisel:certus1:5, Block of Certus Quartz
chisel:certus1:6, Block of Certus Quartz
chisel:certus1:7, Block of Certus Quartz
chisel:certus1:8, Block of Certus Quartz
chisel:certus1:9, Block of Certus Quartz
chisel:certus1:10, Block of Certus Quartz
chisel:certus1:11, Block of Certus Quartz
chisel:certus1:12, Block of Certus Quartz
chisel:certus1:13, Block of Certus Quartz
chisel:certus1:14, Block of Certus Quartz
chisel:certus1:15, Block of Certus Quartz
chisel:certus2:0, Block of Certus Quartz
chisel:certus2:1, Block of Certus Quartz
chisel:carpet_black:0, 黑色地毯
chisel:carpet_black:1, 黑色地毯
chisel:carpet_red:0, 红色地毯
chisel:carpet_red:1, 红色地毯
chisel:carpet_green:0, 绿色地毯
chisel:carpet_green:1, 绿色地毯
chisel:carpet_brown:0, 棕色地毯
chisel:carpet_brown:1, 棕色地毯
chisel:carpet_blue:0, 蓝色地毯
chisel:carpet_blue:1, 蓝色地毯
chisel:carpet_purple:0, 紫色地毯
chisel:carpet_purple:1, 紫色地毯
chisel:carpet_cyan:0, 青色地毯
chisel:carpet_cyan:1, 青色地毯
chisel:carpet_lightgray:0, 淡灰色地毯
chisel:carpet_lightgray:1, 淡灰色地毯
chisel:carpet_gray:0, 灰色地毯
chisel:carpet_gray:1, 灰色地毯
chisel:carpet_pink:0, 粉红色地毯
chisel:carpet_pink:1, 粉红色地毯
chisel:carpet_lime:0, 黄绿色地毯
chisel:carpet_lime:1, 黄绿色地毯
chisel:carpet_yellow:0, 黄色地毯
chisel:carpet_yellow:1, 黄色地毯
chisel:carpet_lightblue:0, 淡蓝色地毯
chisel:carpet_lightblue:1, 淡蓝色地毯
chisel:carpet_magenta:0, 品红色地毯
chisel:carpet_magenta:1, 品红色地毯
chisel:carpet_orange:0, 橙色地毯
chisel:carpet_orange:1, 橙色地毯
chisel:carpet_white:0, 羊毛
chisel:carpet_white:1, 羊毛
chisel:block_charcoal:0, 木炭块
chisel:block_charcoal:1, 木炭块
chisel:block_charcoal:2, 木炭块
chisel:block_charcoal:3, 木炭块
chisel:block_charcoal:4, 木炭块
chisel:block_charcoal:5, 木炭块
chisel:block_charcoal:6, 木炭块
chisel:block_charcoal:7, 木炭块
chisel:block_charcoal:8, 木炭块
chisel:block_charcoal:9, 木炭块
chisel:block_charcoal:10, 木炭块
chisel:block_charcoal:11, 木炭块
chisel:block_charcoal:12, 木炭块
chisel:block_charcoal:13, 木炭块
chisel:block_charcoal:14, 木炭块
chisel:block_charcoal:15, 木炭块
chisel:block_charcoal1:0, 木炭块
chisel:block_charcoal1:1, 木炭块
chisel:block_charcoal1:2, 木炭块
chisel:block_charcoal1:3, 木炭块
chisel:block_charcoal1:4, 木炭块
chisel:block_charcoal1:5, 木炭块
chisel:block_charcoal1:6, 木炭块
chisel:block_charcoal1:7, 木炭块
chisel:block_charcoal1:8, 木炭块
chisel:block_charcoal1:9, 木炭块
chisel:block_charcoal1:10, 木炭块
chisel:block_charcoal1:11, 木炭块
chisel:block_charcoal1:12, 木炭块
chisel:block_charcoal1:13, 木炭块
chisel:block_charcoal1:14, 木炭块
chisel:block_charcoal1:15, 木炭块
chisel:block_charcoal2:0, 木炭块
chisel:block_charcoal2:1, 木炭块
chisel:cloud:0, 云朵
chisel:cloud:1, 云朵
chisel:cloud:2, 云朵
chisel:cloud:3, 云朵
chisel:cloud:4, 云朵
chisel:blockcobalt:0, 钴块
chisel:blockcobalt:1, 钴块
chisel:blockcobalt:2, 钴块
chisel:blockcobalt:3, 钴块
chisel:blockcobalt:4, 钴块
chisel:blockcobalt:5, 钴块
chisel:blockcobalt:6, 钴块
chisel:cobblestone:0, 圆石
chisel:cobblestone:1, 圆石
chisel:cobblestone:2, 圆石
chisel:cobblestone:3, 圆石
chisel:cobblestone:4, 圆石
chisel:cobblestone:5, 圆石
chisel:cobblestone:6, 圆石
chisel:cobblestone:7, 圆石
chisel:cobblestone:8, 圆石
chisel:cobblestone:9, 圆石
chisel:cobblestone:10, 圆石
chisel:cobblestone:11, 圆石
chisel:cobblestone:12, 圆石
chisel:cobblestone:13, 圆石
chisel:cobblestone:14, 圆石
chisel:cobblestone:15, 圆石
chisel:cobblestone1:0, 圆石
chisel:cobblestone1:1, 圆石
chisel:cobblestone1:2, 圆石
chisel:cobblestone1:3, 圆石
chisel:cobblestone1:4, 圆石
chisel:cobblestone1:5, 圆石
chisel:cobblestone1:6, 圆石
chisel:cobblestone1:7, 圆石
chisel:cobblestone1:8, 圆石
chisel:cobblestone1:9, 圆石
chisel:cobblestone2:0, 圆石
chisel:cobblestone2:1, 圆石
chisel:cobblestone2:2, 圆石
chisel:cobblestone2:3, 圆石
chisel:cobblestone2:4, 圆石
chisel:cobblestone2:5, 圆石
chisel:cobblestone2:6, 圆石
chisel:cobblestone2:7, 圆石
chisel:cobblestone2:8, 圆石
chisel:cobblestone2:9, 圆石
chisel:block_coal:0, 煤炭块
chisel:block_coal:1, 煤炭块
chisel:block_coal:2, 煤炭块
chisel:block_coal:3, 煤炭块
chisel:block_coal:4, 煤炭块
chisel:block_coal:5, 煤炭块
chisel:block_coal:6, 煤炭块
chisel:block_coal:7, 煤炭块
chisel:block_coal:8, 煤炭块
chisel:block_coal:9, 煤炭块
chisel:block_coal:10, 煤炭块
chisel:block_coal:11, 煤炭块
chisel:block_coal:12, 煤炭块
chisel:block_coal:13, 煤炭块
chisel:block_coal:14, 煤炭块
chisel:block_coal:15, 煤炭块
chisel:block_coal1:0, 煤炭块
chisel:block_coal1:1, 煤炭块
chisel:block_coal1:2, 煤炭块
chisel:block_coal1:3, 煤炭块
chisel:block_coal1:4, 煤炭块
chisel:block_coal1:5, 煤炭块
chisel:block_coal1:6, 煤炭块
chisel:block_coal1:7, 煤炭块
chisel:block_coal1:8, 煤炭块
chisel:block_coal1:9, 煤炭块
chisel:block_coal1:10, 煤炭块
chisel:block_coal1:11, 煤炭块
chisel:block_coal1:12, 煤炭块
chisel:block_coal1:13, 煤炭块
chisel:block_coal1:14, 煤炭块
chisel:block_coal1:15, 煤炭块
chisel:block_coal2:0, 煤炭块
chisel:block_coal2:1, 煤炭块
chisel:block_coal_coke:0, 焦煤块
chisel:block_coal_coke:1, 焦煤块
chisel:block_coal_coke:2, 焦煤块
chisel:block_coal_coke:3, 焦煤块
chisel:block_coal_coke:4, 焦煤块
chisel:block_coal_coke:5, 焦煤块
chisel:block_coal_coke:6, 焦煤块
chisel:block_coal_coke:7, 焦煤块
chisel:block_coal_coke:8, 焦煤块
chisel:block_coal_coke:9, 焦煤块
chisel:block_coal_coke:10, 焦煤块
chisel:block_coal_coke:11, 焦煤块
chisel:block_coal_coke:12, 焦煤块
chisel:block_coal_coke:13, 焦煤块
chisel:block_coal_coke:14, 焦煤块
chisel:block_coal_coke:15, 焦煤块
chisel:block_coal_coke1:0, 焦煤块
chisel:block_coal_coke1:1, 焦煤块
chisel:block_coal_coke1:2, 焦煤块
chisel:block_coal_coke1:3, 焦煤块
chisel:block_coal_coke1:4, 焦煤块
chisel:block_coal_coke1:5, 焦煤块
chisel:block_coal_coke1:6, 焦煤块
chisel:block_coal_coke1:7, 焦煤块
chisel:block_coal_coke1:8, 焦煤块
chisel:block_coal_coke1:9, 焦煤块
chisel:block_coal_coke1:10, 焦煤块
chisel:block_coal_coke1:11, 焦煤块
chisel:block_coal_coke1:12, 焦煤块
chisel:block_coal_coke1:13, 焦煤块
chisel:block_coal_coke1:14, 焦煤块
chisel:block_coal_coke1:15, 焦煤块
chisel:block_coal_coke2:0, 焦煤块
chisel:block_coal_coke2:1, 焦煤块
chisel:cobblestonemossy:0, 苔石
chisel:cobblestonemossy:1, 苔石
chisel:cobblestonemossy:2, 苔石
chisel:cobblestonemossy:3, 苔石
chisel:cobblestonemossy:4, 苔石
chisel:cobblestonemossy:5, 苔石
chisel:cobblestonemossy:6, 苔石
chisel:cobblestonemossy:7, 苔石
chisel:cobblestonemossy:8, 苔石
chisel:cobblestonemossy:9, 苔石
chisel:cobblestonemossy:10, 苔石
chisel:cobblestonemossy:11, 苔石
chisel:cobblestonemossy:12, 苔石
chisel:cobblestonemossy:13, 苔石
chisel:cobblestonemossy:14, 苔石
chisel:cobblestonemossy:15, 苔石
chisel:cobblestonemossy1:0, 苔石
chisel:cobblestonemossy1:1, 苔石
chisel:cobblestonemossy1:2, 苔石
chisel:cobblestonemossy1:3, 苔石
chisel:cobblestonemossy1:4, 苔石
chisel:cobblestonemossy1:5, 苔石
chisel:cobblestonemossy1:6, 苔石
chisel:cobblestonemossy1:7, 苔石
chisel:cobblestonemossy1:8, 苔石
chisel:cobblestonemossy1:9, 苔石
chisel:cobblestonemossy1:10, 苔石
chisel:cobblestonemossy1:11, 苔石
chisel:cobblestonemossy1:12, 苔石
chisel:cobblestonemossy1:13, 苔石
chisel:cobblestonemossy1:14, 苔石
chisel:cobblestonemossy1:15, 苔石
chisel:cobblestonemossy2:0, 苔石
chisel:concrete_black:0, 黑色混凝土
chisel:concrete_black:1, 黑色混凝土
chisel:concrete_black:2, 黑色混凝土
chisel:concrete_black:3, 黑色混凝土
chisel:concrete_black:4, 黑色混凝土
chisel:concrete_black:5, 黑色混凝土
chisel:concrete_black:6, 黑色混凝土
chisel:concrete_black:7, 黑色混凝土
chisel:concrete_black:8, 黑色混凝土
chisel:concrete_black:9, 黑色混凝土
chisel:concrete_black:10, 黑色混凝土
chisel:concrete_black:11, 黑色混凝土
chisel:concrete_black:12, 黑色混凝土
chisel:concrete_black:13, 黑色混凝土
chisel:concrete_black:14, 黑色混凝土
chisel:concrete_black:15, 黑色混凝土
chisel:concrete_black1:0, 黑色混凝土
chisel:concrete_black1:1, 黑色混凝土
chisel:concrete_black1:2, 黑色混凝土
chisel:concrete_black1:3, 黑色混凝土
chisel:concrete_black1:4, 黑色混凝土
chisel:concrete_black1:5, 黑色混凝土
chisel:concrete_black1:6, 黑色混凝土
chisel:concrete_black1:7, 黑色混凝土
chisel:concrete_black1:8, 黑色混凝土
chisel:concrete_black1:9, 黑色混凝土
chisel:concrete_black1:10, 黑色混凝土
chisel:concrete_black1:11, 黑色混凝土
chisel:concrete_black1:12, 黑色混凝土
chisel:concrete_black1:13, 黑色混凝土
chisel:concrete_black1:14, 黑色混凝土
chisel:concrete_black1:15, 黑色混凝土
chisel:concrete_black2:0, 黑色混凝土
chisel:concrete_red:0, 红色混凝土
chisel:concrete_red:1, 红色混凝土
chisel:concrete_red:2, 红色混凝土
chisel:concrete_red:3, 红色混凝土
chisel:concrete_red:4, 红色混凝土
chisel:concrete_red:5, 红色混凝土
chisel:concrete_red:6, 红色混凝土
chisel:concrete_red:7, 红色混凝土
chisel:concrete_red:8, 红色混凝土
chisel:concrete_red:9, 红色混凝土
chisel:concrete_red:10, 红色混凝土
chisel:concrete_red:11, 红色混凝土
chisel:concrete_red:12, 红色混凝土
chisel:concrete_red:13, 红色混凝土
chisel:concrete_red:14, 红色混凝土
chisel:concrete_red:15, 红色混凝土
chisel:concrete_red1:0, 红色混凝土
chisel:concrete_red1:1, 红色混凝土
chisel:concrete_red1:2, 红色混凝土
chisel:concrete_red1:3, 红色混凝土
chisel:concrete_red1:4, 红色混凝土
chisel:concrete_red1:5, 红色混凝土
chisel:concrete_red1:6, 红色混凝土
chisel:concrete_red1:7, 红色混凝土
chisel:concrete_red1:8, 红色混凝土
chisel:concrete_red1:9, 红色混凝土
chisel:concrete_red1:10, 红色混凝土
chisel:concrete_red1:11, 红色混凝土
chisel:concrete_red1:12, 红色混凝土
chisel:concrete_red1:13, 红色混凝土
chisel:concrete_red1:14, 红色混凝土
chisel:concrete_red1:15, 红色混凝土
chisel:concrete_red2:0, 红色混凝土
chisel:concrete_green:0, 绿色混凝土
chisel:concrete_green:1, 绿色混凝土
chisel:concrete_green:2, 绿色混凝土
chisel:concrete_green:3, 绿色混凝土
chisel:concrete_green:4, 绿色混凝土
chisel:concrete_green:5, 绿色混凝土
chisel:concrete_green:6, 绿色混凝土
chisel:concrete_green:7, 绿色混凝土
chisel:concrete_green:8, 绿色混凝土
chisel:concrete_green:9, 绿色混凝土
chisel:concrete_green:10, 绿色混凝土
chisel:concrete_green:11, 绿色混凝土
chisel:concrete_green:12, 绿色混凝土
chisel:concrete_green:13, 绿色混凝土
chisel:concrete_green:14, 绿色混凝土
chisel:concrete_green:15, 绿色混凝土
chisel:concrete_green1:0, 绿色混凝土
chisel:concrete_green1:1, 绿色混凝土
chisel:concrete_green1:2, 绿色混凝土
chisel:concrete_green1:3, 绿色混凝土
chisel:concrete_green1:4, 绿色混凝土
chisel:concrete_green1:5, 绿色混凝土
chisel:concrete_green1:6, 绿色混凝土
chisel:concrete_green1:7, 绿色混凝土
chisel:concrete_green1:8, 绿色混凝土
chisel:concrete_green1:9, 绿色混凝土
chisel:concrete_green1:10, 绿色混凝土
chisel:concrete_green1:11, 绿色混凝土
chisel:concrete_green1:12, 绿色混凝土
chisel:concrete_green1:13, 绿色混凝土
chisel:concrete_green1:14, 绿色混凝土
chisel:concrete_green1:15, 绿色混凝土
chisel:concrete_green2:0, 绿色混凝土
chisel:concrete_brown:0, 棕色混凝土
chisel:concrete_brown:1, 棕色混凝土
chisel:concrete_brown:2, 棕色混凝土
chisel:concrete_brown:3, 棕色混凝土
chisel:concrete_brown:4, 棕色混凝土
chisel:concrete_brown:5, 棕色混凝土
chisel:concrete_brown:6, 棕色混凝土
chisel:concrete_brown:7, 棕色混凝土
chisel:concrete_brown:8, 棕色混凝土
chisel:concrete_brown:9, 棕色混凝土
chisel:concrete_brown:10, 棕色混凝土
chisel:concrete_brown:11, 棕色混凝土
chisel:concrete_brown:12, 棕色混凝土
chisel:concrete_brown:13, 棕色混凝土
chisel:concrete_brown:14, 棕色混凝土
chisel:concrete_brown:15, 棕色混凝土
chisel:concrete_brown1:0, 棕色混凝土
chisel:concrete_brown1:1, 棕色混凝土
chisel:concrete_brown1:2, 棕色混凝土
chisel:concrete_brown1:3, 棕色混凝土
chisel:concrete_brown1:4, 棕色混凝土
chisel:concrete_brown1:5, 棕色混凝土
chisel:concrete_brown1:6, 棕色混凝土
chisel:concrete_brown1:7, 棕色混凝土
chisel:concrete_brown1:8, 棕色混凝土
chisel:concrete_brown1:9, 棕色混凝土
chisel:concrete_brown1:10, 棕色混凝土
chisel:concrete_brown1:11, 棕色混凝土
chisel:concrete_brown1:12, 棕色混凝土
chisel:concrete_brown1:13, 棕色混凝土
chisel:concrete_brown1:14, 棕色混凝土
chisel:concrete_brown1:15, 棕色混凝土
chisel:concrete_brown2:0, 棕色混凝土
chisel:concrete_blue:0, 蓝色混凝土
chisel:concrete_blue:1, 蓝色混凝土
chisel:concrete_blue:2, 蓝色混凝土
chisel:concrete_blue:3, 蓝色混凝土
chisel:concrete_blue:4, 蓝色混凝土
chisel:concrete_blue:5, 蓝色混凝土
chisel:concrete_blue:6, 蓝色混凝土
chisel:concrete_blue:7, 蓝色混凝土
chisel:concrete_blue:8, 蓝色混凝土
chisel:concrete_blue:9, 蓝色混凝土
chisel:concrete_blue:10, 蓝色混凝土
chisel:concrete_blue:11, 蓝色混凝土
chisel:concrete_blue:12, 蓝色混凝土
chisel:concrete_blue:13, 蓝色混凝土
chisel:concrete_blue:14, 蓝色混凝土
chisel:concrete_blue:15, 蓝色混凝土
chisel:concrete_blue1:0, 蓝色混凝土
chisel:concrete_blue1:1, 蓝色混凝土
chisel:concrete_blue1:2, 蓝色混凝土
chisel:concrete_blue1:3, 蓝色混凝土
chisel:concrete_blue1:4, 蓝色混凝土
chisel:concrete_blue1:5, 蓝色混凝土
chisel:concrete_blue1:6, 蓝色混凝土
chisel:concrete_blue1:7, 蓝色混凝土
chisel:concrete_blue1:8, 蓝色混凝土
chisel:concrete_blue1:9, 蓝色混凝土
chisel:concrete_blue1:10, 蓝色混凝土
chisel:concrete_blue1:11, 蓝色混凝土
chisel:concrete_blue1:12, 蓝色混凝土
chisel:concrete_blue1:13, 蓝色混凝土
chisel:concrete_blue1:14, 蓝色混凝土
chisel:concrete_blue1:15, 蓝色混凝土
chisel:concrete_blue2:0, 蓝色混凝土
chisel:concrete_purple:0, 紫色混凝土
chisel:concrete_purple:1, 紫色混凝土
chisel:concrete_purple:2, 紫色混凝土
chisel:concrete_purple:3, 紫色混凝土
chisel:concrete_purple:4, 紫色混凝土
chisel:concrete_purple:5, 紫色混凝土
chisel:concrete_purple:6, 紫色混凝土
chisel:concrete_purple:7, 紫色混凝土
chisel:concrete_purple:8, 紫色混凝土
chisel:concrete_purple:9, 紫色混凝土
chisel:concrete_purple:10, 紫色混凝土
chisel:concrete_purple:11, 紫色混凝土
chisel:concrete_purple:12, 紫色混凝土
chisel:concrete_purple:13, 紫色混凝土
chisel:concrete_purple:14, 紫色混凝土
chisel:concrete_purple:15, 紫色混凝土
chisel:concrete_purple1:0, 紫色混凝土
chisel:concrete_purple1:1, 紫色混凝土
chisel:concrete_purple1:2, 紫色混凝土
chisel:concrete_purple1:3, 紫色混凝土
chisel:concrete_purple1:4, 紫色混凝土
chisel:concrete_purple1:5, 紫色混凝土
chisel:concrete_purple1:6, 紫色混凝土
chisel:concrete_purple1:7, 紫色混凝土
chisel:concrete_purple1:8, 紫色混凝土
chisel:concrete_purple1:9, 紫色混凝土
chisel:concrete_purple1:10, 紫色混凝土
chisel:concrete_purple1:11, 紫色混凝土
chisel:concrete_purple1:12, 紫色混凝土
chisel:concrete_purple1:13, 紫色混凝土
chisel:concrete_purple1:14, 紫色混凝土
chisel:concrete_purple1:15, 紫色混凝土
chisel:concrete_purple2:0, 紫色混凝土
chisel:concrete_cyan:0, 青色混凝土
chisel:concrete_cyan:1, 青色混凝土
chisel:concrete_cyan:2, 青色混凝土
chisel:concrete_cyan:3, 青色混凝土
chisel:concrete_cyan:4, 青色混凝土
chisel:concrete_cyan:5, 青色混凝土
chisel:concrete_cyan:6, 青色混凝土
chisel:concrete_cyan:7, 青色混凝土
chisel:concrete_cyan:8, 青色混凝土
chisel:concrete_cyan:9, 青色混凝土
chisel:concrete_cyan:10, 青色混凝土
chisel:concrete_cyan:11, 青色混凝土
chisel:concrete_cyan:12, 青色混凝土
chisel:concrete_cyan:13, 青色混凝土
chisel:concrete_cyan:14, 青色混凝土
chisel:concrete_cyan:15, 青色混凝土
chisel:concrete_cyan1:0, 青色混凝土
chisel:concrete_cyan1:1, 青色混凝土
chisel:concrete_cyan1:2, 青色混凝土
chisel:concrete_cyan1:3, 青色混凝土
chisel:concrete_cyan1:4, 青色混凝土
chisel:concrete_cyan1:5, 青色混凝土
chisel:concrete_cyan1:6, 青色混凝土
chisel:concrete_cyan1:7, 青色混凝土
chisel:concrete_cyan1:8, 青色混凝土
chisel:concrete_cyan1:9, 青色混凝土
chisel:concrete_cyan1:10, 青色混凝土
chisel:concrete_cyan1:11, 青色混凝土
chisel:concrete_cyan1:12, 青色混凝土
chisel:concrete_cyan1:13, 青色混凝土
chisel:concrete_cyan1:14, 青色混凝土
chisel:concrete_cyan1:15, 青色混凝土
chisel:concrete_cyan2:0, 青色混凝土
chisel:concrete_lightgray:0, 淡灰色混凝土
chisel:concrete_lightgray:1, 淡灰色混凝土
chisel:concrete_lightgray:2, 淡灰色混凝土
chisel:concrete_lightgray:3, 淡灰色混凝土
chisel:concrete_lightgray:4, 淡灰色混凝土
chisel:concrete_lightgray:5, 淡灰色混凝土
chisel:concrete_lightgray:6, 淡灰色混凝土
chisel:concrete_lightgray:7, 淡灰色混凝土
chisel:concrete_lightgray:8, 淡灰色混凝土
chisel:concrete_lightgray:9, 淡灰色混凝土
chisel:concrete_lightgray:10, 淡灰色混凝土
chisel:concrete_lightgray:11, 淡灰色混凝土
chisel:concrete_lightgray:12, 淡灰色混凝土
chisel:concrete_lightgray:13, 淡灰色混凝土
chisel:concrete_lightgray:14, 淡灰色混凝土
chisel:concrete_lightgray:15, 淡灰色混凝土
chisel:concrete_lightgray1:0, 淡灰色混凝土
chisel:concrete_lightgray1:1, 淡灰色混凝土
chisel:concrete_lightgray1:2, 淡灰色混凝土
chisel:concrete_lightgray1:3, 淡灰色混凝土
chisel:concrete_lightgray1:4, 淡灰色混凝土
chisel:concrete_lightgray1:5, 淡灰色混凝土
chisel:concrete_lightgray1:6, 淡灰色混凝土
chisel:concrete_lightgray1:7, 淡灰色混凝土
chisel:concrete_lightgray1:8, 淡灰色混凝土
chisel:concrete_lightgray1:9, 淡灰色混凝土
chisel:concrete_lightgray1:10, 淡灰色混凝土
chisel:concrete_lightgray1:11, 淡灰色混凝土
chisel:concrete_lightgray1:12, 淡灰色混凝土
chisel:concrete_lightgray1:13, 淡灰色混凝土
chisel:concrete_lightgray1:14, 淡灰色混凝土
chisel:concrete_lightgray1:15, 淡灰色混凝土
chisel:concrete_lightgray2:0, 淡灰色混凝土
chisel:concrete_gray:0, 灰色混凝土
chisel:concrete_gray:1, 灰色混凝土
chisel:concrete_gray:2, 灰色混凝土
chisel:concrete_gray:3, 灰色混凝土
chisel:concrete_gray:4, 灰色混凝土
chisel:concrete_gray:5, 灰色混凝土
chisel:concrete_gray:6, 灰色混凝土
chisel:concrete_gray:7, 灰色混凝土
chisel:concrete_gray:8, 灰色混凝土
chisel:concrete_gray:9, 灰色混凝土
chisel:concrete_gray:10, 灰色混凝土
chisel:concrete_gray:11, 灰色混凝土
chisel:concrete_gray:12, 灰色混凝土
chisel:concrete_gray:13, 灰色混凝土
chisel:concrete_gray:14, 灰色混凝土
chisel:concrete_gray:15, 灰色混凝土
chisel:concrete_gray1:0, 灰色混凝土
chisel:concrete_gray1:1, 灰色混凝土
chisel:concrete_gray1:2, 灰色混凝土
chisel:concrete_gray1:3, 灰色混凝土
chisel:concrete_gray1:4, 灰色混凝土
chisel:concrete_gray1:5, 灰色混凝土
chisel:concrete_gray1:6, 灰色混凝土
chisel:concrete_gray1:7, 灰色混凝土
chisel:concrete_gray1:8, 灰色混凝土
chisel:concrete_gray1:9, 灰色混凝土
chisel:concrete_gray1:10, 灰色混凝土
chisel:concrete_gray1:11, 灰色混凝土
chisel:concrete_gray1:12, 灰色混凝土
chisel:concrete_gray1:13, 灰色混凝土
chisel:concrete_gray1:14, 灰色混凝土
chisel:concrete_gray1:15, 灰色混凝土
chisel:concrete_gray2:0, 灰色混凝土
chisel:concrete_pink:0, 粉红色混凝土
chisel:concrete_pink:1, 粉红色混凝土
chisel:concrete_pink:2, 粉红色混凝土
chisel:concrete_pink:3, 粉红色混凝土
chisel:concrete_pink:4, 粉红色混凝土
chisel:concrete_pink:5, 粉红色混凝土
chisel:concrete_pink:6, 粉红色混凝土
chisel:concrete_pink:7, 粉红色混凝土
chisel:concrete_pink:8, 粉红色混凝土
chisel:concrete_pink:9, 粉红色混凝土
chisel:concrete_pink:10, 粉红色混凝土
chisel:concrete_pink:11, 粉红色混凝土
chisel:concrete_pink:12, 粉红色混凝土
chisel:concrete_pink:13, 粉红色混凝土
chisel:concrete_pink:14, 粉红色混凝土
chisel:concrete_pink:15, 粉红色混凝土
chisel:concrete_pink1:0, 粉红色混凝土
chisel:concrete_pink1:1, 粉红色混凝土
chisel:concrete_pink1:2, 粉红色混凝土
chisel:concrete_pink1:3, 粉红色混凝土
chisel:concrete_pink1:4, 粉红色混凝土
chisel:concrete_pink1:5, 粉红色混凝土
chisel:concrete_pink1:6, 粉红色混凝土
chisel:concrete_pink1:7, 粉红色混凝土
chisel:concrete_pink1:8, 粉红色混凝土
chisel:concrete_pink1:9, 粉红色混凝土
chisel:concrete_pink1:10, 粉红色混凝土
chisel:concrete_pink1:11, 粉红色混凝土
chisel:concrete_pink1:12, 粉红色混凝土
chisel:concrete_pink1:13, 粉红色混凝土
chisel:concrete_pink1:14, 粉红色混凝土
chisel:concrete_pink1:15, 粉红色混凝土
chisel:concrete_pink2:0, 粉红色混凝土
chisel:concrete_lime:0, 黄绿色混凝土
chisel:concrete_lime:1, 黄绿色混凝土
chisel:concrete_lime:2, 黄绿色混凝土
chisel:concrete_lime:3, 黄绿色混凝土
chisel:concrete_lime:4, 黄绿色混凝土
chisel:concrete_lime:5, 黄绿色混凝土
chisel:concrete_lime:6, 黄绿色混凝土
chisel:concrete_lime:7, 黄绿色混凝土
chisel:concrete_lime:8, 黄绿色混凝土
chisel:concrete_lime:9, 黄绿色混凝土
chisel:concrete_lime:10, 黄绿色混凝土
chisel:concrete_lime:11, 黄绿色混凝土
chisel:concrete_lime:12, 黄绿色混凝土
chisel:concrete_lime:13, 黄绿色混凝土
chisel:concrete_lime:14, 黄绿色混凝土
chisel:concrete_lime:15, 黄绿色混凝土
chisel:concrete_lime1:0, 黄绿色混凝土
chisel:concrete_lime1:1, 黄绿色混凝土
chisel:concrete_lime1:2, 黄绿色混凝土
chisel:concrete_lime1:3, 黄绿色混凝土
chisel:concrete_lime1:4, 黄绿色混凝土
chisel:concrete_lime1:5, 黄绿色混凝土
chisel:concrete_lime1:6, 黄绿色混凝土
chisel:concrete_lime1:7, 黄绿色混凝土
chisel:concrete_lime1:8, 黄绿色混凝土
chisel:concrete_lime1:9, 黄绿色混凝土
chisel:concrete_lime1:10, 黄绿色混凝土
chisel:concrete_lime1:11, 黄绿色混凝土
chisel:concrete_lime1:12, 黄绿色混凝土
chisel:concrete_lime1:13, 黄绿色混凝土
chisel:concrete_lime1:14, 黄绿色混凝土
chisel:concrete_lime1:15, 黄绿色混凝土
chisel:concrete_lime2:0, 黄绿色混凝土
chisel:concrete_yellow:0, 黄色混凝土
chisel:concrete_yellow:1, 黄色混凝土
chisel:concrete_yellow:2, 黄色混凝土
chisel:concrete_yellow:3, 黄色混凝土
chisel:concrete_yellow:4, 黄色混凝土
chisel:concrete_yellow:5, 黄色混凝土
chisel:concrete_yellow:6, 黄色混凝土
chisel:concrete_yellow:7, 黄色混凝土
chisel:concrete_yellow:8, 黄色混凝土
chisel:concrete_yellow:9, 黄色混凝土
chisel:concrete_yellow:10, 黄色混凝土
chisel:concrete_yellow:11, 黄色混凝土
chisel:concrete_yellow:12, 黄色混凝土
chisel:concrete_yellow:13, 黄色混凝土
chisel:concrete_yellow:14, 黄色混凝土
chisel:concrete_yellow:15, 黄色混凝土
chisel:concrete_yellow1:0, 黄色混凝土
chisel:concrete_yellow1:1, 黄色混凝土
chisel:concrete_yellow1:2, 黄色混凝土
chisel:concrete_yellow1:3, 黄色混凝土
chisel:concrete_yellow1:4, 黄色混凝土
chisel:concrete_yellow1:5, 黄色混凝土
chisel:concrete_yellow1:6, 黄色混凝土
chisel:concrete_yellow1:7, 黄色混凝土
chisel:concrete_yellow1:8, 黄色混凝土
chisel:concrete_yellow1:9, 黄色混凝土
chisel:concrete_yellow1:10, 黄色混凝土
chisel:concrete_yellow1:11, 黄色混凝土
chisel:concrete_yellow1:12, 黄色混凝土
chisel:concrete_yellow1:13, 黄色混凝土
chisel:concrete_yellow1:14, 黄色混凝土
chisel:concrete_yellow1:15, 黄色混凝土
chisel:concrete_yellow2:0, 黄色混凝土
chisel:concrete_lightblue:0, 淡蓝色混凝土
chisel:concrete_lightblue:1, 淡蓝色混凝土
chisel:concrete_lightblue:2, 淡蓝色混凝土
chisel:concrete_lightblue:3, 淡蓝色混凝土
chisel:concrete_lightblue:4, 淡蓝色混凝土
chisel:concrete_lightblue:5, 淡蓝色混凝土
chisel:concrete_lightblue:6, 淡蓝色混凝土
chisel:concrete_lightblue:7, 淡蓝色混凝土
chisel:concrete_lightblue:8, 淡蓝色混凝土
chisel:concrete_lightblue:9, 淡蓝色混凝土
chisel:concrete_lightblue:10, 淡蓝色混凝土
chisel:concrete_lightblue:11, 淡蓝色混凝土
chisel:concrete_lightblue:12, 淡蓝色混凝土
chisel:concrete_lightblue:13, 淡蓝色混凝土
chisel:concrete_lightblue:14, 淡蓝色混凝土
chisel:concrete_lightblue:15, 淡蓝色混凝土
chisel:concrete_lightblue1:0, 淡蓝色混凝土
chisel:concrete_lightblue1:1, 淡蓝色混凝土
chisel:concrete_lightblue1:2, 淡蓝色混凝土
chisel:concrete_lightblue1:3, 淡蓝色混凝土
chisel:concrete_lightblue1:4, 淡蓝色混凝土
chisel:concrete_lightblue1:5, 淡蓝色混凝土
chisel:concrete_lightblue1:6, 淡蓝色混凝土
chisel:concrete_lightblue1:7, 淡蓝色混凝土
chisel:concrete_lightblue1:8, 淡蓝色混凝土
chisel:concrete_lightblue1:9, 淡蓝色混凝土
chisel:concrete_lightblue1:10, 淡蓝色混凝土
chisel:concrete_lightblue1:11, 淡蓝色混凝土
chisel:concrete_lightblue1:12, 淡蓝色混凝土
chisel:concrete_lightblue1:13, 淡蓝色混凝土
chisel:concrete_lightblue1:14, 淡蓝色混凝土
chisel:concrete_lightblue1:15, 淡蓝色混凝土
chisel:concrete_lightblue2:0, 淡蓝色混凝土
chisel:concrete_magenta:0, 品红色混凝土
chisel:concrete_magenta:1, 品红色混凝土
chisel:concrete_magenta:2, 品红色混凝土
chisel:concrete_magenta:3, 品红色混凝土
chisel:concrete_magenta:4, 品红色混凝土
chisel:concrete_magenta:5, 品红色混凝土
chisel:concrete_magenta:6, 品红色混凝土
chisel:concrete_magenta:7, 品红色混凝土
chisel:concrete_magenta:8, 品红色混凝土
chisel:concrete_magenta:9, 品红色混凝土
chisel:concrete_magenta:10, 品红色混凝土
chisel:concrete_magenta:11, 品红色混凝土
chisel:concrete_magenta:12, 品红色混凝土
chisel:concrete_magenta:13, 品红色混凝土
chisel:concrete_magenta:14, 品红色混凝土
chisel:concrete_magenta:15, 品红色混凝土
chisel:concrete_magenta1:0, 品红色混凝土
chisel:concrete_magenta1:1, 品红色混凝土
chisel:concrete_magenta1:2, 品红色混凝土
chisel:concrete_magenta1:3, 品红色混凝土
chisel:concrete_magenta1:4, 品红色混凝土
chisel:concrete_magenta1:5, 品红色混凝土
chisel:concrete_magenta1:6, 品红色混凝土
chisel:concrete_magenta1:7, 品红色混凝土
chisel:concrete_magenta1:8, 品红色混凝土
chisel:concrete_magenta1:9, 品红色混凝土
chisel:concrete_magenta1:10, 品红色混凝土
chisel:concrete_magenta1:11, 品红色混凝土
chisel:concrete_magenta1:12, 品红色混凝土
chisel:concrete_magenta1:13, 品红色混凝土
chisel:concrete_magenta1:14, 品红色混凝土
chisel:concrete_magenta1:15, 品红色混凝土
chisel:concrete_magenta2:0, 品红色混凝土
chisel:concrete_orange:0, 橙色混凝土
chisel:concrete_orange:1, 橙色混凝土
chisel:concrete_orange:2, 橙色混凝土
chisel:concrete_orange:3, 橙色混凝土
chisel:concrete_orange:4, 橙色混凝土
chisel:concrete_orange:5, 橙色混凝土
chisel:concrete_orange:6, 橙色混凝土
chisel:concrete_orange:7, 橙色混凝土
chisel:concrete_orange:8, 橙色混凝土
chisel:concrete_orange:9, 橙色混凝土
chisel:concrete_orange:10, 橙色混凝土
chisel:concrete_orange:11, 橙色混凝土
chisel:concrete_orange:12, 橙色混凝土
chisel:concrete_orange:13, 橙色混凝土
chisel:concrete_orange:14, 橙色混凝土
chisel:concrete_orange:15, 橙色混凝土
chisel:concrete_orange1:0, 橙色混凝土
chisel:concrete_orange1:1, 橙色混凝土
chisel:concrete_orange1:2, 橙色混凝土
chisel:concrete_orange1:3, 橙色混凝土
chisel:concrete_orange1:4, 橙色混凝土
chisel:concrete_orange1:5, 橙色混凝土
chisel:concrete_orange1:6, 橙色混凝土
chisel:concrete_orange1:7, 橙色混凝土
chisel:concrete_orange1:8, 橙色混凝土
chisel:concrete_orange1:9, 橙色混凝土
chisel:concrete_orange1:10, 橙色混凝土
chisel:concrete_orange1:11, 橙色混凝土
chisel:concrete_orange1:12, 橙色混凝土
chisel:concrete_orange1:13, 橙色混凝土
chisel:concrete_orange1:14, 橙色混凝土
chisel:concrete_orange1:15, 橙色混凝土
chisel:concrete_orange2:0, 橙色混凝土
chisel:concrete_white:0, 白色混凝土
chisel:concrete_white:1, 白色混凝土
chisel:concrete_white:2, 白色混凝土
chisel:concrete_white:3, 白色混凝土
chisel:concrete_white:4, 白色混凝土
chisel:concrete_white:5, 白色混凝土
chisel:concrete_white:6, 白色混凝土
chisel:concrete_white:7, 白色混凝土
chisel:concrete_white:8, 白色混凝土
chisel:concrete_white:9, 白色混凝土
chisel:concrete_white:10, 白色混凝土
chisel:concrete_white:11, 白色混凝土
chisel:concrete_white:12, 白色混凝土
chisel:concrete_white:13, 白色混凝土
chisel:concrete_white:14, 白色混凝土
chisel:concrete_white:15, 白色混凝土
chisel:concrete_white1:0, 白色混凝土
chisel:concrete_white1:1, 白色混凝土
chisel:concrete_white1:2, 白色混凝土
chisel:concrete_white1:3, 白色混凝土
chisel:concrete_white1:4, 白色混凝土
chisel:concrete_white1:5, 白色混凝土
chisel:concrete_white1:6, 白色混凝土
chisel:concrete_white1:7, 白色混凝土
chisel:concrete_white1:8, 白色混凝土
chisel:concrete_white1:9, 白色混凝土
chisel:concrete_white1:10, 白色混凝土
chisel:concrete_white1:11, 白色混凝土
chisel:concrete_white1:12, 白色混凝土
chisel:concrete_white1:13, 白色混凝土
chisel:concrete_white1:14, 白色混凝土
chisel:concrete_white1:15, 白色混凝土
chisel:concrete_white2:0, 白色混凝土
chisel:blockcopper:0, 铜块
chisel:blockcopper:1, 铜块
chisel:blockcopper:2, 铜块
chisel:blockcopper:3, 铜块
chisel:blockcopper:4, 铜块
chisel:blockcopper:5, 铜块
chisel:blockcopper:6, 铜块
chisel:diamond:0, 钻石块
chisel:diamond:1, 钻石块
chisel:diamond:2, 钻石块
chisel:diamond:3, 钻石块
chisel:diamond:4, 钻石块
chisel:diamond:5, 钻石块
chisel:diamond:6, 钻石块
chisel:diamond:7, 钻石块
chisel:diamond:8, 钻石块
chisel:diamond:9, 钻石块
chisel:diamond:10, 钻石块
chisel:diamond:11, 钻石块
chisel:diorite:0, 闪长岩
chisel:diorite:1, 闪长岩
chisel:diorite:2, 闪长岩
chisel:diorite:3, 闪长岩
chisel:diorite:4, 闪长岩
chisel:diorite:5, 闪长岩
chisel:diorite:6, 闪长岩
chisel:diorite:7, 闪长岩
chisel:diorite:8, 闪长岩
chisel:diorite:9, 闪长岩
chisel:diorite:10, 闪长岩
chisel:diorite:11, 闪长岩
chisel:diorite:12, 闪长岩
chisel:diorite:13, 闪长岩
chisel:diorite:14, 闪长岩
chisel:diorite:15, 闪长岩
chisel:diorite1:0, 闪长岩
chisel:diorite1:1, 闪长岩
chisel:diorite1:2, 闪长岩
chisel:diorite1:3, 闪长岩
chisel:diorite1:4, 闪长岩
chisel:diorite1:5, 闪长岩
chisel:diorite1:6, 闪长岩
chisel:diorite1:7, 闪长岩
chisel:diorite1:8, 闪长岩
chisel:diorite1:9, 闪长岩
chisel:diorite1:10, 闪长岩
chisel:diorite1:11, 闪长岩
chisel:diorite1:12, 闪长岩
chisel:diorite1:13, 闪长岩
chisel:diorite1:14, 闪长岩
chisel:diorite1:15, 闪长岩
chisel:diorite2:0, 闪长岩
chisel:dirt:0, 泥土
chisel:dirt:1, 泥土
chisel:dirt:2, 泥土
chisel:dirt:3, 泥土
chisel:dirt:4, 泥土
chisel:dirt:5, 泥土
chisel:dirt:6, 泥土
chisel:dirt:7, 泥土
chisel:dirt:8, 泥土
chisel:dirt:9, 泥土
chisel:dirt:10, 泥土
chisel:dirt:11, 泥土
chisel:dirt:12, 泥土
chisel:dirt:13, 泥土
chisel:dirt:14, 泥土
chisel:dirt:15, 泥土
chisel:blockelectrum:0, 琥珀金块
chisel:blockelectrum:1, 琥珀金块
chisel:blockelectrum:2, 琥珀金块
chisel:blockelectrum:3, 琥珀金块
chisel:blockelectrum:4, 琥珀金块
chisel:blockelectrum:5, 琥珀金块
chisel:blockelectrum:6, 琥珀金块
chisel:emerald:0, 绿宝石块
chisel:emerald:1, 绿宝石块
chisel:emerald:2, 绿宝石块
chisel:emerald:3, 绿宝石块
chisel:emerald:4, 绿宝石块
chisel:emerald:5, 绿宝石块
chisel:emerald:6, 绿宝石块
chisel:emerald:7, 绿宝石块
chisel:emerald:8, 绿宝石块
chisel:emerald:9, 绿宝石块
chisel:emerald:10, 绿宝石块
chisel:emerald:11, 绿宝石块
chisel:emerald:12, 绿宝石块
chisel:emerald:13, 绿宝石块
chisel:purpur:0, 紫珀块
chisel:purpur:1, 紫珀块
chisel:purpur:2, 紫珀块
chisel:purpur:3, 紫珀块
chisel:purpur:4, 紫珀块
chisel:purpur:5, 紫珀块
chisel:purpur:6, 紫珀块
chisel:purpur:7, 紫珀块
chisel:purpur:8, 紫珀块
chisel:purpur:9, 紫珀块
chisel:purpur:10, 紫珀块
chisel:purpur:11, 紫珀块
chisel:purpur:12, 紫珀块
chisel:purpur:13, 紫珀块
chisel:purpur:14, 紫珀块
chisel:purpur:15, 紫珀块
chisel:purpur1:0, 紫珀块
chisel:purpur1:1, 紫珀块
chisel:purpur1:2, 紫珀块
chisel:purpur1:3, 紫珀块
chisel:purpur1:4, 紫珀块
chisel:purpur1:5, 紫珀块
chisel:purpur1:6, 紫珀块
chisel:purpur1:7, 紫珀块
chisel:purpur1:8, 紫珀块
chisel:purpur1:9, 紫珀块
chisel:purpur2:0, 紫珀块
chisel:purpur2:1, 紫珀块
chisel:purpur2:2, 紫珀块
chisel:purpur2:3, 紫珀块
chisel:purpur2:4, 紫珀块
chisel:endstone:0, 末地石
chisel:endstone:1, 末地石
chisel:endstone:2, 末地石
chisel:endstone:3, 末地石
chisel:endstone:4, 末地石
chisel:endstone:5, 末地石
chisel:endstone:6, 末地石
chisel:endstone:7, 末地石
chisel:endstone:8, 末地石
chisel:endstone:9, 末地石
chisel:endstone:10, 末地石
chisel:endstone:11, 末地石
chisel:endstone:12, 末地石
chisel:endstone:13, 末地石
chisel:endstone:14, 末地石
chisel:endstone:15, 末地石
chisel:endstone1:0, 末地石
chisel:endstone1:1, 末地石
chisel:endstone1:2, 末地石
chisel:endstone1:3, 末地石
chisel:endstone1:4, 末地石
chisel:endstone1:5, 末地石
chisel:endstone1:6, 末地石
chisel:endstone1:7, 末地石
chisel:endstone1:8, 末地石
chisel:endstone1:9, 末地石
chisel:endstone2:0, 末地石
chisel:endstone2:1, 末地石
chisel:endstone2:2, 末地石
chisel:endstone2:3, 末地石
chisel:endstone2:4, 末地石
chisel:endstone2:5, 末地石
chisel:endstone2:6, 末地石
chisel:factory:0, 工厂方块
chisel:factory:1, 工厂方块
chisel:factory:2, 工厂方块
chisel:factory:3, 工厂方块
chisel:factory:4, 工厂方块
chisel:factory:5, 工厂方块
chisel:factory:6, 工厂方块
chisel:factory:7, 工厂方块
chisel:factory:8, 工厂方块
chisel:factory:9, 工厂方块
chisel:factory:10, 工厂方块
chisel:factory:11, 工厂方块
chisel:factory:12, 工厂方块
chisel:factory:13, 工厂方块
chisel:factory:14, 工厂方块
chisel:factory:15, 工厂方块
chisel:factory1:0, 工厂方块
chisel:factory1:1, 工厂方块
chisel:factory1:2, 工厂方块
chisel:factory1:3, 工厂方块
chisel:factory1:4, 工厂方块
chisel:futura:0, 科幻方块
chisel:futura:1, 科幻方块
chisel:futura:2, 科幻方块
chisel:futura:3, 科幻方块
chisel:futura:4, 科幻方块
chisel:futura:5, 科幻方块
chisel:glass:0, 玻璃
chisel:glass:1, 玻璃
chisel:glass:2, 玻璃
chisel:glass:3, 玻璃
chisel:glass:4, 玻璃
chisel:glass:5, 玻璃
chisel:glass:6, 玻璃
chisel:glass:7, 玻璃
chisel:glass:8, 玻璃
chisel:glass:9, 玻璃
chisel:glass:10, 玻璃
chisel:glass:11, 玻璃
chisel:glass:12, 玻璃
chisel:glass:13, 玻璃
chisel:glass:14, 玻璃
chisel:glass:15, 玻璃
chisel:glass1:0, 玻璃
chisel:glass1:1, 玻璃
chisel:glasspane:0, Glass Pane
chisel:glasspane:1, Glass Pane
chisel:glasspane:2, Glass Pane
chisel:glasspane:3, Glass Pane
chisel:glasspane:4, Glass Pane
chisel:glasspane:5, Glass Pane
chisel:glasspane:6, Glass Pane
chisel:glasspane:7, Glass Pane
chisel:glasspane:8, Glass Pane
chisel:glasspane:9, Glass Pane
chisel:glasspane:10, Glass Pane
chisel:glasspane:11, Glass Pane
chisel:glasspane:12, Glass Pane
chisel:glasspane:13, Glass Pane
chisel:glasspane:14, Glass Pane
chisel:glasspane:15, Glass Pane
chisel:glasspane1:0, Glass Pane
chisel:glasspane1:1, Glass Pane
chisel:glassdyedblack:0, 黑色染色玻璃
chisel:glassdyedblack:1, 黑色染色玻璃
chisel:glassdyedblack:2, 黑色染色玻璃
chisel:glassdyedblack:3, 黑色染色玻璃
chisel:glassdyedblack:4, 黑色染色玻璃
chisel:glassdyedblack:5, 黑色染色玻璃
chisel:glasspanedyedblack:0, Black Stained Glass Pane
chisel:glasspanedyedblack:1, Black Stained Glass Pane
chisel:glasspanedyedblack:2, Black Stained Glass Pane
chisel:glasspanedyedblack:3, Black Stained Glass Pane
chisel:glasspanedyedblack:4, Black Stained Glass Pane
chisel:glasspanedyedblack:5, Black Stained Glass Pane
chisel:glassdyedred:0, 红色染色玻璃
chisel:glassdyedred:1, 红色染色玻璃
chisel:glassdyedred:2, 红色染色玻璃
chisel:glassdyedred:3, 红色染色玻璃
chisel:glassdyedred:4, 红色染色玻璃
chisel:glassdyedred:5, 红色染色玻璃
chisel:glasspanedyedred:0, Red Stained Glass Pane
chisel:glasspanedyedred:1, Red Stained Glass Pane
chisel:glasspanedyedred:2, Red Stained Glass Pane
chisel:glasspanedyedred:3, Red Stained Glass Pane
chisel:glasspanedyedred:4, Red Stained Glass Pane
chisel:glasspanedyedred:5, Red Stained Glass Pane
chisel:glassdyedgreen:0, 绿色染色玻璃
chisel:glassdyedgreen:1, 绿色染色玻璃
chisel:glassdyedgreen:2, 绿色染色玻璃
chisel:glassdyedgreen:3, 绿色染色玻璃
chisel:glassdyedgreen:4, 绿色染色玻璃
chisel:glassdyedgreen:5, 绿色染色玻璃
chisel:glasspanedyedgreen:0, Green Stained Glass Pane
chisel:glasspanedyedgreen:1, Green Stained Glass Pane
chisel:glasspanedyedgreen:2, Green Stained Glass Pane
chisel:glasspanedyedgreen:3, Green Stained Glass Pane
chisel:glasspanedyedgreen:4, Green Stained Glass Pane
chisel:glasspanedyedgreen:5, Green Stained Glass Pane
chisel:glassdyedbrown:0, 棕色染色玻璃
chisel:glassdyedbrown:1, 棕色染色玻璃
chisel:glassdyedbrown:2, 棕色染色玻璃
chisel:glassdyedbrown:3, 棕色染色玻璃
chisel:glassdyedbrown:4, 棕色染色玻璃
chisel:glassdyedbrown:5, 棕色染色玻璃
chisel:glasspanedyedbrown:0, Brown Stained Glass Pane
chisel:glasspanedyedbrown:1, Brown Stained Glass Pane
chisel:glasspanedyedbrown:2, Brown Stained Glass Pane
chisel:glasspanedyedbrown:3, Brown Stained Glass Pane
chisel:glasspanedyedbrown:4, Brown Stained Glass Pane
chisel:glasspanedyedbrown:5, Brown Stained Glass Pane
chisel:glassdyedblue:0, 蓝色染色玻璃
chisel:glassdyedblue:1, 蓝色染色玻璃
chisel:glassdyedblue:2, 蓝色染色玻璃
chisel:glassdyedblue:3, 蓝色染色玻璃
chisel:glassdyedblue:4, 蓝色染色玻璃
chisel:glassdyedblue:5, 蓝色染色玻璃
chisel:glasspanedyedblue:0, Blue Stained Glass Pane
chisel:glasspanedyedblue:1, Blue Stained Glass Pane
chisel:glasspanedyedblue:2, Blue Stained Glass Pane
chisel:glasspanedyedblue:3, Blue Stained Glass Pane
chisel:glasspanedyedblue:4, Blue Stained Glass Pane
chisel:glasspanedyedblue:5, Blue Stained Glass Pane
chisel:glassdyedpurple:0, 紫色染色玻璃
chisel:glassdyedpurple:1, 紫色染色玻璃
chisel:glassdyedpurple:2, 紫色染色玻璃
chisel:glassdyedpurple:3, 紫色染色玻璃
chisel:glassdyedpurple:4, 紫色染色玻璃
chisel:glassdyedpurple:5, 紫色染色玻璃
chisel:glasspanedyedpurple:0, Purple Stained Glass Pane
chisel:glasspanedyedpurple:1, Purple Stained Glass Pane
chisel:glasspanedyedpurple:2, Purple Stained Glass Pane
chisel:glasspanedyedpurple:3, Purple Stained Glass Pane
chisel:glasspanedyedpurple:4, Purple Stained Glass Pane
chisel:glasspanedyedpurple:5, Purple Stained Glass Pane
chisel:glassdyedcyan:0, 青色染色玻璃
chisel:glassdyedcyan:1, 青色染色玻璃
chisel:glassdyedcyan:2, 青色染色玻璃
chisel:glassdyedcyan:3, 青色染色玻璃
chisel:glassdyedcyan:4, 青色染色玻璃
chisel:glassdyedcyan:5, 青色染色玻璃
chisel:glasspanedyedcyan:0, Cyan Stained Glass Pane
chisel:glasspanedyedcyan:1, Cyan Stained Glass Pane
chisel:glasspanedyedcyan:2, Cyan Stained Glass Pane
chisel:glasspanedyedcyan:3, Cyan Stained Glass Pane
chisel:glasspanedyedcyan:4, Cyan Stained Glass Pane
chisel:glasspanedyedcyan:5, Cyan Stained Glass Pane
chisel:glassdyedlightgray:0, 淡灰色染色玻璃
chisel:glassdyedlightgray:1, 淡灰色染色玻璃
chisel:glassdyedlightgray:2, 淡灰色染色玻璃
chisel:glassdyedlightgray:3, 淡灰色染色玻璃
chisel:glassdyedlightgray:4, 淡灰色染色玻璃
chisel:glassdyedlightgray:5, 淡灰色染色玻璃
chisel:glasspanedyedlightgray:0, Light Gray Stained Glass Pane
chisel:glasspanedyedlightgray:1, Light Gray Stained Glass Pane
chisel:glasspanedyedlightgray:2, Light Gray Stained Glass Pane
chisel:glasspanedyedlightgray:3, Light Gray Stained Glass Pane
chisel:glasspanedyedlightgray:4, Light Gray Stained Glass Pane
chisel:glasspanedyedlightgray:5, Light Gray Stained Glass Pane
chisel:glassdyedgray:0, 灰色染色玻璃
chisel:glassdyedgray:1, 灰色染色玻璃
chisel:glassdyedgray:2, 灰色染色玻璃
chisel:glassdyedgray:3, 灰色染色玻璃
chisel:glassdyedgray:4, 灰色染色玻璃
chisel:glassdyedgray:5, 灰色染色玻璃
chisel:glasspanedyedgray:0, Gray Stained Glass Pane
chisel:glasspanedyedgray:1, Gray Stained Glass Pane
chisel:glasspanedyedgray:2, Gray Stained Glass Pane
chisel:glasspanedyedgray:3, Gray Stained Glass Pane
chisel:glasspanedyedgray:4, Gray Stained Glass Pane
chisel:glasspanedyedgray:5, Gray Stained Glass Pane
chisel:glassdyedpink:0, 粉红色染色玻璃
chisel:glassdyedpink:1, 粉红色染色玻璃
chisel:glassdyedpink:2, 粉红色染色玻璃
chisel:glassdyedpink:3, 粉红色染色玻璃
chisel:glassdyedpink:4, 粉红色染色玻璃
chisel:glassdyedpink:5, 粉红色染色玻璃
chisel:glasspanedyedpink:0, Pink Stained Glass Pane
chisel:glasspanedyedpink:1, Pink Stained Glass Pane
chisel:glasspanedyedpink:2, Pink Stained Glass Pane
chisel:glasspanedyedpink:3, Pink Stained Glass Pane
chisel:glasspanedyedpink:4, Pink Stained Glass Pane
chisel:glasspanedyedpink:5, Pink Stained Glass Pane
chisel:glassdyedlime:0, 黄绿色染色玻璃
chisel:glassdyedlime:1, 黄绿色染色玻璃
chisel:glassdyedlime:2, 黄绿色染色玻璃
chisel:glassdyedlime:3, 黄绿色染色玻璃
chisel:glassdyedlime:4, 黄绿色染色玻璃
chisel:glassdyedlime:5, 黄绿色染色玻璃
chisel:glasspanedyedlime:0, Lime Stained Glass Pane
chisel:glasspanedyedlime:1, Lime Stained Glass Pane
chisel:glasspanedyedlime:2, Lime Stained Glass Pane
chisel:glasspanedyedlime:3, Lime Stained Glass Pane
chisel:glasspanedyedlime:4, Lime Stained Glass Pane
chisel:glasspanedyedlime:5, Lime Stained Glass Pane
chisel:glassdyedyellow:0, 黄色染色玻璃
chisel:glassdyedyellow:1, 黄色染色玻璃
chisel:glassdyedyellow:2, 黄色染色玻璃
chisel:glassdyedyellow:3, 黄色染色玻璃
chisel:glassdyedyellow:4, 黄色染色玻璃
chisel:glassdyedyellow:5, 黄色染色玻璃
chisel:glasspanedyedyellow:0, Yellow Stained Glass Pane
chisel:glasspanedyedyellow:1, Yellow Stained Glass Pane
chisel:glasspanedyedyellow:2, Yellow Stained Glass Pane
chisel:glasspanedyedyellow:3, Yellow Stained Glass Pane
chisel:glasspanedyedyellow:4, Yellow Stained Glass Pane
chisel:glasspanedyedyellow:5, Yellow Stained Glass Pane
chisel:glassdyedlightblue:0, 淡蓝色染色玻璃
chisel:glassdyedlightblue:1, 淡蓝色染色玻璃
chisel:glassdyedlightblue:2, 淡蓝色染色玻璃
chisel:glassdyedlightblue:3, 淡蓝色染色玻璃
chisel:glassdyedlightblue:4, 淡蓝色染色玻璃
chisel:glassdyedlightblue:5, 淡蓝色染色玻璃
chisel:glasspanedyedlightblue:0, Light Blue Stained Glass Pane
chisel:glasspanedyedlightblue:1, Light Blue Stained Glass Pane
chisel:glasspanedyedlightblue:2, Light Blue Stained Glass Pane
chisel:glasspanedyedlightblue:3, Light Blue Stained Glass Pane
chisel:glasspanedyedlightblue:4, Light Blue Stained Glass Pane
chisel:glasspanedyedlightblue:5, Light Blue Stained Glass Pane
chisel:glassdyedmagenta:0, 品红色染色玻璃
chisel:glassdyedmagenta:1, 品红色染色玻璃
chisel:glassdyedmagenta:2, 品红色染色玻璃
chisel:glassdyedmagenta:3, 品红色染色玻璃
chisel:glassdyedmagenta:4, 品红色染色玻璃
chisel:glassdyedmagenta:5, 品红色染色玻璃
chisel:glasspanedyedmagenta:0, Magenta Stained Glass Pane
chisel:glasspanedyedmagenta:1, Magenta Stained Glass Pane
chisel:glasspanedyedmagenta:2, Magenta Stained Glass Pane
chisel:glasspanedyedmagenta:3, Magenta Stained Glass Pane
chisel:glasspanedyedmagenta:4, Magenta Stained Glass Pane
chisel:glasspanedyedmagenta:5, Magenta Stained Glass Pane
chisel:glassdyedorange:0, 橙色染色玻璃
chisel:glassdyedorange:1, 橙色染色玻璃
chisel:glassdyedorange:2, 橙色染色玻璃
chisel:glassdyedorange:3, 橙色染色玻璃
chisel:glassdyedorange:4, 橙色染色玻璃
chisel:glassdyedorange:5, 橙色染色玻璃
chisel:glasspanedyedorange:0, Orange Stained Glass Pane
chisel:glasspanedyedorange:1, Orange Stained Glass Pane
chisel:glasspanedyedorange:2, Orange Stained Glass Pane
chisel:glasspanedyedorange:3, Orange Stained Glass Pane
chisel:glasspanedyedorange:4, Orange Stained Glass Pane
chisel:glasspanedyedorange:5, Orange Stained Glass Pane
chisel:glassdyedwhite:0, 白色染色玻璃
chisel:glassdyedwhite:1, 白色染色玻璃
chisel:glassdyedwhite:2, 白色染色玻璃
chisel:glassdyedwhite:3, 白色染色玻璃
chisel:glassdyedwhite:4, 白色染色玻璃
chisel:glassdyedwhite:5, 白色染色玻璃
chisel:glasspanedyedwhite:0, White Stained Glass Pane
chisel:glasspanedyedwhite:1, White Stained Glass Pane
chisel:glasspanedyedwhite:2, White Stained Glass Pane
chisel:glasspanedyedwhite:3, White Stained Glass Pane
chisel:glasspanedyedwhite:4, White Stained Glass Pane
chisel:glasspanedyedwhite:5, White Stained Glass Pane
chisel:glowstone:0, 荧石
chisel:glowstone:1, 荧石
chisel:glowstone:2, 荧石
chisel:glowstone:3, 荧石
chisel:glowstone:4, 荧石
chisel:glowstone:5, 荧石
chisel:glowstone:6, 荧石
chisel:glowstone:7, 荧石
chisel:glowstone:8, 荧石
chisel:glowstone:9, 荧石
chisel:glowstone:10, 荧石
chisel:glowstone:11, 荧石
chisel:glowstone:12, 荧石
chisel:glowstone:13, 荧石
chisel:glowstone:14, 荧石
chisel:glowstone:15, 荧石
chisel:glowstone1:0, 荧石
chisel:glowstone1:1, 荧石
chisel:glowstone1:2, 荧石
chisel:glowstone1:3, 荧石
chisel:glowstone1:4, 荧石
chisel:glowstone1:5, 荧石
chisel:glowstone1:6, 荧石
chisel:glowstone1:7, 荧石
chisel:glowstone1:8, 荧石
chisel:glowstone1:9, 荧石
chisel:glowstone1:10, 荧石
chisel:glowstone1:11, 荧石
chisel:glowstone1:12, 荧石
chisel:glowstone1:13, 荧石
chisel:glowstone1:14, 荧石
chisel:glowstone1:15, 荧石
chisel:glowstone2:0, 荧石
chisel:blockgold:0, 金块
chisel:blockgold:1, 金块
chisel:blockgold:2, 金块
chisel:blockgold:3, 金块
chisel:blockgold:4, 金块
chisel:blockgold:5, 金块
chisel:blockgold:6, 金块
chisel:gold:0, 金块
chisel:gold:1, 金块
chisel:gold:2, 金块
chisel:gold:3, 金块
chisel:gold:4, 金块
chisel:gold:5, 金块
chisel:gold:6, 金块
chisel:gold:7, 金块
chisel:gold:8, 金块
chisel:gold:9, 金块
chisel:gold:10, 金块
chisel:gold:11, 金块
chisel:gold:12, 金块
chisel:gold:13, 金块
chisel:granite:0, 花岗岩
chisel:granite:1, 花岗岩
chisel:granite:2, 花岗岩
chisel:granite:3, 花岗岩
chisel:granite:4, 花岗岩
chisel:granite:5, 花岗岩
chisel:granite:6, 花岗岩
chisel:granite:7, 花岗岩
chisel:granite:8, 花岗岩
chisel:granite:9, 花岗岩
chisel:granite:10, 花岗岩
chisel:granite:11, 花岗岩
chisel:granite:12, 花岗岩
chisel:granite:13, 花岗岩
chisel:granite:14, 花岗岩
chisel:granite:15, 花岗岩
chisel:granite1:0, 花岗岩
chisel:granite1:1, 花岗岩
chisel:granite1:2, 花岗岩
chisel:granite1:3, 花岗岩
chisel:granite1:4, 花岗岩
chisel:granite1:5, 花岗岩
chisel:granite1:6, 花岗岩
chisel:granite1:7, 花岗岩
chisel:granite1:8, 花岗岩
chisel:granite1:9, 花岗岩
chisel:granite1:10, 花岗岩
chisel:granite1:11, 花岗岩
chisel:granite1:12, 花岗岩
chisel:granite1:13, 花岗岩
chisel:granite1:14, 花岗岩
chisel:granite1:15, 花岗岩
chisel:granite2:0, 花岗岩
chisel:hardenedclay:0, 陶瓦
chisel:hardenedclay:1, 陶瓦
chisel:hardenedclay:2, 陶瓦
chisel:hardenedclay:3, 陶瓦
chisel:hardenedclay:4, 陶瓦
chisel:hardenedclay:5, 陶瓦
chisel:hardenedclay:6, 陶瓦
chisel:hardenedclay:7, 陶瓦
chisel:hardenedclay:8, 陶瓦
chisel:hardenedclay:9, 陶瓦
chisel:hardenedclay:10, 陶瓦
chisel:hardenedclay:11, 陶瓦
chisel:hardenedclay:12, 陶瓦
chisel:hardenedclay:13, 陶瓦
chisel:hardenedclay:14, 陶瓦
chisel:hardenedclay:15, 陶瓦
chisel:hardenedclay1:0, 陶瓦
chisel:hardenedclay1:1, 陶瓦
chisel:hardenedclay1:2, 陶瓦
chisel:hardenedclay1:3, 陶瓦
chisel:hardenedclay1:4, 陶瓦
chisel:hardenedclay1:5, 陶瓦
chisel:hardenedclay1:6, 陶瓦
chisel:hardenedclay1:7, 陶瓦
chisel:hardenedclay1:8, 陶瓦
chisel:hardenedclay1:9, 陶瓦
chisel:hardenedclay2:0, 陶瓦
chisel:hardenedclay2:1, 陶瓦
chisel:hardenedclay2:2, 陶瓦
chisel:hardenedclay2:3, 陶瓦
chisel:hardenedclay2:4, 陶瓦
chisel:hardenedclay2:5, 陶瓦
chisel:hardenedclay2:6, 陶瓦
chisel:ice:0, 冰
chisel:ice:1, 冰
chisel:ice:2, 冰
chisel:ice:3, 冰
chisel:ice:4, 冰
chisel:ice:5, 冰
chisel:ice:6, 冰
chisel:ice:7, 冰
chisel:ice:8, 冰
chisel:ice:9, 冰
chisel:ice:10, 冰
chisel:ice:11, 冰
chisel:ice:12, 冰
chisel:ice:13, 冰
chisel:ice:14, 冰
chisel:ice:15, 冰
chisel:ice1:0, 冰
chisel:ice1:1, 冰
chisel:ice1:2, 冰
chisel:ice1:3, 冰
chisel:ice1:4, 冰
chisel:ice1:5, 冰
chisel:ice1:6, 冰
chisel:ice1:7, 冰
chisel:ice1:8, 冰
chisel:ice1:9, 冰
chisel:ice1:10, 冰
chisel:ice1:11, 冰
chisel:ice1:12, 冰
chisel:ice1:13, 冰
chisel:ice1:14, 冰
chisel:ice1:15, 冰
chisel:ice2:0, 冰
chisel:icepillar:0, 冰柱
chisel:icepillar:1, 冰柱
chisel:icepillar:2, 冰柱
chisel:icepillar:3, 冰柱
chisel:icepillar:4, 冰柱
chisel:icepillar:5, 冰柱
chisel:icepillar:6, 冰柱
chisel:blockinvar:0, 因瓦合金块
chisel:blockinvar:1, 因瓦合金块
chisel:blockinvar:2, 因瓦合金块
chisel:blockinvar:3, 因瓦合金块
chisel:blockinvar:4, 因瓦合金块
chisel:blockinvar:5, 因瓦合金块
chisel:blockinvar:6, 因瓦合金块
chisel:blockiron:0, 铁块
chisel:blockiron:1, 铁块
chisel:blockiron:2, 铁块
chisel:blockiron:3, 铁块
chisel:blockiron:4, 铁块
chisel:blockiron:5, 铁块
chisel:blockiron:6, 铁块
chisel:iron:0, 铁块
chisel:iron:1, 铁块
chisel:iron:2, 铁块
chisel:iron:3, 铁块
chisel:iron:4, 铁块
chisel:iron:5, 铁块
chisel:iron:6, 铁块
chisel:iron:7, 铁块
chisel:iron:8, 铁块
chisel:iron:9, 铁块
chisel:iron:10, 铁块
chisel:iron:11, 铁块
chisel:iron:12, 铁块
chisel:iron:13, 铁块
chisel:iron:14, 铁块
chisel:ironpane:0, 铁栅栏
chisel:ironpane:1, 铁栅栏
chisel:ironpane:2, 铁栅栏
chisel:ironpane:3, 铁栅栏
chisel:ironpane:4, 铁栅栏
chisel:ironpane:5, 铁栅栏
chisel:ironpane:6, 铁栅栏
chisel:ironpane:7, 铁栅栏
chisel:ironpane:8, 铁栅栏
chisel:ironpane:9, 铁栅栏
chisel:ironpane:10, 铁栅栏
chisel:ironpane:11, 铁栅栏
chisel:ironpane:12, 铁栅栏
chisel:laboratory:0, 实验室方块
chisel:laboratory:1, 实验室方块
chisel:laboratory:2, 实验室方块
chisel:laboratory:3, 实验室方块
chisel:laboratory:4, 实验室方块
chisel:laboratory:5, 实验室方块
chisel:laboratory:6, 实验室方块
chisel:laboratory:7, 实验室方块
chisel:laboratory:8, 实验室方块
chisel:laboratory:9, 实验室方块
chisel:laboratory:10, 实验室方块
chisel:laboratory:11, 实验室方块
chisel:laboratory:12, 实验室方块
chisel:laboratory:13, 实验室方块
chisel:laboratory:14, 实验室方块
chisel:laboratory:15, 实验室方块
chisel:lapis:0, 青金石块
chisel:lapis:1, 青金石块
chisel:lapis:2, 青金石块
chisel:lapis:3, 青金石块
chisel:lapis:4, 青金石块
chisel:lapis:5, 青金石块
chisel:lapis:6, 青金石块
chisel:lapis:7, 青金石块
chisel:lapis:8, 青金石块
chisel:lavastone:0, 熔岩石
chisel:lavastone:1, 熔岩石
chisel:lavastone:2, 熔岩石
chisel:lavastone:3, 熔岩石
chisel:lavastone:4, 熔岩石
chisel:lavastone:5, 熔岩石
chisel:lavastone:6, 熔岩石
chisel:lavastone:7, 熔岩石
chisel:lavastone:8, 熔岩石
chisel:lavastone:9, 熔岩石
chisel:lavastone:10, 熔岩石
chisel:lavastone:11, 熔岩石
chisel:lavastone:12, 熔岩石
chisel:lavastone:13, 熔岩石
chisel:lavastone:14, 熔岩石
chisel:lavastone:15, 熔岩石
chisel:lavastone1:0, 熔岩石
chisel:lavastone1:1, 熔岩石
chisel:lavastone1:2, 熔岩石
chisel:lavastone1:3, 熔岩石
chisel:lavastone1:4, 熔岩石
chisel:lavastone1:5, 熔岩石
chisel:lavastone1:6, 熔岩石
chisel:lavastone1:7, 熔岩石
chisel:lavastone1:8, 熔岩石
chisel:lavastone1:9, 熔岩石
chisel:lavastone1:10, 熔岩石
chisel:lavastone1:11, 熔岩石
chisel:lavastone1:12, 熔岩石
chisel:lavastone1:13, 熔岩石
chisel:lavastone1:14, 熔岩石
chisel:lavastone1:15, 熔岩石
chisel:lavastone2:0, 熔岩石
chisel:blocklead:0, 铅块
chisel:blocklead:1, 铅块
chisel:blocklead:2, 铅块
chisel:blocklead:3, 铅块
chisel:blocklead:4, 铅块
chisel:blocklead:5, 铅块
chisel:blocklead:6, 铅块
chisel:limestone:0, 石灰岩
chisel:limestone:1, 石灰岩
chisel:limestone:2, 石灰岩
chisel:limestone:3, 石灰岩
chisel:limestone:4, 石灰岩
chisel:limestone:5, 石灰岩
chisel:limestone:6, 石灰岩
chisel:limestone:7, 石灰岩
chisel:limestone:8, 石灰岩
chisel:limestone:9, 石灰岩
chisel:limestone:10, 石灰岩
chisel:limestone:11, 石灰岩
chisel:limestone:12, 石灰岩
chisel:limestone:13, 石灰岩
chisel:limestone:14, 石灰岩
chisel:limestone:15, 石灰岩
chisel:limestone1:0, 石灰岩
chisel:limestone1:1, 石灰岩
chisel:limestone1:2, 石灰岩
chisel:limestone1:3, 石灰岩
chisel:limestone1:4, 石灰岩
chisel:limestone1:5, 石灰岩
chisel:limestone1:6, 石灰岩
chisel:limestone1:7, 石灰岩
chisel:limestone1:8, 石灰岩
chisel:limestone1:9, 石灰岩
chisel:limestone2:0, 石灰岩
chisel:limestone2:1, 石灰岩
chisel:limestone2:2, 石灰岩
chisel:limestone2:3, 石灰岩
chisel:limestone2:4, 石灰岩
chisel:limestone2:5, 石灰岩
chisel:limestone2:6, 石灰岩
chisel:limestone2:7, 石灰岩
chisel:marble:0, 大理石
chisel:marble:1, 大理石
chisel:marble:2, 大理石
chisel:marble:3, 大理石
chisel:marble:4, 大理石
chisel:marble:5, 大理石
chisel:marble:6, 大理石
chisel:marble:7, 大理石
chisel:marble:8, 大理石
chisel:marble:9, 大理石
chisel:marble:10, 大理石
chisel:marble:11, 大理石
chisel:marble:12, 大理石
chisel:marble:13, 大理石
chisel:marble:14, 大理石
chisel:marble:15, 大理石
chisel:marble1:0, 大理石
chisel:marble1:1, 大理石
chisel:marble1:2, 大理石
chisel:marble1:3, 大理石
chisel:marble1:4, 大理石
chisel:marble1:5, 大理石
chisel:marble1:6, 大理石
chisel:marble1:7, 大理石
chisel:marble1:8, 大理石
chisel:marble1:9, 大理石
chisel:marble2:0, 大理石
chisel:marble2:1, 大理石
chisel:marble2:2, 大理石
chisel:marble2:3, 大理石
chisel:marble2:4, 大理石
chisel:marble2:5, 大理石
chisel:marble2:6, 大理石
chisel:marble2:7, 大理石
chisel:marblepillar:0, 大理石柱
chisel:marblepillar:1, 大理石柱
chisel:marblepillar:2, 大理石柱
chisel:marblepillar:3, 大理石柱
chisel:marblepillar:4, 大理石柱
chisel:marblepillar:5, 大理石柱
chisel:marblepillar:6, 大理石柱
chisel:marblepillar:7, 大理石柱
chisel:marblepillar:8, 大理石柱
chisel:marblepillar:9, 大理石柱
chisel:marblepillar:10, 大理石柱
chisel:marblepillar:11, 大理石柱
chisel:marblepillar:12, 大理石柱
chisel:marblepillar:13, 大理石柱
chisel:marblepillar:14, 大理石柱
chisel:marblepillar:15, 大理石柱
chisel:netherbrick:0, 地狱砖
chisel:netherbrick:1, 地狱砖
chisel:netherbrick:2, 地狱砖
chisel:netherbrick:3, 地狱砖
chisel:netherbrick:4, 地狱砖
chisel:netherbrick:5, 地狱砖
chisel:netherbrick:6, 地狱砖
chisel:netherbrick:7, 地狱砖
chisel:netherbrick:8, 地狱砖
chisel:netherbrick:9, 地狱砖
chisel:netherbrick:10, 地狱砖
chisel:netherbrick:11, 地狱砖
chisel:netherbrick:12, 地狱砖
chisel:netherbrick:13, 地狱砖
chisel:netherbrick:14, 地狱砖
chisel:netherbrick:15, 地狱砖
chisel:netherrack:0, 地狱岩
chisel:netherrack:1, 地狱岩
chisel:netherrack:2, 地狱岩
chisel:netherrack:3, 地狱岩
chisel:netherrack:4, 地狱岩
chisel:netherrack:5, 地狱岩
chisel:netherrack:6, 地狱岩
chisel:netherrack:7, 地狱岩
chisel:netherrack:8, 地狱岩
chisel:netherrack:9, 地狱岩
chisel:netherrack:10, 地狱岩
chisel:netherrack:11, 地狱岩
chisel:netherrack:12, 地狱岩
chisel:netherrack:13, 地狱岩
chisel:blocknickel:0, 镍块
chisel:blocknickel:1, 镍块
chisel:blocknickel:2, 镍块
chisel:blocknickel:3, 镍块
chisel:blocknickel:4, 镍块
chisel:blocknickel:5, 镍块
chisel:blocknickel:6, 镍块
chisel:obsidian:0, 黑曜石
chisel:obsidian:1, 黑曜石
chisel:obsidian:2, 黑曜石
chisel:obsidian:3, 黑曜石
chisel:obsidian:4, 黑曜石
chisel:obsidian:5, 黑曜石
chisel:obsidian:6, 黑曜石
chisel:obsidian:7, 黑曜石
chisel:obsidian:8, 黑曜石
chisel:obsidian:9, 黑曜石
chisel:obsidian:10, 黑曜石
chisel:obsidian:11, 黑曜石
chisel:obsidian:12, 黑曜石
chisel:obsidian:13, 黑曜石
chisel:obsidian:14, 黑曜石
chisel:paper:0, 障子
chisel:paper:1, 障子
chisel:paper:2, 障子
chisel:paper:3, 障子
chisel:paper:4, 障子
chisel:paper:5, 障子
chisel:paper:6, 障子
chisel:paper:7, 障子
chisel:paper:8, 障子
chisel:planks-oak:0, 橡木木板
chisel:planks-oak:1, 橡木木板
chisel:planks-oak:2, 橡木木板
chisel:planks-oak:3, 橡木木板
chisel:planks-oak:4, 橡木木板
chisel:planks-oak:5, 橡木木板
chisel:planks-oak:6, 橡木木板
chisel:planks-oak:7, 橡木木板
chisel:planks-oak:8, 橡木木板
chisel:planks-oak:9, 橡木木板
chisel:planks-oak:10, 橡木木板
chisel:planks-oak:11, 橡木木板
chisel:planks-oak:12, 橡木木板
chisel:planks-oak:13, 橡木木板
chisel:planks-oak:14, 橡木木板
chisel:planks-spruce:0, 云杉木板
chisel:planks-spruce:1, 云杉木板
chisel:planks-spruce:2, 云杉木板
chisel:planks-spruce:3, 云杉木板
chisel:planks-spruce:4, 云杉木板
chisel:planks-spruce:5, 云杉木板
chisel:planks-spruce:6, 云杉木板
chisel:planks-spruce:7, 云杉木板
chisel:planks-spruce:8, 云杉木板
chisel:planks-spruce:9, 云杉木板
chisel:planks-spruce:10, 云杉木板
chisel:planks-spruce:11, 云杉木板
chisel:planks-spruce:12, 云杉木板
chisel:planks-spruce:13, 云杉木板
chisel:planks-spruce:14, 云杉木板
chisel:planks-birch:0, 白桦木板
chisel:planks-birch:1, 白桦木板
chisel:planks-birch:2, 白桦木板
chisel:planks-birch:3, 白桦木板
chisel:planks-birch:4, 白桦木板
chisel:planks-birch:5, 白桦木板
chisel:planks-birch:6, 白桦木板
chisel:planks-birch:7, 白桦木板
chisel:planks-birch:8, 白桦木板
chisel:planks-birch:9, 白桦木板
chisel:planks-birch:10, 白桦木板
chisel:planks-birch:11, 白桦木板
chisel:planks-birch:12, 白桦木板
chisel:planks-birch:13, 白桦木板
chisel:planks-birch:14, 白桦木板
chisel:planks-jungle:0, 丛林木板
chisel:planks-jungle:1, 丛林木板
chisel:planks-jungle:2, 丛林木板
chisel:planks-jungle:3, 丛林木板
chisel:planks-jungle:4, 丛林木板
chisel:planks-jungle:5, 丛林木板
chisel:planks-jungle:6, 丛林木板
chisel:planks-jungle:7, 丛林木板
chisel:planks-jungle:8, 丛林木板
chisel:planks-jungle:9, 丛林木板
chisel:planks-jungle:10, 丛林木板
chisel:planks-jungle:11, 丛林木板
chisel:planks-jungle:12, 丛林木板
chisel:planks-jungle:13, 丛林木板
chisel:planks-jungle:14, 丛林木板
chisel:planks-acacia:0, 金合欢木板
chisel:planks-acacia:1, 金合欢木板
chisel:planks-acacia:2, 金合欢木板
chisel:planks-acacia:3, 金合欢木板
chisel:planks-acacia:4, 金合欢木板
chisel:planks-acacia:5, 金合欢木板
chisel:planks-acacia:6, 金合欢木板
chisel:planks-acacia:7, 金合欢木板
chisel:planks-acacia:8, 金合欢木板
chisel:planks-acacia:9, 金合欢木板
chisel:planks-acacia:10, 金合欢木板
chisel:planks-acacia:11, 金合欢木板
chisel:planks-acacia:12, 金合欢木板
chisel:planks-acacia:13, 金合欢木板
chisel:planks-acacia:14, 金合欢木板
chisel:planks-dark-oak:0, 深色橡木木板
chisel:planks-dark-oak:1, 深色橡木木板
chisel:planks-dark-oak:2, 深色橡木木板
chisel:planks-dark-oak:3, 深色橡木木板
chisel:planks-dark-oak:4, 深色橡木木板
chisel:planks-dark-oak:5, 深色橡木木板
chisel:planks-dark-oak:6, 深色橡木木板
chisel:planks-dark-oak:7, 深色橡木木板
chisel:planks-dark-oak:8, 深色橡木木板
chisel:planks-dark-oak:9, 深色橡木木板
chisel:planks-dark-oak:10, 深色橡木木板
chisel:planks-dark-oak:11, 深色橡木木板
chisel:planks-dark-oak:12, 深色橡木木板
chisel:planks-dark-oak:13, 深色橡木木板
chisel:planks-dark-oak:14, 深色橡木木板
chisel:blockplatinum:0, 铂块
chisel:blockplatinum:1, 铂块
chisel:blockplatinum:2, 铂块
chisel:blockplatinum:3, 铂块
chisel:blockplatinum:4, 铂块
chisel:blockplatinum:5, 铂块
chisel:blockplatinum:6, 铂块
chisel:prismarine:0, 海晶石
chisel:prismarine:1, 海晶石
chisel:prismarine:2, 海晶石
chisel:prismarine:3, 海晶石
chisel:prismarine:4, 海晶石
chisel:prismarine:5, 海晶石
chisel:prismarine:6, 海晶石
chisel:prismarine:7, 海晶石
chisel:prismarine:8, 海晶石
chisel:prismarine:9, 海晶石
chisel:prismarine:10, 海晶石
chisel:prismarine:11, 海晶石
chisel:prismarine:12, 海晶石
chisel:prismarine:13, 海晶石
chisel:prismarine:14, 海晶石
chisel:prismarine:15, 海晶石
chisel:prismarine1:0, 海晶石
chisel:prismarine1:1, 海晶石
chisel:prismarine1:2, 海晶石
chisel:prismarine1:3, 海晶石
chisel:prismarine1:4, 海晶石
chisel:prismarine1:5, 海晶石
chisel:prismarine1:6, 海晶石
chisel:prismarine1:7, 海晶石
chisel:prismarine1:8, 海晶石
chisel:prismarine1:9, 海晶石
chisel:prismarine2:0, 海晶石
chisel:prismarine2:1, 海晶石
chisel:prismarine2:2, 海晶石
chisel:prismarine2:3, 海晶石
chisel:prismarine2:4, 海晶石
chisel:prismarine2:5, 海晶石
chisel:quartz:0, 石英块
chisel:quartz:1, 石英块
chisel:quartz:2, 石英块
chisel:quartz:3, 石英块
chisel:quartz:4, 石英块
chisel:quartz:5, 石英块
chisel:quartz:6, 石英块
chisel:quartz:7, 石英块
chisel:quartz:8, 石英块
chisel:quartz:9, 石英块
chisel:quartz:10, 石英块
chisel:quartz:11, 石英块
chisel:quartz:12, 石英块
chisel:quartz:13, 石英块
chisel:quartz:14, 石英块
chisel:quartz:15, 石英块
chisel:quartz1:0, 石英块
chisel:quartz1:1, 石英块
chisel:quartz1:2, 石英块
chisel:quartz1:3, 石英块
chisel:quartz1:4, 石英块
chisel:quartz1:5, 石英块
chisel:quartz1:6, 石英块
chisel:quartz1:7, 石英块
chisel:quartz1:8, 石英块
chisel:quartz1:9, 石英块
chisel:quartz1:10, 石英块
chisel:quartz1:11, 石英块
chisel:quartz1:12, 石英块
chisel:quartz1:13, 石英块
chisel:quartz1:14, 石英块
chisel:quartz1:15, 石英块
chisel:redstone:0, 红石块
chisel:redstone:1, 红石块
chisel:redstone:2, 红石块
chisel:redstone:3, 红石块
chisel:redstone:4, 红石块
chisel:redstone:5, 红石块
chisel:redstone:6, 红石块
chisel:redstone:7, 红石块
chisel:redstone:8, 红石块
chisel:redstone:9, 红石块
chisel:redstone:10, 红石块
chisel:redstone:11, 红石块
chisel:redstone:12, 红石块
chisel:redstone:13, 红石块
chisel:redstone:14, 红石块
chisel:redstone:15, 红石块
chisel:redstone1:0, 红石块
chisel:redstone1:1, 红石块
chisel:redstone1:2, 红石块
chisel:redstone1:3, 红石块
chisel:redstone1:4, 红石块
chisel:redstone1:5, 红石块
chisel:redstone1:6, 红石块
chisel:redstone1:7, 红石块
chisel:redstone1:8, 红石块
chisel:redstone1:9, 红石块
chisel:redstone1:10, 红石块
chisel:redstone1:11, 红石块
chisel:sandstoneyellow:0, 砂岩
chisel:sandstoneyellow:1, 砂岩
chisel:sandstoneyellow:2, 砂岩
chisel:sandstoneyellow:3, 砂岩
chisel:sandstoneyellow:4, 砂岩
chisel:sandstoneyellow:5, 砂岩
chisel:sandstoneyellow:6, 砂岩
chisel:sandstoneyellow:7, 砂岩
chisel:sandstoneyellow:8, 砂岩
chisel:sandstoneyellow:9, 砂岩
chisel:sandstoneyellow:10, 砂岩
chisel:sandstoneyellow:11, 砂岩
chisel:sandstoneyellow:12, 砂岩
chisel:sandstoneyellow:13, 砂岩
chisel:sandstoneyellow:14, 砂岩
chisel:sandstoneyellow:15, 砂岩
chisel:sandstoneyellow1:0, 砂岩
chisel:sandstoneyellow1:1, 砂岩
chisel:sandstoneyellow1:2, 砂岩
chisel:sandstoneyellow1:3, 砂岩
chisel:sandstoneyellow1:4, 砂岩
chisel:sandstoneyellow1:5, 砂岩
chisel:sandstoneyellow1:6, 砂岩
chisel:sandstoneyellow1:7, 砂岩
chisel:sandstoneyellow1:8, 砂岩
chisel:sandstoneyellow1:9, 砂岩
chisel:sandstoneyellow2:0, 砂岩
chisel:sandstoneyellow2:1, 砂岩
chisel:sandstoneyellow2:2, 砂岩
chisel:sandstoneyellow2:3, 砂岩
chisel:sandstoneyellow2:4, 砂岩
chisel:sandstoneyellow2:5, 砂岩
chisel:sandstoneyellow2:6, 砂岩
chisel:sandstoneyellow2:7, 砂岩
chisel:sandstonered:0, 红砂岩
chisel:sandstonered:1, 红砂岩
chisel:sandstonered:2, 红砂岩
chisel:sandstonered:3, 红砂岩
chisel:sandstonered:4, 红砂岩
chisel:sandstonered:5, 红砂岩
chisel:sandstonered:6, 红砂岩
chisel:sandstonered:7, 红砂岩
chisel:sandstonered:8, 红砂岩
chisel:sandstonered:9, 红砂岩
chisel:sandstonered:10, 红砂岩
chisel:sandstonered:11, 红砂岩
chisel:sandstonered:12, 红砂岩
chisel:sandstonered:13, 红砂岩
chisel:sandstonered:14, 红砂岩
chisel:sandstonered:15, 红砂岩
chisel:sandstonered1:0, 红砂岩
chisel:sandstonered1:1, 红砂岩
chisel:sandstonered1:2, 红砂岩
chisel:sandstonered1:3, 红砂岩
chisel:sandstonered1:4, 红砂岩
chisel:sandstonered1:5, 红砂岩
chisel:sandstonered1:6, 红砂岩
chisel:sandstonered1:7, 红砂岩
chisel:sandstonered1:8, 红砂岩
chisel:sandstonered1:9, 红砂岩
chisel:sandstonered2:0, 红砂岩
chisel:sandstonered2:1, 红砂岩
chisel:sandstonered2:2, 红砂岩
chisel:sandstonered2:3, 红砂岩
chisel:sandstonered2:4, 红砂岩
chisel:sandstonered2:5, 红砂岩
chisel:sandstonered2:6, 红砂岩
chisel:sandstonered2:7, 红砂岩
chisel:sandstone-scribbles:0, 刻文砂岩
chisel:sandstone-scribbles:1, 刻文砂岩
chisel:sandstone-scribbles:2, 刻文砂岩
chisel:sandstone-scribbles:3, 刻文砂岩
chisel:sandstone-scribbles:4, 刻文砂岩
chisel:sandstone-scribbles:5, 刻文砂岩
chisel:sandstone-scribbles:6, 刻文砂岩
chisel:sandstone-scribbles:7, 刻文砂岩
chisel:sandstone-scribbles:8, 刻文砂岩
chisel:sandstone-scribbles:9, 刻文砂岩
chisel:sandstone-scribbles:10, 刻文砂岩
chisel:sandstone-scribbles:11, 刻文砂岩
chisel:sandstone-scribbles:12, 刻文砂岩
chisel:sandstone-scribbles:13, 刻文砂岩
chisel:sandstone-scribbles:14, 刻文砂岩
chisel:sandstone-scribbles:15, 刻文砂岩
chisel:sandstonered-scribbles:0, Red Sandstone Scribbles
chisel:sandstonered-scribbles:1, Red Sandstone Scribbles
chisel:sandstonered-scribbles:2, Red Sandstone Scribbles
chisel:sandstonered-scribbles:3, Red Sandstone Scribbles
chisel:sandstonered-scribbles:4, Red Sandstone Scribbles
chisel:sandstonered-scribbles:5, Red Sandstone Scribbles
chisel:sandstonered-scribbles:6, Red Sandstone Scribbles
chisel:sandstonered-scribbles:7, Red Sandstone Scribbles
chisel:sandstonered-scribbles:8, Red Sandstone Scribbles
chisel:sandstonered-scribbles:9, Red Sandstone Scribbles
chisel:sandstonered-scribbles:10, Red Sandstone Scribbles
chisel:sandstonered-scribbles:11, Red Sandstone Scribbles
chisel:sandstonered-scribbles:12, Red Sandstone Scribbles
chisel:sandstonered-scribbles:13, Red Sandstone Scribbles
chisel:sandstonered-scribbles:14, Red Sandstone Scribbles
chisel:sandstonered-scribbles:15, Red Sandstone Scribbles
chisel:blocksilver:0, 银块
chisel:blocksilver:1, 银块
chisel:blocksilver:2, 银块
chisel:blocksilver:3, 银块
chisel:blocksilver:4, 银块
chisel:blocksilver:5, 银块
chisel:blocksilver:6, 银块
chisel:blocksteel:0, 钢块
chisel:blocksteel:1, 钢块
chisel:blocksteel:2, 钢块
chisel:blocksteel:3, 钢块
chisel:blocksteel:4, 钢块
chisel:blocksteel:5, 钢块
chisel:blocksteel:6, 钢块
chisel:stonebrick:0, 錾制石砖
chisel:stonebrick:1, 錾制石砖
chisel:stonebrick:2, 錾制石砖
chisel:stonebrick:3, 錾制石砖
chisel:stonebrick:4, 錾制石砖
chisel:stonebrick:5, 錾制石砖
chisel:stonebrick:6, 錾制石砖
chisel:stonebrick:7, 錾制石砖
chisel:stonebrick:8, 錾制石砖
chisel:stonebrick:9, 錾制石砖
chisel:stonebrick:10, 錾制石砖
chisel:stonebrick:11, 錾制石砖
chisel:stonebrick:12, 錾制石砖
chisel:stonebrick:13, 錾制石砖
chisel:stonebrick:14, 錾制石砖
chisel:stonebrick:15, 錾制石砖
chisel:stonebrick1:0, 錾制石砖
chisel:stonebrick1:1, 錾制石砖
chisel:stonebrick1:2, 錾制石砖
chisel:stonebrick1:3, 錾制石砖
chisel:stonebrick1:4, 錾制石砖
chisel:stonebrick1:5, 錾制石砖
chisel:stonebrick1:6, 錾制石砖
chisel:stonebrick1:7, 錾制石砖
chisel:stonebrick1:8, 錾制石砖
chisel:stonebrick1:9, 錾制石砖
chisel:stonebrick2:0, 錾制石砖
chisel:stonebrick2:1, 錾制石砖
chisel:stonebrick2:2, 錾制石砖
chisel:stonebrick2:3, 錾制石砖
chisel:stonebrick2:4, 錾制石砖
chisel:stonebrick2:5, 錾制石砖
chisel:stonebrick2:6, 錾制石砖
chisel:stonebrick2:7, 錾制石砖
chisel:stonebrick2:8, 錾制石砖
chisel:stonebrick2:9, 錾制石砖
chisel:technical:0, 工业方块
chisel:technical:1, 工业方块
chisel:technical:2, 工业方块
chisel:technical:3, 工业方块
chisel:technical:4, 工业方块
chisel:technical:5, 工业方块
chisel:technical:6, 工业方块
chisel:technical:7, 工业方块
chisel:technical:8, 工业方块
chisel:technical:9, 工业方块
chisel:technical:10, 工业方块
chisel:technical:11, 工业方块
chisel:technical:12, 工业方块
chisel:technical:13, 工业方块
chisel:technical:14, 工业方块
chisel:technical:15, 工业方块
chisel:technical1:0, 工业方块
chisel:technical1:1, 工业方块
chisel:technical1:2, 工业方块
chisel:technical1:3, 工业方块
chisel:technical1:4, 工业方块
chisel:technicalnew:0, 工业方块
chisel:technicalnew:1, 工业方块
chisel:technicalnew:2, 工业方块
chisel:technicalnew:3, 工业方块
chisel:technicalnew:4, 工业方块
chisel:technicalnew:5, 工业方块
chisel:technicalnew:6, 工业方块
chisel:technicalnew:7, 工业方块
chisel:technicalnew:8, 工业方块
chisel:temple:0, 神庙石
chisel:temple:1, 神庙石
chisel:temple:2, 神庙石
chisel:temple:3, 神庙石
chisel:temple:4, 神庙石
chisel:temple:5, 神庙石
chisel:temple:6, 神庙石
chisel:temple:7, 神庙石
chisel:temple:8, 神庙石
chisel:temple:9, 神庙石
chisel:temple:10, 神庙石
chisel:temple:11, 神庙石
chisel:temple:12, 神庙石
chisel:temple:13, 神庙石
chisel:temple:14, 神庙石
chisel:temple:15, 神庙石
chisel:templemossy:0, 神庙苔石
chisel:templemossy:1, 神庙苔石
chisel:templemossy:2, 神庙苔石
chisel:templemossy:3, 神庙苔石
chisel:templemossy:4, 神庙苔石
chisel:templemossy:5, 神庙苔石
chisel:templemossy:6, 神庙苔石
chisel:templemossy:7, 神庙苔石
chisel:templemossy:8, 神庙苔石
chisel:templemossy:9, 神庙苔石
chisel:templemossy:10, 神庙苔石
chisel:templemossy:11, 神庙苔石
chisel:templemossy:12, 神庙苔石
chisel:templemossy:13, 神庙苔石
chisel:templemossy:14, 神庙苔石
chisel:templemossy:15, 神庙苔石
chisel:blocktin:0, 锡块
chisel:blocktin:1, 锡块
chisel:blocktin:2, 锡块
chisel:blocktin:3, 锡块
chisel:blocktin:4, 锡块
chisel:blocktin:5, 锡块
chisel:blocktin:6, 锡块
chisel:tyrian:0, 未来风格金属块
chisel:tyrian:1, 未来风格金属块
chisel:tyrian:2, 未来风格金属块
chisel:tyrian:3, 未来风格金属块
chisel:tyrian:4, 未来风格金属块
chisel:tyrian:5, 未来风格金属块
chisel:tyrian:6, 未来风格金属块
chisel:tyrian:7, 未来风格金属块
chisel:tyrian:8, 未来风格金属块
chisel:tyrian:9, 未来风格金属块
chisel:tyrian:10, 未来风格金属块
chisel:tyrian:11, 未来风格金属块
chisel:tyrian:12, 未来风格金属块
chisel:tyrian:13, 未来风格金属块
chisel:tyrian:14, 未来风格金属块
chisel:tyrian:15, 未来风格金属块
chisel:blockuranium:0, 铀块
chisel:blockuranium:1, 铀块
chisel:blockuranium:2, 铀块
chisel:blockuranium:3, 铀块
chisel:blockuranium:4, 铀块
chisel:blockuranium:5, 铀块
chisel:blockuranium:6, 铀块
chisel:valentines:0, 爱之方块
chisel:valentines:1, 爱之方块
chisel:valentines:2, 爱之方块
chisel:valentines:3, 爱之方块
chisel:valentines:4, 爱之方块
chisel:valentines:5, 爱之方块
chisel:valentines:6, 爱之方块
chisel:valentines:7, 爱之方块
chisel:valentines:8, 爱之方块
chisel:valentines:9, 爱之方块
chisel:voidstone:0, 虚空石
chisel:voidstone:1, 虚空石
chisel:voidstone:2, 虚空石
chisel:voidstone:3, 虚空石
chisel:voidstone:4, 虚空石
chisel:voidstone:5, 虚空石
chisel:voidstone:6, 虚空石
chisel:voidstone:7, 虚空石
chisel:energizedvoidstone:0, 元始虚空石
chisel:energizedvoidstone:1, 元始虚空石
chisel:energizedvoidstone:2, 元始虚空石
chisel:energizedvoidstone:3, 元始虚空石
chisel:energizedvoidstone:4, 元始虚空石
chisel:energizedvoidstone:5, 元始虚空石
chisel:energizedvoidstone:6, 元始虚空石
chisel:energizedvoidstone:7, 元始虚空石
chisel:voidstonerunic:0, 符文虚空石
chisel:voidstonerunic:1, 符文虚空石
chisel:voidstonerunic:2, 符文虚空石
chisel:voidstonerunic:3, 符文虚空石
chisel:voidstonerunic:4, 符文虚空石
chisel:voidstonerunic:5, 符文虚空石
chisel:voidstonerunic:6, 符文虚空石
chisel:voidstonerunic:7, 符文虚空石
chisel:voidstonerunic:8, 符文虚空石
chisel:voidstonerunic:9, 符文虚空石
chisel:voidstonerunic:10, 符文虚空石
chisel:voidstonerunic:11, 符文虚空石
chisel:voidstonerunic:12, 符文虚空石
chisel:voidstonerunic:13, 符文虚空石
chisel:voidstonerunic:14, 符文虚空石
chisel:waterstone:0, 水磨石
chisel:waterstone:1, 水磨石
chisel:waterstone:2, 水磨石
chisel:waterstone:3, 水磨石
chisel:waterstone:4, 水磨石
chisel:waterstone:5, 水磨石
chisel:waterstone:6, 水磨石
chisel:waterstone:7, 水磨石
chisel:waterstone:8, 水磨石
chisel:waterstone:9, 水磨石
chisel:waterstone:10, 水磨石
chisel:waterstone:11, 水磨石
chisel:waterstone:12, 水磨石
chisel:waterstone:13, 水磨石
chisel:waterstone:14, 水磨石
chisel:waterstone:15, 水磨石
chisel:waterstone1:0, 水磨石
chisel:waterstone1:1, 水磨石
chisel:waterstone1:2, 水磨石
chisel:waterstone1:3, 水磨石
chisel:waterstone1:4, 水磨石
chisel:waterstone1:5, 水磨石
chisel:waterstone1:6, 水磨石
chisel:waterstone1:7, 水磨石
chisel:waterstone1:8, 水磨石
chisel:waterstone1:9, 水磨石
chisel:waterstone1:10, 水磨石
chisel:waterstone1:11, 水磨石
chisel:waterstone1:12, 水磨石
chisel:waterstone1:13, 水磨石
chisel:waterstone1:14, 水磨石
chisel:waterstone1:15, 水磨石
chisel:waterstone2:0, 水磨石
chisel:wool_black:0, 黑色地毯
chisel:wool_black:1, 黑色地毯
chisel:wool_red:0, 红色地毯
chisel:wool_red:1, 红色地毯
chisel:wool_green:0, 绿色地毯
chisel:wool_green:1, 绿色地毯
chisel:wool_brown:0, 棕色地毯
chisel:wool_brown:1, 棕色地毯
chisel:wool_blue:0, 蓝色地毯
chisel:wool_blue:1, 蓝色地毯
chisel:wool_purple:0, 紫色地毯
chisel:wool_purple:1, 紫色地毯
chisel:wool_cyan:0, 青色地毯
chisel:wool_cyan:1, 青色地毯
chisel:wool_lightgray:0, 淡灰色地毯
chisel:wool_lightgray:1, 淡灰色地毯
chisel:wool_gray:0, 灰色地毯
chisel:wool_gray:1, 灰色地毯
chisel:wool_pink:0, 粉红色地毯
chisel:wool_pink:1, 粉红色地毯
chisel:wool_lime:0, 黄绿色地毯
chisel:wool_lime:1, 黄绿色地毯
chisel:wool_yellow:0, 黄色地毯
chisel:wool_yellow:1, 黄色地毯
chisel:wool_lightblue:0, 淡蓝色地毯
chisel:wool_lightblue:1, 淡蓝色地毯
chisel:wool_magenta:0, 品红色地毯
chisel:wool_magenta:1, 品红色地毯
chisel:wool_orange:0, 橙色地毯
chisel:wool_orange:1, 橙色地毯
chisel:wool_white:0, 地毯
chisel:wool_white:1, 地毯
forge:bucketfilled, %s Bucket
gregtech:toolbelt, item.gt.tool.toolbelt.name.name
gregtech:sword, item.gt.tool.sword.name.name
gregtech:pickaxe, item.gt.tool.pickaxe.name.name
gregtech:shovel, item.gt.tool.shovel.name.name
gregtech:axe, item.gt.tool.axe.name.name
gregtech:double_axe, item.gt.tool.double_axe.name.name
gregtech:hoe, item.gt.tool.hoe.name.name
gregtech:saw, item.gt.tool.saw.name.name
gregtech:hammer, item.gt.tool.hammer.name.name
gregtech:mallet, item.gt.tool.mallet.name.name
gregtech:mining_hammer, item.gt.tool.mining_hammer.name.name
gregtech:spade, item.gt.tool.spade.name.name
gregtech:wrench, item.gt.tool.wrench.name.name
gregtech:file, item.gt.tool.file.name.name
gregtech:crowbar, item.gt.tool.crowbar.name.name
gregtech:screwdriver, item.gt.tool.screwdriver.name.name
gregtech:mortar, item.gt.tool.mortar.name.name
gregtech:wire_cutter, item.gt.tool.wire_cutter.name.name
gregtech:scythe, item.gt.tool.scythe.name.name
gregtech:knife, item.gt.tool.knife.name.name
gregtech:shears, item.gt.tool.shears.name.name
gregtech:butchery_knife, item.gt.tool.butchery_knife.name.name
gregtech:club, item.gt.tool.club.name.name
gregtech:tree_tap, item.gt.tool.tree_tap.name.name
gregtech:drill_lv, item.gt.tool.drill_lv.name.name
gregtech:drill_mv, item.gt.tool.drill_mv.name.name
gregtech:drill_hv, item.gt.tool.drill_hv.name.name
gregtech:drill_ev, item.gt.tool.drill_ev.name.name
gregtech:drill_iv, item.gt.tool.drill_iv.name.name
gregtech:chainsaw_lv, item.gt.tool.chainsaw_lv.name.name
gregtech:chainsaw_hv, item.gt.tool.chainsaw_hv.name.name
gregtech:chainsaw_iv, item.gt.tool.chainsaw_iv.name.name
gregtech:wrench_lv, item.gt.tool.wrench_lv.name.name
gregtech:wrench_hv, item.gt.tool.wrench_hv.name.name
gregtech:wrench_iv, item.gt.tool.wrench_iv.name.name
gregtech:buzzsaw_lv, item.gt.tool.buzzsaw_lv.name.name
gregtech:buzzsaw_hv, item.gt.tool.buzzsaw_hv.name.name
gregtech:buzzsaw_iv, item.gt.tool.buzzsaw_iv.name.name
gregtech:screwdriver_lv, item.gt.tool.screwdriver_lv.name.name
gregtech:screwdriver_hv, item.gt.tool.screwdriver_hv.name.name
gregtech:screwdriver_iv, item.gt.tool.screwdriver_iv.name.name
gregtech:plunger, item.gt.tool.plunger.name.name
gregtech:wire_cutter_lv, item.gt.tool.wire_cutter_lv.name.name
gregtech:wire_cutter_hv, item.gt.tool.wire_cutter_hv.name.name
gregtech:wire_cutter_iv, item.gt.tool.wire_cutter_iv.name.name
gregtech:motorized_pestle_lv, item.gt.tool.motorized_pestle_lv.name.name
gregtech:motorized_pestle_hv, item.gt.tool.motorized_pestle_hv.name.name
gregtech:motorized_pestle_iv, item.gt.tool.motorized_pestle_iv.name.name
gregtech:hammer_drill_lv, item.gt.tool.hammer_drill_lv.name.name
gregtech:hammer_drill_mv, item.gt.tool.hammer_drill_mv.name.name
gregtech:hammer_drill_hv, item.gt.tool.hammer_drill_hv.name.name
gregtech:hammer_drill_ev, item.gt.tool.hammer_drill_ev.name.name
gregtech:hammer_drill_iv, item.gt.tool.hammer_drill_iv.name.name
gregtech:tree_tap_lv, item.gt.tool.tree_tap_lv.name.name
gregtech:tree_tap_hv, item.gt.tool.tree_tap_hv.name.name
gregtech:tree_tap_iv, item.gt.tool.tree_tap_iv.name.name
gregtech:trimmer_lv, item.gt.tool.trimmer_lv.name.name
gregtech:trimmer_hv, item.gt.tool.trimmer_hv.name.name
gregtech:trimmer_iv, item.gt.tool.trimmer_iv.name.name
gregtech:combination_wrench, item.gt.tool.combination_wrench.name.name
gregtech:universal_spade, item.gt.tool.universal_spade.name.name
gregtech:flint_and_steel, item.gt.tool.flint_and_steel.name.name
gregtech:pincers, item.gt.tool.pincers.name.name
gregtech:bending_cylinder, item.gt.tool.bending_cylinder.name.name
gregtech:bending_cylinder_small, item.gt.tool.bending_cylinder_small.name.name
gregtech:universal_tool, item.gt.tool.universal_tool.name.name
gregtech:chisel, item.gt.tool.chisel.name.name
gt6addition:mte:1, 蒸汽涡轮机(铅)
gt6addition:mte:2, 蒸汽涡轮机(青铜)
gt6addition:mte:3, 蒸汽涡轮机(钢)
gt6addition:mte:4, 蒸汽涡轮机(殷钢)
gt6addition:mte:5, 蒸汽涡轮机(铬)
gt6addition:mte:6, 蒸汽涡轮机(钛)
gt6addition:mte:7, 蒸汽涡轮机(钨)
gt6addition:mte:8, 蒸汽涡轮机(钨钢)
gt6addition:mte:9, 简易固体燃烧室(铅)
gt6addition:mte:10, 固体燃烧室(铋)
gt6addition:mte:11, 简易固体燃烧室(青铜)
gt6addition:mte:12, 固体燃烧室(砷铜)
gt6addition:mte:13, 固体燃烧室(砷青铜)
gt6addition:mte:14, 简易固体燃烧室(殷钢)
gt6addition:mte:15, 简易固体燃烧室(钢)
gt6addition:mte:16, 简易固体燃烧室(铬)
gt6addition:mte:17, 简易固体燃烧室(钛)
gt6addition:mte:18, 固体燃烧室(下界合金)
gt6addition:mte:19, 简易固体燃烧室(钨)
gt6addition:mte:20, 简易固体燃烧室(钨钢)
gt6addition:mte:21, 固体燃烧室(钽铪碳化物)
gt6addition:mte:22, 致密简易固体燃烧室(铅)
gt6addition:mte:23, 致密固体燃烧室(铋)
gt6addition:mte:24, 致密简易固体燃烧室(青铜)
gt6addition:mte:25, 致密固体燃烧室(砷铜)
gt6addition:mte:26, 致密固体燃烧室(砷青铜)
gt6addition:mte:27, 致密简易固体燃烧室(殷钢)
gt6addition:mte:28, 致密简易固体燃烧室(钢)
gt6addition:mte:29, 致密简易固体燃烧室(铬)
gt6addition:mte:30, 致密简易固体燃烧室(钛)
gt6addition:mte:31, 致密固体燃烧室(下界合金)
gt6addition:mte:32, 致密简易固体燃烧室(钨)
gt6addition:mte:33, 致密简易固体燃烧室(钨钢)
gt6addition:mte:34, 致密固体燃烧室(钽铪碳化物)
gt6addition:mte:35, 简易流体燃烧室(铅)
gt6addition:mte:36, 流体燃烧室(铋)
gt6addition:mte:37, 简易流体燃烧室(青铜)
gt6addition:mte:38, 流体燃烧室(砷铜)
gt6addition:mte:39, 流体燃烧室(砷青铜)
gt6addition:mte:40, 简易流体燃烧室(殷钢)
gt6addition:mte:41, 简易流体燃烧室(钢)
gt6addition:mte:42, 简易流体燃烧室(铬)
gt6addition:mte:43, 简易流体燃烧室(钛)
gt6addition:mte:44, 流体燃烧室(下界合金)
gt6addition:mte:45, 简易流体燃烧室(钨)
gt6addition:mte:46, 简易流体燃烧室(钨钢)
gt6addition:mte:47, 流体燃烧室(钽铪碳化物)
gt6addition:mte:48, 致密简易流体燃烧室(铅)
gt6addition:mte:49, 致密流体燃烧室(铋)
gt6addition:mte:50, 致密简易流体燃烧室(青铜)
gt6addition:mte:51, 致密流体燃烧室(砷铜)
gt6addition:mte:52, 致密流体燃烧室(砷青铜)
gt6addition:mte:53, 致密简易流体燃烧室(殷钢)
gt6addition:mte:54, 致密简易流体燃烧室(钢)
gt6addition:mte:55, 致密简易流体燃烧室(铬)
gt6addition:mte:56, 致密简易流体燃烧室(钛)
gt6addition:mte:57, 致密流体燃烧室(下界合金)
gt6addition:mte:58, 致密简易流体燃烧室(钨)
gt6addition:mte:59, 致密简易流体燃烧室(钨钢)
gt6addition:mte:60, 致密流体燃烧室(钽铪碳化物)
gt6addition:mte:61, 流化床燃烧室(铅)
gt6addition:mte:62, 流化床燃烧室(铋)
gt6addition:mte:63, 流化床燃烧室(青铜)
gt6addition:mte:64, 流化床燃烧室(砷铜)
gt6addition:mte:65, 流化床燃烧室(砷青铜)
gt6addition:mte:66, 流化床燃烧室(因瓦)
gt6addition:mte:67, 流化床燃烧室(钢)
gt6addition:mte:68, 流化床燃烧室(铬)
gt6addition:mte:69, 流化床燃烧室(钛)
gt6addition:mte:70, 流化床燃烧室(下界合金)
gt6addition:mte:71, 流化床燃烧室(钨)
gt6addition:mte:72, 流化床燃烧室(钨钢)
gt6addition:mte:73, 流化床燃烧室(钽铪碳化物)
gt6addition:mte:74, 致密流化床燃烧室(铅)
gt6addition:mte:75, 致密流化床燃烧室(铋)
gt6addition:mte:76, 致密流化床燃烧室(青铜)
gt6addition:mte:77, 致密流化床燃烧室(砷铜)
gt6addition:mte:78, 致密流化床燃烧室(砷青铜)
gt6addition:mte:79, 致密流化床燃烧室(因瓦)
gt6addition:mte:80, 致密流化床燃烧室(钢)
gt6addition:mte:81, 致密流化床燃烧室(铬)
gt6addition:mte:82, 致密流化床燃烧室(钛)
gt6addition:mte:83, 致密流化床燃烧室(下界合金)
gt6addition:mte:84, 致密流化床燃烧室(钨)
gt6addition:mte:85, 致密流化床燃烧室(钨钢)
gt6addition:mte:86, 致密流化床燃烧室(钽铪碳化物)
gt6addition:mte:87, 砖块燃烧室(固体)
gt6addition:mte:88, 电动机(钢)
gt6addition:mte:89, 电动机(铝)
gt6addition:mte:90, 电动机(不锈钢)
gt6addition:mte:91, 电动机(钛)
gt6addition:mte:92, 电动机(钨钢)
gt6addition:mte:93, 发电机 (LV)
gt6addition:mte:94, 发电机 (MV)
gt6addition:mte:95, 发电机 (HV)
gt6addition:mte:96, 发电机 (EV)
gt6addition:mte:97, 发电机 (IV)
gt6addition:mte:98, 电力 CO2 激光器 (LV)
gt6addition:mte:99, 电力 CO2 激光器 (MV)
gt6addition:mte:100, 电力 CO2 激光器 (HV)
gt6addition:mte:101, 电力 CO2 激光器 (EV)
gt6addition:mte:102, 电力 CO2 激光器 (IV)
gt6addition:mte:103, 燃油引擎(钢)
gt6addition:mte:104, 燃油引擎(铝)
gt6addition:mte:105, 燃油引擎(不锈钢)
gt6addition:mte:106, 燃油引擎(钛)
gt6addition:mte:107, 燃油引擎(钨钢)
gt6addition:mte:108, 旋转动能引擎(青铜)
gt6addition:mte:109, 旋转动能引擎(钢)
gt6addition:mte:110, 旋转动能引擎(不锈钢)
gt6addition:mte:111, 旋转动能引擎(钛)
gt6addition:mte:112, 旋转动能引擎(钨钢)
gt6addition:mte:113, 蒸汽动能引擎(青铜)
gt6addition:mte:114, 蒸汽动能引擎(钢)
gt6addition:mte:115, 蒸汽动能引擎(不锈钢)
gt6addition:mte:116, 蒸汽动能引擎(钛)
gt6addition:mte:117, 蒸汽动能引擎(钨钢)
gt6addition:mte:118, 强化蒸汽动能引擎(青铜)
gt6addition:mte:119, 强化蒸汽动能引擎(钢)
gt6addition:mte:120, 强化蒸汽动能引擎(不锈钢)
gt6addition:mte:121, 强化蒸汽动能引擎(钛)
gt6addition:mte:122, 强化蒸汽动能引擎(钨钢)
gt6addition:mte:123, 动能变速箱(青铜)
gt6addition:mte:124, 动能变速箱(钢)
gt6addition:mte:125, 动能变速箱(不锈钢)
gt6addition:mte:126, 动能变速箱(钛)
gt6addition:mte:127, 动能变速箱(钨钢)
gt6addition:mte:128, 可调动能变速箱(青铜)
gt6addition:mte:129, 可调动能变速箱(钢)
gt6addition:mte:130, 可调动能变速箱(不锈钢)
gt6addition:mte:131, 可调动能变速箱(钛)
gt6addition:mte:132, 可调动能变速箱(钨钢)
gt6addition:mte:133, GT6料斗(青铜)
gt6addition:mte:134, GT6料斗(钢)
gt6addition:mte:135, GT6料斗(不锈钢)
gt6addition:mte:136, GT6料斗(钛)
gt6addition:mte:137, GT6料斗(钨钢)
gt6addition:mte:138, GT6队列料斗(青铜)
gt6addition:mte:139, GT6队列料斗(钢)
gt6addition:mte:140, GT6队列料斗(不锈钢)
gt6addition:mte:141, GT6队列料斗(钛)
gt6addition:mte:142, GT6队列料斗(钨钢)
gt6addition:mte:143, 旋转泵 (LV)
gt6addition:mte:144, 旋转泵 (MV)
gt6addition:mte:145, 旋转泵 (HV)
gt6addition:mte:146, 旋转泵 (EV)
gt6addition:mte:147, 旋转泵 (IV)
gt6addition:mte:148, 研钵
gt6addition:mte:149, 微型下界传送门
gt6addition:mte:150, 微型末地传送门
gt6addition:mte:151, 动能传动轴(石)
gt6addition:mte:152, 动能传动轴(玄武岩)
gt6addition:mte:153, 动能传动轴(黑色花岗岩)
gt6addition:mte:154, 动能传动轴(红色花岗岩)
gt6addition:mte:155, 动能传动轴(石英)
gt6addition:mte:156, 动能传动轴(碳)
gt6addition:mte:157, 动能传动轴(青铜)
gt6addition:mte:158, 动能传动轴(因瓦)
gt6addition:mte:159, 动能传动轴(钢)
gt6addition:mte:160, 动能传动轴(不锈钢)
gt6addition:mte:161, 动能传动轴(钛)
gt6addition:mte:162, 动能传动轴(铬)
gt6addition:mte:163, 动能传动轴(钼)
gt6addition:mte:164, 动能传动轴(铌)
gt6addition:mte:165, 动能传动轴(钽)
gt6addition:mte:166, 动能传动轴(锇)
gt6addition:mte:167, 动能传动轴(铱)
gt6addition:mte:168, 动能传动轴(铌钛)
gt6addition:mte:169, 动能传动轴(钒)
gt6addition:mte:170, 动能传动轴(钨)
gt6addition:mte:171, 动能传动轴(钨钢)
gt6addition:mte:172, 动能传动轴(碳化钨)
gt6addition:mte:173, 电磁铁(镀锌钢)
gt6addition:mte:174, 电磁铁(铝)
gt6addition:mte:175, 电磁铁(不锈钢)
gt6addition:mte:176, 电磁铁(钛)
gt6addition:mte:177, 电磁铁(钨钢)
gt6addition:mte:178, 半导体制冷器(镀锌钢)
gt6addition:mte:179, 半导体制冷器(铝)
gt6addition:mte:180, 半导体制冷器(不锈钢)
gt6addition:mte:181, 半导体制冷器(钛)
gt6addition:mte:182, 半导体制冷器(钨钢)
gt6addition:mte:183, 自动点火器 (LV)
gt6addition:mte:184, 激光焊接机 (LV)
gt6addition:mte:185, 激光焊接机 (MV)
gt6addition:mte:186, 激光焊接机 (HV)
gt6addition:mte:187, 激光焊接机 (EV)
gt6addition:mte:188, 激光焊接机 (IV)
gt6addition:mte:189, 激光刻蚀机 (LV)
gt6addition:mte:190, 激光刻蚀机 (MV)
gt6addition:mte:191, 激光刻蚀机 (HV)
gt6addition:mte:192, 激光刻蚀机 (EV)
gt6addition:mte:193, 激光刻蚀机 (IV)
gt6addition:mte:194, 旋转能卷板机(青铜)
gt6addition:mte:195, 旋转能卷板机(钢)
gt6addition:mte:196, 旋转能卷板机(不锈钢)
gt6addition:mte:197, 旋转能卷板机(钛)
gt6addition:mte:198, 旋转能卷板机(钨钢)
gt6addition:mte:199, 旋转能线材轧机(青铜)
gt6addition:mte:200, 旋转能线材轧机(钢)
gt6addition:mte:201, 旋转能线材轧机(不锈钢)
gt6addition:mte:202, 旋转能线材轧机(钛)
gt6addition:mte:203, 旋转能线材轧机(钨钢)
gt6addition:mte:204, 旋转能车床(青铜)
gt6addition:mte:205, 旋转能车床(钢)
gt6addition:mte:206, 旋转能车床(不锈钢)
gt6addition:mte:207, 旋转能车床(钛)
gt6addition:mte:208, 旋转能车床(钨钢)
gt6addition:mte:209, 旋转能圆锯(青铜)
gt6addition:mte:210, 旋转能圆锯(钢)
gt6addition:mte:211, 旋转能圆锯(不锈钢)
gt6addition:mte:212, 旋转能圆锯(钛)
gt6addition:mte:213, 旋转能圆锯(钨钢)
gt6addition:mte:214, 旋转能离心机(青铜)
gt6addition:mte:215, 旋转能离心机(钢)
gt6addition:mte:216, 旋转能离心机(不锈钢)
gt6addition:mte:217, 旋转能离心机(钛)
gt6addition:mte:218, 旋转能离心机(钨钢)
gt6addition:mte:219, 旋转能织布机(青铜)
gt6addition:mte:220, 旋转能织布机(钢)
gt6addition:mte:221, 旋转能织布机(不锈钢)
gt6addition:mte:222, 旋转能织布机(钛)
gt6addition:mte:223, 旋转能织布机(钨钢)
gt6addition:mte:224, 旋转能洗矿厂(青铜)
gt6addition:mte:225, 旋转能洗矿厂(钢)
gt6addition:mte:226, 旋转能洗矿厂(不锈钢)
gt6addition:mte:227, 旋转能洗矿厂(钛)
gt6addition:mte:228, 旋转能洗矿厂(钨钢)
gt6addition:mte:229, 旋转能搅拌机(青铜)
gt6addition:mte:230, 旋转能搅拌机(钢)
gt6addition:mte:231, 旋转能搅拌机(不锈钢)
gt6addition:mte:232, 旋转能搅拌机(钛)
gt6addition:mte:233, 旋转能搅拌机(钨钢)
gt6addition:mte:234, 动能压缩机(青铜)
gt6addition:mte:235, 动能压缩机(钢)
gt6addition:mte:236, 动能压缩机(不锈钢)
gt6addition:mte:237, 动能压缩机(钛)
gt6addition:mte:238, 动能压缩机(钨钢)
gt6addition:mte:239, 动能冲压机床(青铜)
gt6addition:mte:240, 动能冲压机床(钢)
gt6addition:mte:241, 动能冲压机床(不锈钢)
gt6addition:mte:242, 动能冲压机床(钛)
gt6addition:mte:243, 动能冲压机床(钨钢)
gt6addition:mte:244, 动能锻造锤(青铜)
gt6addition:mte:245, 动能锻造锤(钢)
gt6addition:mte:246, 动能锻造锤(不锈钢)
gt6addition:mte:247, 动能锻造锤(钛)
gt6addition:mte:248, 动能锻造锤(钨钢)
gt6addition:mte:249, 动能筛选机(青铜)
gt6addition:mte:250, 动能筛选机(钢)
gt6addition:mte:251, 动能筛选机(不锈钢)
gt6addition:mte:252, 动能筛选机(钛)
gt6addition:mte:253, 动能筛选机(钨钢)
gt6addition:mte:254, 热力熔炉(钢)
gt6addition:mte:255, 热力熔炉(殷钢)
gt6addition:mte:256, 热力熔炉(钛)
gt6addition:mte:257, 热力熔炉(碳化钨)
gt6addition:mte:258, 热力蒸馏室(钢)
gt6addition:mte:259, 热力蒸馏室(殷钢)
gt6addition:mte:260, 热力蒸馏室(钛)
gt6addition:mte:261, 热力蒸馏室(碳化钨)
gt6addition:mte:262, 热力压模机(钢)
gt6addition:mte:263, 热力压模机(殷钢)
gt6addition:mte:264, 热力压模机(钛)
gt6addition:mte:265, 热力压模机(碳化钨)
gt6addition:mte:266, 热力过胶机(钢)
gt6addition:mte:267, 热力过胶机(殷钢)
gt6addition:mte:268, 热力过胶机(钛)
gt6addition:mte:269, 热力过胶机(碳化钨)
gt6addition:mte:270, 热力焙烧炉(钢)
gt6addition:mte:271, 热力焙烧炉(殷钢)
gt6addition:mte:272, 热力焙烧炉(钛)
gt6addition:mte:273, 热力焙烧炉(碳化钨)
gt6addition:mte:274, 热力发酵室(钢)
gt6addition:mte:275, 热力发酵室(殷钢)
gt6addition:mte:276, 热力发酵室(钛)
gt6addition:mte:277, 热力发酵室(碳化钨)
gt6addition:mte:278, 热力坩埚(石头)
gt6addition:mte:279, 热力坩埚(玄武岩)
gt6addition:mte:280, 热力坩埚(黑色花岗岩)
gt6addition:mte:281, 热力坩埚(红色花岗岩)
gt6addition:mte:282, 热力坩埚(石英)
gt6addition:mte:283, 热力坩埚(碳)
gt6addition:mte:284, 热力坩埚(青铜)
gt6addition:mte:285, 热力坩埚(殷钢)
gt6addition:mte:286, 热力坩埚(钢)
gt6addition:mte:287, 热力坩埚(不锈钢)
gt6addition:mte:288, 热力坩埚(钛)
gt6addition:mte:289, 热力坩埚(铬)
gt6addition:mte:290, 热力坩埚(钼)
gt6addition:mte:291, 热力坩埚(铌)
gt6addition:mte:292, 热力坩埚(钽)
gt6addition:mte:293, 热力坩埚(锇)
gt6addition:mte:294, 热力坩埚(铱)
gt6addition:mte:295, 热力坩埚(铌钛合金)
gt6addition:mte:296, 热力坩埚(钒)
gt6addition:mte:297, 热力坩埚(钨)
gt6addition:mte:298, 热力坩埚(钨钢)
gt6addition:mte:299, 热力坩埚(碳化钨)
gt6addition:mte:300, 热力坩埚(陶瓷)
gt6addition:mte:301, 坩埚浇铸口(石头)
gt6addition:mte:302, 坩埚浇铸口(玄武岩)
gt6addition:mte:303, 坩埚浇铸口(黑色花岗岩)
gt6addition:mte:304, 坩埚浇铸口(红色花岗岩)
gt6addition:mte:305, 坩埚浇铸口(石英)
gt6addition:mte:306, 坩埚浇铸口(碳)
gt6addition:mte:307, 坩埚浇铸口(青铜)
gt6addition:mte:308, 坩埚浇铸口(殷钢)
gt6addition:mte:309, 坩埚浇铸口(钢)
gt6addition:mte:310, 坩埚浇铸口(不锈钢)
gt6addition:mte:311, 坩埚浇铸口(钛)
gt6addition:mte:312, 坩埚浇铸口(铬)
gt6addition:mte:313, 坩埚浇铸口(钼)
gt6addition:mte:314, 坩埚浇铸口(铌)
gt6addition:mte:315, 坩埚浇铸口(钽)
gt6addition:mte:316, 坩埚浇铸口(锇)
gt6addition:mte:317, 坩埚浇铸口(铱)
gt6addition:mte:318, 坩埚浇铸口(铌钛合金)
gt6addition:mte:319, 坩埚浇铸口(钒)
gt6addition:mte:320, 坩埚浇铸口(钨)
gt6addition:mte:321, 坩埚浇铸口(钨钢)
gt6addition:mte:322, 坩埚浇铸口(碳化钨)
gt6addition:mte:323, 坩埚浇铸口(陶瓷)
gt6addition:mte:324, 坩埚浇铸道(石头)
gt6addition:mte:325, 坩埚浇铸道(玄武岩)
gt6addition:mte:326, 坩埚浇铸道(黑色花岗岩)
gt6addition:mte:327, 坩埚浇铸道(红色花岗岩)
gt6addition:mte:328, 坩埚浇铸道(石英)
gt6addition:mte:329, 坩埚浇铸道(碳)
gt6addition:mte:330, 坩埚浇铸道(青铜)
gt6addition:mte:331, 坩埚浇铸道(殷钢)
gt6addition:mte:332, 坩埚浇铸道(钢)
gt6addition:mte:333, 坩埚浇铸道(不锈钢)
gt6addition:mte:334, 坩埚浇铸道(钛)
gt6addition:mte:335, 坩埚浇铸道(铬)
gt6addition:mte:336, 坩埚浇铸道(钼)
gt6addition:mte:337, 坩埚浇铸道(铌)
gt6addition:mte:338, 坩埚浇铸道(钽)
gt6addition:mte:339, 坩埚浇铸道(锇)
gt6addition:mte:340, 坩埚浇铸道(铱)
gt6addition:mte:341, 坩埚浇铸道(铌钛合金)
gt6addition:mte:342, 坩埚浇铸道(钒)
gt6addition:mte:343, 坩埚浇铸道(钨)
gt6addition:mte:344, 坩埚浇铸道(钨钢)
gt6addition:mte:345, 坩埚浇铸道(碳化钨)
gt6addition:mte:346, 坩埚浇铸道(陶瓷)
gt6addition:mte:347, 浇铸盆(石头)
gt6addition:mte:348, 浇铸盆(玄武岩)
gt6addition:mte:349, 浇铸盆(黑色花岗岩)
gt6addition:mte:350, 浇铸盆(红色花岗岩)
gt6addition:mte:351, 浇铸盆(石英)
gt6addition:mte:352, 浇铸盆(碳)
gt6addition:mte:353, 浇铸盆(青铜)
gt6addition:mte:354, 浇铸盆(殷钢)
gt6addition:mte:355, 浇铸盆(钢)
gt6addition:mte:356, 浇铸盆(不锈钢)
gt6addition:mte:357, 浇铸盆(钛)
gt6addition:mte:358, 浇铸盆(铬)
gt6addition:mte:359, 浇铸盆(钼)
gt6addition:mte:360, 浇铸盆(铌)
gt6addition:mte:361, 浇铸盆(钽)
gt6addition:mte:362, 浇铸盆(锇)
gt6addition:mte:363, 浇铸盆(铱)
gt6addition:mte:364, 浇铸盆(铌钛合金)
gt6addition:mte:365, 浇铸盆(钒)
gt6addition:mte:366, 浇铸盆(钨)
gt6addition:mte:367, 浇铸盆(钨钢)
gt6addition:mte:368, 浇铸盆(碳化钨)
gt6addition:mte:369, 浇铸盆(陶瓷)
gt6addition:mte:370, 模具(石头)
gt6addition:mte:371, 模具(玄武岩)
gt6addition:mte:372, 模具(黑色花岗岩)
gt6addition:mte:373, 模具(红色花岗岩)
gt6addition:mte:374, 模具(石英)
gt6addition:mte:375, 模具(碳)
gt6addition:mte:376, 模具(青铜)
gt6addition:mte:377, 模具(殷钢)
gt6addition:mte:378, 模具(钢)
gt6addition:mte:379, 模具(不锈钢)
gt6addition:mte:380, 模具(钛)
gt6addition:mte:381, 模具(铬)
gt6addition:mte:382, 模具(钼)
gt6addition:mte:383, 模具(铌)
gt6addition:mte:384, 模具(钽)
gt6addition:mte:385, 模具(锇)
gt6addition:mte:386, 模具(铱)
gt6addition:mte:387, 模具(铌钛合金)
gt6addition:mte:388, 模具(钒)
gt6addition:mte:389, 模具(钨)
gt6addition:mte:390, 模具(钨钢)
gt6addition:mte:391, 模具(碳化钨)
gt6addition:mte:392, 模具(陶瓷)
gt6addition:mte:393, 温度传感器
gt6addition:mte:394, 电磁偏振器(镀锌钢)
gt6addition:mte:395, 电磁偏振器(铝)
gt6addition:mte:396, 电磁偏振器(不锈钢)
gt6addition:mte:397, 电磁偏振器(钛)
gt6addition:mte:398, 电磁偏振器(钨钢)
gt6addition:mte:399, 磁选机(镀锌钢)
gt6addition:mte:400, 磁选机(铝)
gt6addition:mte:401, 磁选机(不锈钢)
gt6addition:mte:402, 磁选机(钛)
gt6addition:mte:403, 磁选机(钨钢)
gregtech:mte:1, 小型蒸汽固体燃料锅炉
gregtech:mte:2, 高压蒸汽固体燃料锅炉
gregtech:mte:3, 简易蒸汽太阳能锅炉
gregtech:mte:4, 高压蒸汽太阳能锅炉
gregtech:mte:5, 小型蒸汽液体燃料锅炉
gregtech:mte:6, 高压蒸汽液体燃料锅炉
gregtech:mte:7, 蒸汽提取机
gregtech:mte:8, 高压蒸汽提取机
gregtech:mte:9, 蒸汽研磨机
gregtech:mte:10, 高压蒸汽研磨机
gregtech:mte:11, 蒸汽压缩机
gregtech:mte:12, 高压蒸汽压缩机
gregtech:mte:13, 蒸汽锻造锤
gregtech:mte:14, 高压蒸汽锻造锤
gregtech:mte:15, 蒸汽熔炉
gregtech:mte:16, 高压蒸汽熔炉
gregtech:mte:17, 蒸汽合金炉
gregtech:mte:18, 高压合金炉
gregtech:mte:19, 蒸汽碎岩机
gregtech:mte:20, 高压蒸汽碎岩机
gregtech:mte:21, 蒸汽硫化机
gregtech:mte:22, 高压蒸汽硫化机
gregtech:mte:23, §8蒸汽§f焙烧炉
gregtech:mte:24, §8高压蒸汽§f焙烧炉
gregtech:mte:40, 蒸汽采矿机
gregtech:mte:50, 基础电炉
gregtech:mte:51, 进阶电炉
gregtech:mte:52, 进阶电炉 II
gregtech:mte:53, 进阶电炉 III
gregtech:mte:54, 精英电炉
gregtech:mte:55, 精英电炉 II
gregtech:mte:56, 精英电炉 III
gregtech:mte:57, 终极电炉
gregtech:mte:58, 史诗电炉
gregtech:mte:59, 史诗电炉 II
gregtech:mte:60, 史诗电炉 III
gregtech:mte:61, 史诗电炉 IV
gregtech:mte:62, 传奇电炉
gregtech:mte:65, 基础研磨机
gregtech:mte:66, 进阶研磨机
gregtech:mte:67, 进阶研磨机 II
gregtech:mte:68, 进阶研磨机 III
gregtech:mte:69, 精英研磨机
gregtech:mte:70, 精英研磨机 II
gregtech:mte:71, 精英研磨机 III
gregtech:mte:72, 终极研磨机
gregtech:mte:73, 史诗研磨机
gregtech:mte:74, 史诗研磨机 II
gregtech:mte:75, 史诗研磨机 III
gregtech:mte:76, 史诗研磨机 IV
gregtech:mte:77, 传奇研磨机
gregtech:mte:80, 基础合金炉
gregtech:mte:81, 进阶合金炉
gregtech:mte:82, 进阶合金炉 II
gregtech:mte:83, 进阶合金炉 III
gregtech:mte:84, 精英合金炉
gregtech:mte:85, 精英合金炉 II
gregtech:mte:86, 精英合金炉 III
gregtech:mte:87, 终极合金炉
gregtech:mte:88, 史诗合金炉
gregtech:mte:89, 史诗合金炉 II
gregtech:mte:90, 史诗合金炉 III
gregtech:mte:91, 史诗合金炉 IV
gregtech:mte:92, 传奇合金炉
gregtech:mte:95, 基础电弧炉
gregtech:mte:96, 进阶电弧炉
gregtech:mte:97, 进阶电弧炉 II
gregtech:mte:98, 进阶电弧炉 III
gregtech:mte:99, 精英电弧炉
gregtech:mte:100, 精英电弧炉 II
gregtech:mte:101, 精英电弧炉 III
gregtech:mte:102, 终极电弧炉
gregtech:mte:103, 史诗电弧炉
gregtech:mte:104, 史诗电弧炉 II
gregtech:mte:105, 史诗电弧炉 III
gregtech:mte:106, 史诗电弧炉 IV
gregtech:mte:107, 传奇电弧炉
gregtech:mte:110, 基础组装机
gregtech:mte:111, 进阶组装机
gregtech:mte:112, 进阶组装机 II
gregtech:mte:113, 进阶组装机 III
gregtech:mte:114, 精英组装机
gregtech:mte:115, 精英组装机 II
gregtech:mte:116, 精英组装机 III
gregtech:mte:117, 终极组装机
gregtech:mte:118, 史诗组装机
gregtech:mte:119, 史诗组装机 II
gregtech:mte:120, 史诗组装机 III
gregtech:mte:121, 史诗组装机 IV
gregtech:mte:122, 传奇组装机
gregtech:mte:125, 基础高压釜
gregtech:mte:126, 进阶高压釜
gregtech:mte:127, 进阶高压釜 II
gregtech:mte:128, 进阶高压釜 III
gregtech:mte:129, 精英高压釜
gregtech:mte:130, 精英高压釜 II
gregtech:mte:131, 精英高压釜 III
gregtech:mte:132, 终极高压釜
gregtech:mte:133, 史诗高压釜
gregtech:mte:134, 史诗高压釜 II
gregtech:mte:135, 史诗高压釜 III
gregtech:mte:136, 史诗高压釜 IV
gregtech:mte:137, 传奇高压釜
gregtech:mte:140, 基础卷板机
gregtech:mte:141, 进阶卷板机
gregtech:mte:142, 进阶卷板机 II
gregtech:mte:143, 进阶卷板机 III
gregtech:mte:144, 精英卷板机
gregtech:mte:145, 精英卷板机 II
gregtech:mte:146, 精英卷板机 III
gregtech:mte:147, 终极卷板机
gregtech:mte:148, 史诗卷板机
gregtech:mte:149, 史诗卷板机 II
gregtech:mte:150, 史诗卷板机 III
gregtech:mte:151, 史诗卷板机 IV
gregtech:mte:152, 传奇卷板机
gregtech:mte:155, 基础酿造室
gregtech:mte:156, 进阶酿造室
gregtech:mte:157, 进阶酿造室 II
gregtech:mte:158, 进阶酿造室 III
gregtech:mte:159, 精英酿造室
gregtech:mte:160, 精英酿造室 II
gregtech:mte:161, 精英酿造室 III
gregtech:mte:162, 终极酿造室
gregtech:mte:163, 史诗酿造室
gregtech:mte:164, 史诗酿造室 II
gregtech:mte:165, 史诗酿造室 III
gregtech:mte:166, 史诗酿造室 IV
gregtech:mte:167, 传奇酿造室
gregtech:mte:170, 基础装罐机
gregtech:mte:171, 进阶装罐机
gregtech:mte:172, 进阶装罐机 II
gregtech:mte:173, 进阶装罐机 III
gregtech:mte:174, 精英装罐机
gregtech:mte:175, 精英装罐机 II
gregtech:mte:176, 精英装罐机 III
gregtech:mte:177, 终极装罐机
gregtech:mte:178, 史诗装罐机
gregtech:mte:179, 史诗装罐机 II
gregtech:mte:180, 史诗装罐机 III
gregtech:mte:181, 史诗装罐机 IV
gregtech:mte:182, 传奇装罐机
gregtech:mte:185, 基础离心机
gregtech:mte:186, 进阶离心机
gregtech:mte:187, 进阶离心机 II
gregtech:mte:188, 进阶离心机 III
gregtech:mte:189, 精英离心机
gregtech:mte:190, 精英离心机 II
gregtech:mte:191, 精英离心机 III
gregtech:mte:192, 终极离心机
gregtech:mte:193, 史诗离心机
gregtech:mte:194, 史诗离心机 II
gregtech:mte:195, 史诗离心机 III
gregtech:mte:196, 史诗离心机 IV
gregtech:mte:197, 传奇离心机
gregtech:mte:200, 基础化学浸洗机
gregtech:mte:201, 进阶化学浸洗机
gregtech:mte:202, 进阶化学浸洗机 II
gregtech:mte:203, 进阶化学浸洗机 III
gregtech:mte:204, 精英化学浸洗机
gregtech:mte:205, 精英化学浸洗机 II
gregtech:mte:206, 精英化学浸洗机 III
gregtech:mte:207, 终极化学浸洗机
gregtech:mte:208, 史诗化学浸洗机
gregtech:mte:209, 史诗化学浸洗机 II
gregtech:mte:210, 史诗化学浸洗机 III
gregtech:mte:211, 史诗化学浸洗机 IV
gregtech:mte:212, 传奇化学浸洗机
gregtech:mte:215, 基础化学反应釜
gregtech:mte:216, 进阶化学反应釜
gregtech:mte:217, 进阶化学反应釜 II
gregtech:mte:218, 进阶化学反应釜 III
gregtech:mte:219, 精英化学反应釜
gregtech:mte:220, 精英化学反应釜 II
gregtech:mte:221, 精英化学反应釜 III
gregtech:mte:222, 终极化学反应釜
gregtech:mte:223, 史诗化学反应釜
gregtech:mte:224, 史诗化学反应釜 II
gregtech:mte:225, 史诗化学反应釜 III
gregtech:mte:226, 史诗化学反应釜 IV
gregtech:mte:227, 传奇化学反应釜
gregtech:mte:230, 基础压缩机
gregtech:mte:231, 进阶压缩机
gregtech:mte:232, 进阶压缩机 II
gregtech:mte:233, 进阶压缩机 III
gregtech:mte:234, 精英压缩机
gregtech:mte:235, 精英压缩机 II
gregtech:mte:236, 精英压缩机 III
gregtech:mte:237, 终极压缩机
gregtech:mte:238, 史诗压缩机
gregtech:mte:239, 史诗压缩机 II
gregtech:mte:240, 史诗压缩机 III
gregtech:mte:241, 史诗压缩机 IV
gregtech:mte:242, 传奇压缩机
gregtech:mte:245, 基础切割机
gregtech:mte:246, 进阶切割机
gregtech:mte:247, 进阶切割机 II
gregtech:mte:248, 进阶切割机 III
gregtech:mte:249, 精英切割机
gregtech:mte:250, 精英切割机 II
gregtech:mte:251, 精英切割机 III
gregtech:mte:252, 终极切割机
gregtech:mte:253, 史诗切割机
gregtech:mte:254, 史诗切割机 II
gregtech:mte:255, 史诗切割机 III
gregtech:mte:256, 史诗切割机 IV
gregtech:mte:257, 传奇切割机
gregtech:mte:260, 基础蒸馏室
gregtech:mte:261, 进阶蒸馏室
gregtech:mte:262, 进阶蒸馏室 II
gregtech:mte:263, 进阶蒸馏室 III
gregtech:mte:264, 精英蒸馏室
gregtech:mte:265, 精英蒸馏室 II
gregtech:mte:266, 精英蒸馏室 III
gregtech:mte:267, 终极蒸馏室
gregtech:mte:268, 史诗蒸馏室
gregtech:mte:269, 史诗蒸馏室 II
gregtech:mte:270, 史诗蒸馏室 III
gregtech:mte:271, 史诗蒸馏室 IV
gregtech:mte:272, 传奇蒸馏室
gregtech:mte:275, 基础电解机
gregtech:mte:276, 进阶电解机
gregtech:mte:277, 进阶电解机 II
gregtech:mte:278, 进阶电解机 III
gregtech:mte:279, 精英电解机
gregtech:mte:280, 精英电解机 II
gregtech:mte:281, 精英电解机 III
gregtech:mte:282, 终极电解机
gregtech:mte:283, 史诗电解机
gregtech:mte:284, 史诗电解机 II
gregtech:mte:285, 史诗电解机 III
gregtech:mte:286, 史诗电解机 IV
gregtech:mte:287, 传奇电解机
gregtech:mte:290, 基础电磁选矿机
gregtech:mte:291, 进阶电磁选矿机
gregtech:mte:292, 进阶电磁选矿机 II
gregtech:mte:293, 进阶电磁选矿机 III
gregtech:mte:294, 精英电磁选矿机
gregtech:mte:295, 精英电磁选矿机 II
gregtech:mte:296, 精英电磁选矿机 III
gregtech:mte:297, 终极电磁选矿机
gregtech:mte:298, 史诗电磁选矿机
gregtech:mte:299, 史诗电磁选矿机 II
gregtech:mte:300, 史诗电磁选矿机 III
gregtech:mte:301, 史诗电磁选矿机 IV
gregtech:mte:302, 传奇电磁选矿机
gregtech:mte:305, 基础提取机
gregtech:mte:306, 进阶提取机
gregtech:mte:307, 进阶提取机 II
gregtech:mte:308, 进阶提取机 III
gregtech:mte:309, 精英提取机
gregtech:mte:310, 精英提取机 II
gregtech:mte:311, 精英提取机 III
gregtech:mte:312, 终极提取机
gregtech:mte:313, 史诗提取机
gregtech:mte:314, 史诗提取机 II
gregtech:mte:315, 史诗提取机 III
gregtech:mte:316, 史诗提取机 IV
gregtech:mte:317, 传奇提取机
gregtech:mte:320, 基础压模器
gregtech:mte:321, 进阶压模器
gregtech:mte:322, 进阶压模器 II
gregtech:mte:323, 进阶压模器 III
gregtech:mte:324, 精英压模器
gregtech:mte:325, 精英压模器 II
gregtech:mte:326, 精英压模器 III
gregtech:mte:327, 终极压模器
gregtech:mte:328, 史诗压模器
gregtech:mte:329, 史诗压模器 II
gregtech:mte:330, 史诗压模器 III
gregtech:mte:331, 史诗压模器 IV
gregtech:mte:332, 传奇压模器
gregtech:mte:335, 基础发酵槽
gregtech:mte:336, 进阶发酵槽
gregtech:mte:337, 进阶发酵槽 II
gregtech:mte:338, 进阶发酵槽 III
gregtech:mte:339, 精英发酵槽
gregtech:mte:340, 精英发酵槽 II
gregtech:mte:341, 精英发酵槽 III
gregtech:mte:342, 终极发酵槽
gregtech:mte:343, 史诗发酵槽
gregtech:mte:344, 史诗发酵槽 II
gregtech:mte:345, 史诗发酵槽 III
gregtech:mte:346, 史诗发酵槽 IV
gregtech:mte:347, 传奇发酵槽
gregtech:mte:350, 基础质量发生器
gregtech:mte:351, 进阶质量发生器
gregtech:mte:352, 进阶质量发生器 II
gregtech:mte:353, 进阶质量发生器 III
gregtech:mte:354, 精英质量发生器
gregtech:mte:355, 精英质量发生器 II
gregtech:mte:356, 精英质量发生器 III
gregtech:mte:357, 终极质量发生器
gregtech:mte:358, 史诗质量发生器
gregtech:mte:359, 史诗质量发生器 II
gregtech:mte:360, 史诗质量发生器 III
gregtech:mte:361, 史诗质量发生器 IV
gregtech:mte:362, 传奇质量发生器
gregtech:mte:365, 基础复制机
gregtech:mte:366, 进阶复制机
gregtech:mte:367, 进阶复制机 II
gregtech:mte:368, 进阶复制机 III
gregtech:mte:369, 精英复制机
gregtech:mte:370, 精英复制机 II
gregtech:mte:371, 精英复制机 III
gregtech:mte:372, 终极复制机
gregtech:mte:373, 史诗复制机
gregtech:mte:374, 史诗复制机 II
gregtech:mte:375, 史诗复制机 III
gregtech:mte:376, 史诗复制机 IV
gregtech:mte:377, 传奇复制机
gregtech:mte:380, 基础流体加热器
gregtech:mte:381, 进阶流体加热器
gregtech:mte:382, 进阶流体加热器 II
gregtech:mte:383, 进阶流体加热器 III
gregtech:mte:384, 精英流体加热器
gregtech:mte:385, 精英流体加热器 II
gregtech:mte:386, 精英流体加热器 III
gregtech:mte:387, 终极流体加热器
gregtech:mte:388, 史诗流体加热器
gregtech:mte:389, 史诗流体加热器 II
gregtech:mte:390, 史诗流体加热器 III
gregtech:mte:391, 史诗流体加热器 IV
gregtech:mte:392, 传奇流体加热器
gregtech:mte:395, 基础流体固化器
gregtech:mte:396, 进阶流体固化器
gregtech:mte:397, 进阶流体固化器 II
gregtech:mte:398, 进阶流体固化器 III
gregtech:mte:399, 精英流体固化器
gregtech:mte:400, 精英流体固化器 II
gregtech:mte:401, 精英流体固化器 III
gregtech:mte:402, 终极流体固化器
gregtech:mte:403, 史诗流体固化器
gregtech:mte:404, 史诗流体固化器 II
gregtech:mte:405, 史诗流体固化器 III
gregtech:mte:406, 史诗流体固化器 IV
gregtech:mte:407, 传奇流体固化器
gregtech:mte:410, 基础锻造锤
gregtech:mte:411, 进阶锻造锤
gregtech:mte:412, 进阶锻造锤 II
gregtech:mte:413, 进阶锻造锤 III
gregtech:mte:414, 精英锻造锤
gregtech:mte:415, 精英锻造锤 II
gregtech:mte:416, 精英锻造锤 III
gregtech:mte:417, 终极锻造锤
gregtech:mte:418, 史诗锻造锤
gregtech:mte:419, 史诗锻造锤 II
gregtech:mte:420, 史诗锻造锤 III
gregtech:mte:421, 史诗锻造锤 IV
gregtech:mte:422, 传奇锻造锤
gregtech:mte:425, 基础冲压机床
gregtech:mte:426, 进阶冲压机床
gregtech:mte:427, 进阶冲压机床 II
gregtech:mte:428, 进阶冲压机床 III
gregtech:mte:429, 精英冲压机床
gregtech:mte:430, 精英冲压机床 II
gregtech:mte:431, 精英冲压机床 III
gregtech:mte:432, 终极冲压机床
gregtech:mte:433, 史诗冲压机床
gregtech:mte:434, 史诗冲压机床 II
gregtech:mte:435, 史诗冲压机床 III
gregtech:mte:436, 史诗冲压机床 IV
gregtech:mte:437, 传奇冲压机床
gregtech:mte:440, 基础车床
gregtech:mte:441, 进阶车床
gregtech:mte:442, 进阶车床 II
gregtech:mte:443, 进阶车床 III
gregtech:mte:444, 精英车床
gregtech:mte:445, 精英车床 II
gregtech:mte:446, 精英车床 III
gregtech:mte:447, 终极车床
gregtech:mte:448, 史诗车床
gregtech:mte:449, 史诗车床 II
gregtech:mte:450, 史诗车床 III
gregtech:mte:451, 史诗车床 IV
gregtech:mte:452, 传奇车床
gregtech:mte:455, 基础扫描仪
gregtech:mte:456, 进阶扫描仪
gregtech:mte:457, 进阶扫描仪 II
gregtech:mte:458, 进阶扫描仪 III
gregtech:mte:459, 精英扫描仪
gregtech:mte:460, 精英扫描仪 II
gregtech:mte:461, 精英扫描仪 III
gregtech:mte:462, 终极扫描仪
gregtech:mte:463, 史诗扫描仪
gregtech:mte:464, 史诗扫描仪 II
gregtech:mte:465, 史诗扫描仪 III
gregtech:mte:466, 史诗扫描仪 IV
gregtech:mte:467, 传奇扫描仪
gregtech:mte:470, 基础搅拌机
gregtech:mte:471, 进阶搅拌机
gregtech:mte:472, 进阶搅拌机 II
gregtech:mte:473, 进阶搅拌机 III
gregtech:mte:474, 精英搅拌机
gregtech:mte:475, 精英搅拌机 II
gregtech:mte:476, 精英搅拌机 III
gregtech:mte:477, 终极搅拌机
gregtech:mte:478, 史诗搅拌机
gregtech:mte:479, 史诗搅拌机 II
gregtech:mte:480, 史诗搅拌机 III
gregtech:mte:481, 史诗搅拌机 IV
gregtech:mte:482, 传奇搅拌机
gregtech:mte:485, 基础洗矿厂
gregtech:mte:486, 进阶洗矿厂
gregtech:mte:487, 进阶洗矿厂 II
gregtech:mte:488, 进阶洗矿厂 III
gregtech:mte:489, 精英洗矿厂
gregtech:mte:490, 精英洗矿厂 II
gregtech:mte:491, 精英洗矿厂 III
gregtech:mte:492, 终极洗矿厂
gregtech:mte:493, 史诗洗矿厂
gregtech:mte:494, 史诗洗矿厂 II
gregtech:mte:495, 史诗洗矿厂 III
gregtech:mte:496, 史诗洗矿厂 IV
gregtech:mte:497, 传奇洗矿厂
gregtech:mte:500, 基础打包机
gregtech:mte:501, 进阶打包机
gregtech:mte:502, 进阶打包机 II
gregtech:mte:503, 进阶打包机 III
gregtech:mte:504, 精英打包机
gregtech:mte:505, 精英打包机 II
gregtech:mte:506, 精英打包机 III
gregtech:mte:507, 终极打包机
gregtech:mte:508, 史诗打包机
gregtech:mte:509, 史诗打包机 II
gregtech:mte:510, 史诗打包机 III
gregtech:mte:511, 史诗打包机 IV
gregtech:mte:512, 传奇打包机
gregtech:mte:515, 基础解包机
gregtech:mte:516, 进阶解包机
gregtech:mte:517, 进阶解包机 II
gregtech:mte:518, 进阶解包机 III
gregtech:mte:519, 精英解包机
gregtech:mte:520, 精英解包机 II
gregtech:mte:521, 精英解包机 III
gregtech:mte:522, 终极解包机
gregtech:mte:523, 史诗解包机
gregtech:mte:524, 史诗解包机 II
gregtech:mte:525, 史诗解包机 III
gregtech:mte:526, 史诗解包机 IV
gregtech:mte:527, 传奇解包机
gregtech:mte:530, 基础集气室
gregtech:mte:531, 进阶集气室
gregtech:mte:532, 进阶集气室 II
gregtech:mte:533, 进阶集气室 III
gregtech:mte:534, 精英集气室
gregtech:mte:535, 精英集气室 II
gregtech:mte:536, 精英集气室 III
gregtech:mte:537, 终极集气室
gregtech:mte:538, 史诗集气室
gregtech:mte:539, 史诗集气室 II
gregtech:mte:540, 史诗集气室 III
gregtech:mte:541, 史诗集气室 IV
gregtech:mte:542, 传说集气室
gregtech:mte:545, 基础两极磁化机
gregtech:mte:546, 进阶两极磁化机
gregtech:mte:547, 进阶两极磁化机 II
gregtech:mte:548, 进阶两极磁化机 III
gregtech:mte:549, 精英两极磁化机
gregtech:mte:550, 精英两极磁化机 II
gregtech:mte:551, 精英两极磁化机 III
gregtech:mte:552, 终极两极磁化机
gregtech:mte:553, 史诗两极磁化机
gregtech:mte:554, 史诗两极磁化机 II
gregtech:mte:555, 史诗两极磁化机 III
gregtech:mte:556, 史诗两极磁化机 IV
gregtech:mte:557, 传奇两极磁化机
gregtech:mte:560, 基础精密激光蚀刻机
gregtech:mte:561, 进阶精密激光蚀刻机
gregtech:mte:562, 进阶精密激光蚀刻机 II
gregtech:mte:563, 进阶精密激光蚀刻机 III
gregtech:mte:564, 精英精密激光蚀刻机
gregtech:mte:565, 精英精密激光蚀刻机 II
gregtech:mte:566, 精英精密激光蚀刻机 III
gregtech:mte:567, 终极精密激光蚀刻机
gregtech:mte:568, 史诗激光蚀刻机
gregtech:mte:569, 史诗激光蚀刻机 II
gregtech:mte:570, 史诗激光蚀刻机 III
gregtech:mte:571, 史诗激光蚀刻机 IV
gregtech:mte:572, 传奇激光蚀刻机
gregtech:mte:575, 基础筛选机
gregtech:mte:576, 进阶筛选机
gregtech:mte:577, 进阶筛选机 II
gregtech:mte:578, 进阶筛选机 III
gregtech:mte:579, 精英筛选机
gregtech:mte:580, 精英筛选机 II
gregtech:mte:581, 精英筛选机 III
gregtech:mte:582, 终极筛选机
gregtech:mte:583, 史诗筛选机
gregtech:mte:584, 史诗筛选机 II
gregtech:mte:585, 史诗筛选机 III
gregtech:mte:586, 史诗筛选机 IV
gregtech:mte:587, 传奇筛选机
gregtech:mte:590, 基础抛光机
gregtech:mte:591, 进阶抛光机
gregtech:mte:592, 进阶抛光机 II
gregtech:mte:593, 进阶抛光机 III
gregtech:mte:594, 精英抛光机
gregtech:mte:595, 精英抛光机 II
gregtech:mte:596, 精英抛光机 III
gregtech:mte:597, 终极抛光机
gregtech:mte:598, 史诗抛光机
gregtech:mte:599, 史诗抛光机 II
gregtech:mte:600, 史诗抛光机 III
gregtech:mte:601, 史诗抛光机 IV
gregtech:mte:602, 传奇抛光机
gregtech:mte:605, 基础热力离心机
gregtech:mte:606, 进阶热力离心机
gregtech:mte:607, 进阶热力离心机 II
gregtech:mte:608, 进阶热力离心机 III
gregtech:mte:609, 精英热力离心机
gregtech:mte:610, 精英热力离心机 II
gregtech:mte:611, 精英热力离心机 III
gregtech:mte:612, 终极热力离心机
gregtech:mte:613, 史诗热力离心机
gregtech:mte:614, 史诗热力离心机 II
gregtech:mte:615, 史诗热力离心机 III
gregtech:mte:616, 史诗热力离心机 IV
gregtech:mte:617, 传奇热力离心机
gregtech:mte:620, 基础线材轧机
gregtech:mte:621, 进阶线材轧机
gregtech:mte:622, 进阶线材轧机 II
gregtech:mte:623, 进阶线材轧机 III
gregtech:mte:624, 精英线材轧机
gregtech:mte:625, 精英线材轧机 II
gregtech:mte:626, 精英线材轧机 III
gregtech:mte:627, 终极线材轧机
gregtech:mte:628, 史诗线材轧机
gregtech:mte:629, 史诗线材轧机 II
gregtech:mte:630, 史诗线材轧机 III
gregtech:mte:631, 史诗线材轧机 IV
gregtech:mte:632, 传奇线材轧机
gregtech:mte:635, 基础电路组装机
gregtech:mte:636, 进阶电路组装机
gregtech:mte:637, 进阶电路组装机 II
gregtech:mte:638, 进阶电路组装机 III
gregtech:mte:639, 精英电路组装机
gregtech:mte:640, 精英电路组装机 II
gregtech:mte:641, 精英电路组装机 III
gregtech:mte:642, 终极电路组装机
gregtech:mte:643, 史诗电路组装机
gregtech:mte:644, 史诗电路组装机 II
gregtech:mte:645, 史诗电路组装机 III
gregtech:mte:646, 史诗电路组装机 IV
gregtech:mte:647, 传奇电路组装机
gregtech:mte:650, 基础碎岩机
gregtech:mte:651, 进阶碎岩机
gregtech:mte:652, 进阶碎岩机 II
gregtech:mte:653, 进阶碎岩机 III
gregtech:mte:654, 精英碎岩机
gregtech:mte:655, 精英碎岩机 II
gregtech:mte:656, 精英碎岩机 III
gregtech:mte:657, 终极碎岩机
gregtech:mte:658, 史诗碎岩机
gregtech:mte:659, 史诗碎岩机 II
gregtech:mte:660, 史诗碎岩机 III
gregtech:mte:661, 史诗碎岩机 IV
gregtech:mte:662, 传奇碎岩机
gregtech:mte:665, 基础工具铸造机
gregtech:mte:666, 进阶工具铸造机
gregtech:mte:667, 进阶工具铸造机 II
gregtech:mte:668, 进阶工具铸造机 III
gregtech:mte:680, 基础水浴冷凝机
gregtech:mte:681, 进阶水浴冷凝机
gregtech:mte:682, 进阶水浴冷凝机 II
gregtech:mte:683, 进阶水浴冷凝机 III
gregtech:mte:695, 基础衰变室
gregtech:mte:696, 进阶衰变室
gregtech:mte:697, 进阶衰变室 II
gregtech:mte:698, 进阶衰变室 III
gregtech:mte:699, 精英衰变室
gregtech:mte:700, 精英衰变室 II
gregtech:mte:701, 精英衰变室 III
gregtech:mte:702, 终极衰变室
gregtech:mte:703, 史诗衰变室
gregtech:mte:704, 史诗衰变室 II
gregtech:mte:705, 史诗衰变室 III
gregtech:mte:706, 史诗衰变室 IV
gregtech:mte:707, 传奇衰变室
gregtech:mte:710, 基础回收机
gregtech:mte:711, 进阶回收机
gregtech:mte:712, 进阶回收机 II
gregtech:mte:713, 进阶回收机 III
gregtech:mte:714, 精英回收机
gregtech:mte:715, 精英回收机 II
gregtech:mte:716, 精英回收机 III
gregtech:mte:717, 终极回收机
gregtech:mte:718, 史诗回收机
gregtech:mte:719, 史诗回收机 II
gregtech:mte:720, 史诗回收机 III
gregtech:mte:721, 史诗回收机 IV
gregtech:mte:722, 传奇回收机
gregtech:mte:725, 基础硫化机
gregtech:mte:726, 进阶硫化机
gregtech:mte:727, 进阶硫化机 II
gregtech:mte:728, 进阶硫化机 III
gregtech:mte:729, 精英硫化机
gregtech:mte:730, 精英硫化机 II
gregtech:mte:731, 精英硫化机 III
gregtech:mte:732, 终极硫化机
gregtech:mte:733, 史诗硫化机
gregtech:mte:734, 史诗硫化机 II
gregtech:mte:735, 史诗硫化机 III
gregtech:mte:736, 史诗硫化机 IV
gregtech:mte:737, 传奇硫化机
gregtech:mte:740, 基础闪电处理器
gregtech:mte:741, 进阶闪电处理器
gregtech:mte:742, 进阶闪电处理器 II
gregtech:mte:743, 进阶闪电处理器 III
gregtech:mte:744, 精英闪电处理器
gregtech:mte:745, 精英闪电处理器 II
gregtech:mte:746, 精英闪电处理器 III
gregtech:mte:747, 终极闪电处理器
gregtech:mte:748, 史诗闪电处理器
gregtech:mte:749, 史诗闪电处理器 II
gregtech:mte:750, 史诗闪电处理器 III
gregtech:mte:751, 史诗闪电处理器 IV
gregtech:mte:752, 传奇闪电处理器
gregtech:mte:755, 基础过胶机
gregtech:mte:756, 进阶过胶机
gregtech:mte:757, 进阶过胶机 II
gregtech:mte:758, 进阶过胶机 III
gregtech:mte:759, 精英过胶机
gregtech:mte:760, 精英过胶机 II
gregtech:mte:761, 精英过胶机 III
gregtech:mte:762, 终极过胶机
gregtech:mte:763, 史诗过胶机
gregtech:mte:764, 史诗过胶机 II
gregtech:mte:765, 史诗过胶机 III
gregtech:mte:766, 史诗过胶机 IV
gregtech:mte:767, 传奇过胶机
gregtech:mte:770, 基础聚合缸
gregtech:mte:771, 进阶聚合缸
gregtech:mte:772, 进阶聚合缸 II
gregtech:mte:773, 进阶聚合缸 III
gregtech:mte:774, 精英聚合缸
gregtech:mte:775, 精英聚合缸 II
gregtech:mte:776, 精英聚合缸 III
gregtech:mte:777, 终极聚合缸
gregtech:mte:778, 史诗聚合缸
gregtech:mte:779, 史诗聚合缸 II
gregtech:mte:780, 史诗聚合缸 III
gregtech:mte:781, 史诗聚合缸 IV
gregtech:mte:782, 传奇聚合缸
gregtech:mte:785, 基础脱硫机
gregtech:mte:786, 进阶脱硫机
gregtech:mte:787, 进阶脱硫机 II
gregtech:mte:788, 进阶脱硫机 III
gregtech:mte:789, 精英脱硫机
gregtech:mte:790, 精英脱硫机 II
gregtech:mte:791, 精英脱硫机 III
gregtech:mte:792, 终极脱硫机
gregtech:mte:793, 史诗脱硫机
gregtech:mte:794, 史诗脱硫机 II
gregtech:mte:795, 史诗脱硫机 III
gregtech:mte:796, 史诗脱硫机 IV
gregtech:mte:797, 传奇脱硫机
gregtech:mte:800, 基础生物反应室
gregtech:mte:801, 进阶生物反应室
gregtech:mte:802, 进阶生物反应室 II
gregtech:mte:803, 进阶生物反应室 III
gregtech:mte:804, 精英生物反应室
gregtech:mte:805, 精英生物反应室 II
gregtech:mte:806, 精英生物反应室 III
gregtech:mte:807, 终极生物反应室
gregtech:mte:808, 史诗生物反应室
gregtech:mte:809, 史诗生物反应室 II
gregtech:mte:810, 史诗生物反应室 III
gregtech:mte:811, 史诗生物反应室 IV
gregtech:mte:812, 传奇生物反应室
gregtech:mte:815, 基础部件组装机
gregtech:mte:816, 进阶部件组装机
gregtech:mte:817, 进阶部件组装机 II
gregtech:mte:818, 进阶部件组装机 III
gregtech:mte:819, 精英部件组装机
gregtech:mte:820, 精英部件组装机 II
gregtech:mte:821, 精英部件组装机 III
gregtech:mte:822, 终极部件组装机
gregtech:mte:823, 史诗部件组装机
gregtech:mte:824, 史诗部件组装机 II
gregtech:mte:825, 史诗部件组装机 III
gregtech:mte:826, 史诗部件组装机 IV
gregtech:mte:827, 传说部件组装机
gregtech:mte:830, 基础纺线器
gregtech:mte:831, 进阶纺线器
gregtech:mte:832, 进阶纺线器 II
gregtech:mte:833, 进阶纺线器 III
gregtech:mte:834, 精英纺线器
gregtech:mte:835, 精英纺线器 II
gregtech:mte:836, 精英纺线器 III
gregtech:mte:837, 终极纺线器
gregtech:mte:838, 史诗纺线器
gregtech:mte:839, 史诗纺线器 II
gregtech:mte:840, 史诗纺线器 III
gregtech:mte:841, 史诗纺线器 IV
gregtech:mte:842, 传奇纺线器
gregtech:mte:845, 基础焙烧炉
gregtech:mte:846, 进阶焙烧炉
gregtech:mte:847, 进阶焙烧炉 II
gregtech:mte:848, 进阶焙烧炉 III
gregtech:mte:849, 精英焙烧炉
gregtech:mte:850, 精英焙烧炉 II
gregtech:mte:851, 精英焙烧炉 III
gregtech:mte:852, 终极焙烧炉
gregtech:mte:853, 史诗焙烧炉
gregtech:mte:854, 史诗焙烧炉 II
gregtech:mte:855, 史诗焙烧炉 III
gregtech:mte:856, 史诗焙烧炉 IV
gregtech:mte:857, 传奇焙烧炉
gregtech:mte:860, 基础化学脱水器
gregtech:mte:861, 进阶化学脱水器
gregtech:mte:862, 进阶化学脱水器 II
gregtech:mte:863, 进阶化学脱水器 III
gregtech:mte:864, 精英化学脱水器
gregtech:mte:865, 精英化学脱水器 II
gregtech:mte:866, 精英化学脱水器 III
gregtech:mte:867, 终极化学脱水器
gregtech:mte:868, 史诗化学脱水器
gregtech:mte:869, 史诗化学脱水器 II
gregtech:mte:870, 史诗化学脱水器 III
gregtech:mte:871, 史诗化学脱水器 IV
gregtech:mte:872, 传奇化学脱水器
gregtech:mte:930, 基础采矿机
gregtech:mte:931, 进阶采矿机
gregtech:mte:932, 进阶采矿机 II
gregtech:mte:950, 基础内燃发电机
gregtech:mte:951, 进阶内燃发电机
gregtech:mte:952, 涡轮内燃发电机
gregtech:mte:953, 爆喷内燃发电机
gregtech:mte:954, 爆震内燃发电机
gregtech:mte:955, 基础蒸汽轮机
gregtech:mte:956, 进阶蒸汽轮机
gregtech:mte:957, 涡轮蒸汽轮机
gregtech:mte:958, 爆喷蒸汽轮机
gregtech:mte:959, 爆震蒸汽轮机
gregtech:mte:960, 基础燃气轮机
gregtech:mte:961, 进阶燃气轮机
gregtech:mte:962, 涡轮燃气轮机
gregtech:mte:963, 爆喷燃气轮机
gregtech:mte:964, 爆震燃气轮机
gregtech:mte:965, 基础半流质发电机
gregtech:mte:966, 进阶半流质发电机
gregtech:mte:967, 涡轮半流质发电机
gregtech:mte:968, 爆喷半流质发电机
gregtech:mte:969, 爆震半流质发电机
gregtech:mte:970, 等离子发电机-MKI
gregtech:mte:971, 等离子发电机-MKII
gregtech:mte:972, 等离子发电机-MKIII
gregtech:mte:973, 等离子发电机-MKIV
gregtech:mte:974, 等离子发电机-MKV
gregtech:mte:975, 同位素温差发电机-MKI
gregtech:mte:976, 同位素温差发电机-MKII
gregtech:mte:977, 同位素温差发电机-MKIII
gregtech:mte:3375, §7LV§r除尘器
gregtech:mte:3376, §bMV§r除尘器
gregtech:mte:3377, §6HV§r除尘器
gregtech:mte:3378, §5EV§r除尘器
gregtech:mte:3379, §1IV§r除尘器
gregtech:mte:3380, §dLuV§r除尘器
gregtech:mte:3381, §cZPM§r除尘器
gregtech:mte:3382, §3UV§r除尘器
gregtech:mte:3383, §4UHV§r除尘器
gregtech:mte:3384, §aUEV§r除尘器
gregtech:mte:3385, §2UIV§r除尘器
gregtech:mte:3386, §eUXV§r除尘器
gregtech:mte:3387, §9OpV§r除尘器
gregtech:mte:3560, §8ULV§r 电加热器
gregtech:mte:3561, §7LV§r 电加热器
gregtech:mte:3562, §bMV§r 电加热器
gregtech:mte:3563, §6HV§r 电加热器
gregtech:mte:3564, §5EV§r 电加热器
gregtech:mte:3565, §1IV§r 电加热器
gregtech:mte:3566, §dLuV§r 电加热器
gregtech:mte:3567, §cZPM§r 电加热器
gregtech:mte:3568, §3UV§r 电加热器
gregtech:mte:4000, 上锁的保险柜
gregtech:mte:4002, 合成站
gregtech:mte:4003, 创造模式能量单元
gregtech:mte:4004, 创造模式量子箱
gregtech:mte:4005, 创造模式量子缸
gregtech:mte:4006, 长距离物品管道接口
gregtech:mte:4007, 长距离流体管道接口
gregtech:mte:4008, 报警器
gregtech:mte:4012, 可编程提供器
gregtech:mte:4020, 简易世界加速器
gregtech:mte:4021, 基础世界加速器
gregtech:mte:4022, 进阶世界加速器
gregtech:mte:4023, 进阶世界加速器 II
gregtech:mte:4024, 进阶世界加速器 III
gregtech:mte:4025, 精英世界加速器
gregtech:mte:4026, 精英世界加速器 II
gregtech:mte:4027, 精英世界加速器 III
gregtech:mte:4028, 终极世界加速器
gregtech:mte:4029, 史诗世界加速器
gregtech:mte:4030, 史诗世界加速器 II
gregtech:mte:4031, 史诗世界加速器 III
gregtech:mte:4032, 史诗世界加速器 IV
gregtech:mte:4033, 传奇世界加速器
gregtech:mte:4035, 简易传送器
gregtech:mte:4036, 基础传送器
gregtech:mte:4037, 进阶传送器
gregtech:mte:4038, 进阶传送器 II
gregtech:mte:4039, 进阶传送器 III
gregtech:mte:4040, 精英传送器
gregtech:mte:4041, 精英传送器 II
gregtech:mte:4042, 精英传送器 III
gregtech:mte:4043, 终极传送器
gregtech:mte:4044, 史诗传送器
gregtech:mte:4045, 史诗传送器 II
gregtech:mte:4046, 史诗传送器 III
gregtech:mte:4047, 史诗传送器 IV
gregtech:mte:4048, 传奇传送器
gregtech:mte:4050, 超低压闪聚充电箱（§8ULV§r）
gregtech:mte:4051, 低压闪聚充电箱（§7LV§r）
gregtech:mte:4052, 中压闪聚充电箱（§bMV§r）
gregtech:mte:4053, 高压闪聚充电箱（§6HV§r）
gregtech:mte:4054, 超高压闪聚充电箱（§5EV§r）
gregtech:mte:4055, 强导压闪聚充电箱（§1IV§r）
gregtech:mte:4056, 剧差压闪聚充电箱（§dLuV§r）
gregtech:mte:4057, 零点压闪聚充电箱（§cZPM§r）
gregtech:mte:4058, 极限压闪聚充电箱（§3UV§r）
gregtech:mte:4059, 极高压闪聚充电箱（§4UHV§r）
gregtech:mte:4060, 极超压闪聚充电箱（§aUEV§r）
gregtech:mte:4061, 极巨压闪聚充电箱（§2UIV§r）
gregtech:mte:4062, 极顶压闪聚充电箱（§eUXV§r）
gregtech:mte:4063, 过载压闪聚充电箱（§9OpV§r）
gregtech:mte:4064, 上限压闪聚充电箱（§c§lMAX§r）
gregtech:mte:4065, 基础泵
gregtech:mte:4066, 进阶泵
gregtech:mte:4067, 进阶泵 II
gregtech:mte:4068, 进阶泵 III
gregtech:mte:4069, 精英泵
gregtech:mte:4070, 精英泵 II
gregtech:mte:4071, 精英泵 III
gregtech:mte:4072, 精英泵 IV
gregtech:mte:4073, gregtech.machine.pump.uhv.name
gregtech:mte:4075, 基础捕鱼机
gregtech:mte:4076, 进阶捕鱼机
gregtech:mte:4077, 进阶捕鱼机 II
gregtech:mte:4078, 进阶捕鱼机 III
gregtech:mte:4080, 基础方块破坏器
gregtech:mte:4081, 进阶方块破坏器
gregtech:mte:4082, 进阶方块破坏器 II
gregtech:mte:4083, 进阶方块破坏器 III
gregtech:mte:4085, 魔法能源吸收器-MKI
gregtech:mte:4086, 魔法能源吸收器-MKII
gregtech:mte:4087, 魔法能源吸收器-MKIII
gregtech:mte:4088, 魔法能源吸收器-MKIV
gregtech:mte:4089, 魔法能源吸收器-MKV
gregtech:mte:4090, 基础物品收集器
gregtech:mte:4091, 进阶物品收集器
gregtech:mte:4092, 进阶物品收集器 II
gregtech:mte:4093, 进阶物品收集器 III
gregtech:mte:4094, 精英物品收集器
gregtech:mte:4095, 基础缓存器
gregtech:mte:4096, 进阶缓存器
gregtech:mte:4097, 进阶缓存器 II
gregtech:mte:4098, 进阶缓存器 III
gregtech:mte:4099, 精英缓存器
gregtech:mte:4140, 超低压变压器（§8ULV§r）
gregtech:mte:4141, 低压变压器（§7LV§r）
gregtech:mte:4142, 中压变压器（§bMV§r）
gregtech:mte:4143, 高压变压器（§6HV§r）
gregtech:mte:4144, 超高压变压器（§5EV§r）
gregtech:mte:4145, 强导压变压器（§1IV§r）
gregtech:mte:4146, 剧差压变压器（§dLuV§r）
gregtech:mte:4147, 零点压变压器（§cZPM§r）
gregtech:mte:4148, 极限压变压器（§3UV§r）
gregtech:mte:4149, 极高压变压器（§4UHV§r）
gregtech:mte:4150, 极超压变压器（§aUEV§r）
gregtech:mte:4151, 极巨压变压器（§2UIV§r）
gregtech:mte:4152, 极顶压变压器（§eUXV§r）
gregtech:mte:4153, 过载压变压器（§9OpV§r）
gregtech:mte:4170, 超低压高流变压器（§8ULV§r）
gregtech:mte:4171, 低压高流变压器（§7LV§r）
gregtech:mte:4172, 中压高流变压器（§bMV§r）
gregtech:mte:4173, 高压高流变压器（§6HV§r）
gregtech:mte:4174, 超高压高流变压器（§5EV§r）
gregtech:mte:4175, 强导压高流变压器（§1IV§r）
gregtech:mte:4176, 剧差压高流变压器（§dLuV§r）
gregtech:mte:4177, 零点压高流变压器（§cZPM§r）
gregtech:mte:4178, 极限压高流变压器（§3UV§r）
gregtech:mte:4179, 极高压高流变压器（§4UHV§r）
gregtech:mte:4180, 极超压高流变压器（§aUEV§r）
gregtech:mte:4181, 极巨压高流变压器（§2UIV§r）
gregtech:mte:4182, 极顶压高流变压器（§eUXV§r）
gregtech:mte:4183, 过载压高流变压器（§9OpV§r）
gregtech:mte:4155, 超低压高能变压器（§8ULV§r）
gregtech:mte:4156, 低压高能变压器（§7LV§r）
gregtech:mte:4157, 中压高能变压器（§bMV§r）
gregtech:mte:4158, 高压高能变压器（§6HV§r）
gregtech:mte:4159, 超高压高能变压器（§5EV§r）
gregtech:mte:4160, 强导压高能变压器（§1IV§r）
gregtech:mte:4161, 剧差压高能变压器（§dLuV§r）
gregtech:mte:4162, 零点压高能变压器（§cZPM§r）
gregtech:mte:4163, 极限压高能变压器（§3UV§r）
gregtech:mte:4164, 极高压高能变压器（§4UHV§r）
gregtech:mte:4165, 极超压高能变压器（§aUEV§r）
gregtech:mte:4166, 极巨压高能变压器（§2UIV§r）
gregtech:mte:4167, 极顶压高能变压器（§eUXV§r）
gregtech:mte:4168, 过载压高能变压器（§9OpV§r）
gregtech:mte:4200, 4x超低压电池箱（§8ULV§r）
gregtech:mte:4201, 4x低压电池箱（§7LV§r）
gregtech:mte:4202, 4x中压电池箱（§bMV§r）
gregtech:mte:4203, 4x高压电池箱（§6HV§r）
gregtech:mte:4204, 4x超高压电池箱（§5EV§r）
gregtech:mte:4205, 4x强导压电池箱（§1IV§r）
gregtech:mte:4206, 4x剧差压电池箱（§dLuV§r）
gregtech:mte:4207, 4x零点压电池箱（§cZPM§r）
gregtech:mte:4208, 4x极限压电池箱（§3UV§r）
gregtech:mte:4209, 4x极高压电池箱（§4UHV§r）
gregtech:mte:4210, 4x极超压电池箱（§aUEV§r）
gregtech:mte:4211, 4x极巨压电池箱（§2UIV§r）
gregtech:mte:4212, 4x极顶压电池箱（§eUXV§r）
gregtech:mte:4213, 4x过载压电池箱（§9OpV§r）
gregtech:mte:4214, 4x上限压电池箱（§c§lMAX§r）
gregtech:mte:4215, 8x超低压电池箱（§8ULV§r）
gregtech:mte:4216, 8x低压电池箱（§7LV§r）
gregtech:mte:4217, 8x中压电池箱（§bMV§r）
gregtech:mte:4218, 8x高压电池箱（§6HV§r）
gregtech:mte:4219, 8x超高压电池箱（§5EV§r）
gregtech:mte:4220, 8x强导压电池箱（§1IV§r）
gregtech:mte:4221, 8x剧差压电池箱（§dLuV§r）
gregtech:mte:4222, 8x零点压电池箱（§cZPM§r）
gregtech:mte:4223, 8x极限压电池箱（§3UV§r）
gregtech:mte:4224, 8x极高压电池箱（§4UHV§r）
gregtech:mte:4225, 8x极超压电池箱（§aUEV§r）
gregtech:mte:4226, 8x极巨压电池箱（§2UIV§r）
gregtech:mte:4227, 8x极顶压电池箱（§eUXV§r）
gregtech:mte:4228, 8x过载压电池箱（§9OpV§r）
gregtech:mte:4229, 8x上限压电池箱（§c§lMAX§r）
gregtech:mte:4230, 16x超低压电池箱（§8ULV§r）
gregtech:mte:4231, 16x低压电池箱（§7LV§r）
gregtech:mte:4232, 16x中压电池箱（§bMV§r）
gregtech:mte:4233, 16x高压电池箱（§6HV§r）
gregtech:mte:4234, 16x超高压电池箱（§5EV§r）
gregtech:mte:4235, 16x强导压电池箱（§1IV§r）
gregtech:mte:4236, 16x剧差压电池箱（§dLuV§r）
gregtech:mte:4237, 16x零点压电池箱（§cZPM§r）
gregtech:mte:4238, 16x极限压电池箱（§3UV§r）
gregtech:mte:4239, 16x极高压电池箱（§4UHV§r）
gregtech:mte:4240, 16x极超压电池箱（§aUEV§r）
gregtech:mte:4241, 16x极巨压电池箱（§2UIV§r）
gregtech:mte:4242, 16x极顶压电池箱（§eUXV§r）
gregtech:mte:4243, 16x过载压电池箱（§9OpV§r）
gregtech:mte:4244, 16x上限压电池箱（§c§lMAX§r）
gregtech:mte:4245, 超低压能量分配器（§8ULV§r）
gregtech:mte:4246, 低压能量分配器（§7LV§r）
gregtech:mte:4247, 中压能量分配器（§bMV§r）
gregtech:mte:4248, 高压能量分配器（§6HV§r）
gregtech:mte:4249, 超高压能量分配器（§5EV§r）
gregtech:mte:4250, 强导压能量分配器（§1IV§r）
gregtech:mte:4251, 剧差压能量分配器（§dLuV§r）
gregtech:mte:4252, 零点压能量分配器（§cZPM§r）
gregtech:mte:4253, 极限压能量分配器（§3UV§r）
gregtech:mte:4254, 极高压能量分配器（§4UHV§r）
gregtech:mte:4255, 极超压能量分配器（§aUEV§r）
gregtech:mte:4256, 极巨压能量分配器（§2UIV§r）
gregtech:mte:4257, 极顶压能量分配器（§eUXV§r）
gregtech:mte:4258, 过载压能量分配器（§9OpV§r）
gregtech:mte:4259, 上限压能量分配器（§c§lMAX§r）
gregtech:mte:4340, 量子存储控制器
gregtech:mte:4341, 量子存储代理器
gregtech:mte:4342, 量子存储扩展器
gregtech:mte:4350, 超级箱 I
gregtech:mte:4351, 超级箱 II
gregtech:mte:4352, 超级箱 III
gregtech:mte:4353, 超级箱 IV
gregtech:mte:4354, 超级箱 V
gregtech:mte:4355, 量子箱 I
gregtech:mte:4356, 量子箱 II
gregtech:mte:4357, 量子箱 III
gregtech:mte:4358, 量子箱 IV
gregtech:mte:4359, 量子箱 V
gregtech:mte:4360, 超级缸 I
gregtech:mte:4361, 超级缸 II
gregtech:mte:4362, 超级缸 III
gregtech:mte:4363, 超级缸 IV
gregtech:mte:4364, 超级缸 V
gregtech:mte:4365, 量子缸 I
gregtech:mte:4366, 量子缸 II
gregtech:mte:4367, 量子缸 III
gregtech:mte:4368, 量子缸 IV
gregtech:mte:4369, 量子缸 V
gregtech:mte:4370, 多重超级缸 I
gregtech:mte:4371, 多重超级缸 II
gregtech:mte:4372, 多重超级缸 III
gregtech:mte:4373, 多重超级缸 IV
gregtech:mte:4374, 多重超级缸 V
gregtech:mte:4375, 多重量子缸 I
gregtech:mte:4376, 多重量子缸 II
gregtech:mte:4377, 多重量子缸 III
gregtech:mte:4378, 多重量子缸 IV
gregtech:mte:4379, 多重量子缸 V
gregtech:mte:4380, 基础巨型缓存器
gregtech:mte:4381, 进阶巨型缓存器
gregtech:mte:4382, 进阶巨型缓存器 II
gregtech:mte:4383, 进阶巨型缓存器 III
gregtech:mte:4384, 精英巨型缓存器
gregtech:mte:4430, 木桶
gregtech:mte:4431, 青铜桶
gregtech:mte:4432, 金桶
gregtech:mte:4433, 铜桶
gregtech:mte:4434, 铁桶
gregtech:mte:4435, 铅桶
gregtech:mte:4436, 钢桶
gregtech:mte:4437, 铬桶
gregtech:mte:4438, 铝桶
gregtech:mte:4439, 不锈钢桶
gregtech:mte:4440, 钛桶
gregtech:mte:4441, 钨桶
gregtech:mte:4442, 钨钢桶
gregtech:mte:4443, 铱桶
gregtech:mte:4444, 镀铑钯桶
gregtech:mte:4445, 硅岩合金桶
gregtech:mte:4446, 钅达桶
gregtech:mte:4447, 中子素桶
gregtech:mte:4450, 木板条箱
gregtech:mte:4451, 铜板条箱
gregtech:mte:4452, 铁板条箱
gregtech:mte:4453, 青铜板条箱
gregtech:mte:4454, 银板条箱
gregtech:mte:4455, 钢板条箱
gregtech:mte:4456, 金板条箱
gregtech:mte:4457, 铝板条箱
gregtech:mte:4458, 钻石板条箱
gregtech:mte:4459, 不锈钢板条箱
gregtech:mte:4460, 钛板条箱
gregtech:mte:4461, 钨钢板条箱
gregtech:mte:4462, 镀铑钯板条箱
gregtech:mte:4463, 硅岩合金板条箱
gregtech:mte:4464, 钅达板条箱
gregtech:mte:4465, 中子素板条箱
gregtech:mte:4550, 基础自动凿子
gregtech:mte:4551, 进阶自动凿子
gregtech:mte:4552, 进阶自动凿子 II
gregtech:mte:4553, 进阶自动凿子 III
gregtech:mte:4554, 精英自动凿子
gregtech:mte:4555, 精英自动凿子 II
gregtech:mte:4556, 精英自动凿子 III
gregtech:mte:4557, 终极自动凿子
gregtech:mte:4558, gregtech.machine.auto_chisel.uhv.name
gregtech:mte:4559, gregtech.machine.auto_chisel.uev.name
gregtech:mte:4560, gregtech.machine.auto_chisel.uiv.name
gregtech:mte:4561, gregtech.machine.auto_chisel.uxv.name
gregtech:mte:4562, gregtech.machine.auto_chisel.opv.name
gregtech:mte:4800, 锌锰干电池方块
gregtech:mte:4801, 锂锰电池方块
gregtech:mte:4802, 镍镉电池方块
gregtech:mte:4803, 铅酸电池方块
gregtech:mte:4804, 钒液流电池方块
gregtech:mte:4805, 磷酸铁锂电池方块
gregtech:mte:4806, 钴酸锂电池方块
gregtech:mte:4807, 三元锂电池方块
gregtech:wire_single:2, 1x铝导线
gregtech:wire_single:252, 1x退火铜导线
gregtech:wire_single:2011, 1x黑钢导线
gregtech:wire_single:2527, 1x蓝色合金导线
gregtech:wire_single:23, 1x钴导线
gregtech:wire_single:25, 1x铜导线
gregtech:wire_single:274, 1x白铜导线
gregtech:wire_single:277, 1x琥珀金导线
gregtech:wire_single:431, 1x富集硅岩凯金铕铿铀合金导线
gregtech:wire_single:33, 1x铕导线
gregtech:wire_single:41, 1x金导线
gregtech:wire_single:342, 1x石墨烯导线
gregtech:wire_single:2516, 1x高速钢-G导线
gregtech:wire_single:429, 1x铟锡钡钛铜氧化物导线
gregtech:wire_single:51, 1x铁导线
gregtech:wire_single:288, 1x坎塔尔合金导线
gregtech:wire_single:55, 1x铅导线
gregtech:wire_single:425, 1x二硼化镁导线
gregtech:wire_single:424, 1x磷化锰导线
gregtech:wire_single:426, 1x汞钡钙铜氧化物导线
gregtech:wire_single:124, 1x硅岩导线
gregtech:wire_single:2042, 1x硅岩合金导线
gregtech:wire_single:294, 1x镍铬合金导线
gregtech:wire_single:69, 1x镍导线
gregtech:wire_single:295, 1x氮化铌导线
gregtech:wire_single:296, 1x铌钛合金导线
gregtech:wire_single:75, 1x锇导线
gregtech:wire_single:80, 1x铂导线
gregtech:wire_single:2517, 1x红色合金导线
gregtech:wire_single:451, 1x钌钨钼合金导线
gregtech:wire_single:432, 1x钌凯金镅中子素氧化物导线
gregtech:wire_single:428, 1x钐铁砷氧化物导线
gregtech:wire_single:97, 1x钅喜导线
gregtech:wire_single:100, 1x银导线
gregtech:wire_single:324, 1x钢导线
gregtech:wire_single:112, 1x锡导线
gregtech:wire_single:130, 1x凯金导线
gregtech:wire_single:128, 1x三钛合金导线
gregtech:wire_single:115, 1x钨导线
gregtech:wire_single:2013, 1x钨钢导线
gregtech:wire_single:430, 1x铀铑硅岩合金导线
gregtech:wire_single:427, 1x三铂化铀导线
gregtech:wire_single:334, 1x钒镓合金导线
gregtech:wire_single:338, 1x钇钡铜氧化物导线
gregtech:wire_double:2, 2x铝导线
gregtech:wire_double:252, 2x退火铜导线
gregtech:wire_double:2011, 2x黑钢导线
gregtech:wire_double:2527, 2x蓝色合金导线
gregtech:wire_double:23, 2x钴导线
gregtech:wire_double:25, 2x铜导线
gregtech:wire_double:274, 2x白铜导线
gregtech:wire_double:277, 2x琥珀金导线
gregtech:wire_double:431, 2x富集硅岩凯金铕铿铀合金导线
gregtech:wire_double:33, 2x铕导线
gregtech:wire_double:41, 2x金导线
gregtech:wire_double:342, 2x石墨烯导线
gregtech:wire_double:2516, 2x高速钢-G导线
gregtech:wire_double:429, 2x铟锡钡钛铜氧化物导线
gregtech:wire_double:51, 2x铁导线
gregtech:wire_double:288, 2x坎塔尔合金导线
gregtech:wire_double:55, 2x铅导线
gregtech:wire_double:425, 2x二硼化镁导线
gregtech:wire_double:424, 2x磷化锰导线
gregtech:wire_double:426, 2x汞钡钙铜氧化物导线
gregtech:wire_double:124, 2x硅岩导线
gregtech:wire_double:2042, 2x硅岩合金导线
gregtech:wire_double:294, 2x镍铬合金导线
gregtech:wire_double:69, 2x镍导线
gregtech:wire_double:295, 2x氮化铌导线
gregtech:wire_double:296, 2x铌钛合金导线
gregtech:wire_double:75, 2x锇导线
gregtech:wire_double:80, 2x铂导线
gregtech:wire_double:2517, 2x红色合金导线
gregtech:wire_double:451, 2x钌钨钼合金导线
gregtech:wire_double:432, 2x钌凯金镅中子素氧化物导线
gregtech:wire_double:428, 2x钐铁砷氧化物导线
gregtech:wire_double:97, 2x钅喜导线
gregtech:wire_double:100, 2x银导线
gregtech:wire_double:324, 2x钢导线
gregtech:wire_double:112, 2x锡导线
gregtech:wire_double:130, 2x凯金导线
gregtech:wire_double:128, 2x三钛合金导线
gregtech:wire_double:115, 2x钨导线
gregtech:wire_double:2013, 2x钨钢导线
gregtech:wire_double:430, 2x铀铑硅岩合金导线
gregtech:wire_double:427, 2x三铂化铀导线
gregtech:wire_double:334, 2x钒镓合金导线
gregtech:wire_double:338, 2x钇钡铜氧化物导线
gregtech:wire_quadruple:2, 4x铝导线
gregtech:wire_quadruple:252, 4x退火铜导线
gregtech:wire_quadruple:2011, 4x黑钢导线
gregtech:wire_quadruple:2527, 4x蓝色合金导线
gregtech:wire_quadruple:23, 4x钴导线
gregtech:wire_quadruple:25, 4x铜导线
gregtech:wire_quadruple:274, 4x白铜导线
gregtech:wire_quadruple:277, 4x琥珀金导线
gregtech:wire_quadruple:431, 4x富集硅岩凯金铕铿铀合金导线
gregtech:wire_quadruple:33, 4x铕导线
gregtech:wire_quadruple:41, 4x金导线
gregtech:wire_quadruple:342, 4x石墨烯导线
gregtech:wire_quadruple:2516, 4x高速钢-G导线
gregtech:wire_quadruple:429, 4x铟锡钡钛铜氧化物导线
gregtech:wire_quadruple:51, 4x铁导线
gregtech:wire_quadruple:288, 4x坎塔尔合金导线
gregtech:wire_quadruple:55, 4x铅导线
gregtech:wire_quadruple:425, 4x二硼化镁导线
gregtech:wire_quadruple:424, 4x磷化锰导线
gregtech:wire_quadruple:426, 4x汞钡钙铜氧化物导线
gregtech:wire_quadruple:124, 4x硅岩导线
gregtech:wire_quadruple:2042, 4x硅岩合金导线
gregtech:wire_quadruple:294, 4x镍铬合金导线
gregtech:wire_quadruple:69, 4x镍导线
gregtech:wire_quadruple:295, 4x氮化铌导线
gregtech:wire_quadruple:296, 4x铌钛合金导线
gregtech:wire_quadruple:75, 4x锇导线
gregtech:wire_quadruple:80, 4x铂导线
gregtech:wire_quadruple:2517, 4x红色合金导线
gregtech:wire_quadruple:451, 4x钌钨钼合金导线
gregtech:wire_quadruple:432, 4x钌凯金镅中子素氧化物导线
gregtech:wire_quadruple:428, 4x钐铁砷氧化物导线
gregtech:wire_quadruple:97, 4x钅喜导线
gregtech:wire_quadruple:100, 4x银导线
gregtech:wire_quadruple:324, 4x钢导线
gregtech:wire_quadruple:112, 4x锡导线
gregtech:wire_quadruple:130, 4x凯金导线
gregtech:wire_quadruple:128, 4x三钛合金导线
gregtech:wire_quadruple:115, 4x钨导线
gregtech:wire_quadruple:2013, 4x钨钢导线
gregtech:wire_quadruple:430, 4x铀铑硅岩合金导线
gregtech:wire_quadruple:427, 4x三铂化铀导线
gregtech:wire_quadruple:334, 4x钒镓合金导线
gregtech:wire_quadruple:338, 4x钇钡铜氧化物导线
gregtech:wire_octal:2, 8x铝导线
gregtech:wire_octal:252, 8x退火铜导线
gregtech:wire_octal:2011, 8x黑钢导线
gregtech:wire_octal:2527, 8x蓝色合金导线
gregtech:wire_octal:23, 8x钴导线
gregtech:wire_octal:25, 8x铜导线
gregtech:wire_octal:274, 8x白铜导线
gregtech:wire_octal:277, 8x琥珀金导线
gregtech:wire_octal:431, 8x富集硅岩凯金铕铿铀合金导线
gregtech:wire_octal:33, 8x铕导线
gregtech:wire_octal:41, 8x金导线
gregtech:wire_octal:342, 8x石墨烯导线
gregtech:wire_octal:2516, 8x高速钢-G导线
gregtech:wire_octal:429, 8x铟锡钡钛铜氧化物导线
gregtech:wire_octal:51, 8x铁导线
gregtech:wire_octal:288, 8x坎塔尔合金导线
gregtech:wire_octal:55, 8x铅导线
gregtech:wire_octal:425, 8x二硼化镁导线
gregtech:wire_octal:424, 8x磷化锰导线
gregtech:wire_octal:426, 8x汞钡钙铜氧化物导线
gregtech:wire_octal:124, 8x硅岩导线
gregtech:wire_octal:2042, 8x硅岩合金导线
gregtech:wire_octal:294, 8x镍铬合金导线
gregtech:wire_octal:69, 8x镍导线
gregtech:wire_octal:295, 8x氮化铌导线
gregtech:wire_octal:296, 8x铌钛合金导线
gregtech:wire_octal:75, 8x锇导线
gregtech:wire_octal:80, 8x铂导线
gregtech:wire_octal:2517, 8x红色合金导线
gregtech:wire_octal:451, 8x钌钨钼合金导线
gregtech:wire_octal:432, 8x钌凯金镅中子素氧化物导线
gregtech:wire_octal:428, 8x钐铁砷氧化物导线
gregtech:wire_octal:97, 8x钅喜导线
gregtech:wire_octal:100, 8x银导线
gregtech:wire_octal:324, 8x钢导线
gregtech:wire_octal:112, 8x锡导线
gregtech:wire_octal:130, 8x凯金导线
gregtech:wire_octal:128, 8x三钛合金导线
gregtech:wire_octal:115, 8x钨导线
gregtech:wire_octal:2013, 8x钨钢导线
gregtech:wire_octal:430, 8x铀铑硅岩合金导线
gregtech:wire_octal:427, 8x三铂化铀导线
gregtech:wire_octal:334, 8x钒镓合金导线
gregtech:wire_octal:338, 8x钇钡铜氧化物导线
gregtech:wire_hex:2, 16x铝导线
gregtech:wire_hex:252, 16x退火铜导线
gregtech:wire_hex:2011, 16x黑钢导线
gregtech:wire_hex:2527, 16x蓝色合金导线
gregtech:wire_hex:23, 16x钴导线
gregtech:wire_hex:25, 16x铜导线
gregtech:wire_hex:274, 16x白铜导线
gregtech:wire_hex:277, 16x琥珀金导线
gregtech:wire_hex:431, 16x富集硅岩凯金铕铿铀合金导线
gregtech:wire_hex:33, 16x铕导线
gregtech:wire_hex:41, 16x金导线
gregtech:wire_hex:342, 16x石墨烯导线
gregtech:wire_hex:2516, 16x高速钢-G导线
gregtech:wire_hex:429, 16x铟锡钡钛铜氧化物导线
gregtech:wire_hex:51, 16x铁导线
gregtech:wire_hex:288, 16x坎塔尔合金导线
gregtech:wire_hex:55, 16x铅导线
gregtech:wire_hex:425, 16x二硼化镁导线
gregtech:wire_hex:424, 16x磷化锰导线
gregtech:wire_hex:426, 16x汞钡钙铜氧化物导线
gregtech:wire_hex:124, 16x硅岩导线
gregtech:wire_hex:2042, 16x硅岩合金导线
gregtech:wire_hex:294, 16x镍铬合金导线
gregtech:wire_hex:69, 16x镍导线
gregtech:wire_hex:295, 16x氮化铌导线
gregtech:wire_hex:296, 16x铌钛合金导线
gregtech:wire_hex:75, 16x锇导线
gregtech:wire_hex:80, 16x铂导线
gregtech:wire_hex:2517, 16x红色合金导线
gregtech:wire_hex:451, 16x钌钨钼合金导线
gregtech:wire_hex:432, 16x钌凯金镅中子素氧化物导线
gregtech:wire_hex:428, 16x钐铁砷氧化物导线
gregtech:wire_hex:97, 16x钅喜导线
gregtech:wire_hex:100, 16x银导线
gregtech:wire_hex:324, 16x钢导线
gregtech:wire_hex:112, 16x锡导线
gregtech:wire_hex:130, 16x凯金导线
gregtech:wire_hex:128, 16x三钛合金导线
gregtech:wire_hex:115, 16x钨导线
gregtech:wire_hex:2013, 16x钨钢导线
gregtech:wire_hex:430, 16x铀铑硅岩合金导线
gregtech:wire_hex:427, 16x三铂化铀导线
gregtech:wire_hex:334, 16x钒镓合金导线
gregtech:wire_hex:338, 16x钇钡铜氧化物导线
gregtech:cable_single:2, 1x铝线缆
gregtech:cable_single:252, 1x退火铜线缆
gregtech:cable_single:2011, 1x黑钢线缆
gregtech:cable_single:2527, 1x蓝色合金线缆
gregtech:cable_single:23, 1x钴线缆
gregtech:cable_single:25, 1x铜线缆
gregtech:cable_single:274, 1x白铜线缆
gregtech:cable_single:277, 1x琥珀金线缆
gregtech:cable_single:33, 1x铕线缆
gregtech:cable_single:41, 1x金线缆
gregtech:cable_single:342, 1x石墨烯线缆
gregtech:cable_single:2516, 1x高速钢-G线缆
gregtech:cable_single:51, 1x铁线缆
gregtech:cable_single:288, 1x坎塔尔合金线缆
gregtech:cable_single:55, 1x铅线缆
gregtech:cable_single:124, 1x硅岩线缆
gregtech:cable_single:2042, 1x硅岩合金线缆
gregtech:cable_single:294, 1x镍铬合金线缆
gregtech:cable_single:69, 1x镍线缆
gregtech:cable_single:295, 1x氮化铌线缆
gregtech:cable_single:296, 1x铌钛合金线缆
gregtech:cable_single:75, 1x锇线缆
gregtech:cable_single:80, 1x铂线缆
gregtech:cable_single:2517, 1x红色合金线缆
gregtech:cable_single:451, 1x钌钨钼合金线缆
gregtech:cable_single:97, 1x钅喜线缆
gregtech:cable_single:100, 1x银线缆
gregtech:cable_single:324, 1x钢线缆
gregtech:cable_single:112, 1x锡线缆
gregtech:cable_single:130, 1x凯金线缆
gregtech:cable_single:128, 1x三钛合金线缆
gregtech:cable_single:115, 1x钨线缆
gregtech:cable_single:2013, 1x钨钢线缆
gregtech:cable_single:334, 1x钒镓合金线缆
gregtech:cable_single:338, 1x钇钡铜氧化物线缆
gregtech:cable_double:2, 2x铝线缆
gregtech:cable_double:252, 2x退火铜线缆
gregtech:cable_double:2011, 2x黑钢线缆
gregtech:cable_double:2527, 2x蓝色合金线缆
gregtech:cable_double:23, 2x钴线缆
gregtech:cable_double:25, 2x铜线缆
gregtech:cable_double:274, 2x白铜线缆
gregtech:cable_double:277, 2x琥珀金线缆
gregtech:cable_double:33, 2x铕线缆
gregtech:cable_double:41, 2x金线缆
gregtech:cable_double:342, 2x石墨烯线缆
gregtech:cable_double:2516, 2x高速钢-G线缆
gregtech:cable_double:51, 2x铁线缆
gregtech:cable_double:288, 2x坎塔尔合金线缆
gregtech:cable_double:55, 2x铅线缆
gregtech:cable_double:124, 2x硅岩线缆
gregtech:cable_double:2042, 2x硅岩合金线缆
gregtech:cable_double:294, 2x镍铬合金线缆
gregtech:cable_double:69, 2x镍线缆
gregtech:cable_double:295, 2x氮化铌线缆
gregtech:cable_double:296, 2x铌钛合金线缆
gregtech:cable_double:75, 2x锇线缆
gregtech:cable_double:80, 2x铂线缆
gregtech:cable_double:2517, 2x红色合金线缆
gregtech:cable_double:451, 2x钌钨钼合金线缆
gregtech:cable_double:97, 2x钅喜线缆
gregtech:cable_double:100, 2x银线缆
gregtech:cable_double:324, 2x钢线缆
gregtech:cable_double:112, 2x锡线缆
gregtech:cable_double:130, 2x凯金线缆
gregtech:cable_double:128, 2x三钛合金线缆
gregtech:cable_double:115, 2x钨线缆
gregtech:cable_double:2013, 2x钨钢线缆
gregtech:cable_double:334, 2x钒镓合金线缆
gregtech:cable_double:338, 2x钇钡铜氧化物线缆
gregtech:cable_quadruple:2, 4x铝线缆
gregtech:cable_quadruple:252, 4x退火铜线缆
gregtech:cable_quadruple:2011, 4x黑钢线缆
gregtech:cable_quadruple:2527, 4x蓝色合金线缆
gregtech:cable_quadruple:23, 4x钴线缆
gregtech:cable_quadruple:25, 4x铜线缆
gregtech:cable_quadruple:274, 4x白铜线缆
gregtech:cable_quadruple:277, 4x琥珀金线缆
gregtech:cable_quadruple:33, 4x铕线缆
gregtech:cable_quadruple:41, 4x金线缆
gregtech:cable_quadruple:342, 4x石墨烯线缆
gregtech:cable_quadruple:2516, 4x高速钢-G线缆
gregtech:cable_quadruple:51, 4x铁线缆
gregtech:cable_quadruple:288, 4x坎塔尔合金线缆
gregtech:cable_quadruple:55, 4x铅线缆
gregtech:cable_quadruple:124, 4x硅岩线缆
gregtech:cable_quadruple:2042, 4x硅岩合金线缆
gregtech:cable_quadruple:294, 4x镍铬合金线缆
gregtech:cable_quadruple:69, 4x镍线缆
gregtech:cable_quadruple:295, 4x氮化铌线缆
gregtech:cable_quadruple:296, 4x铌钛合金线缆
gregtech:cable_quadruple:75, 4x锇线缆
gregtech:cable_quadruple:80, 4x铂线缆
gregtech:cable_quadruple:2517, 4x红色合金线缆
gregtech:cable_quadruple:451, 4x钌钨钼合金线缆
gregtech:cable_quadruple:97, 4x钅喜线缆
gregtech:cable_quadruple:100, 4x银线缆
gregtech:cable_quadruple:324, 4x钢线缆
gregtech:cable_quadruple:112, 4x锡线缆
gregtech:cable_quadruple:130, 4x凯金线缆
gregtech:cable_quadruple:128, 4x三钛合金线缆
gregtech:cable_quadruple:115, 4x钨线缆
gregtech:cable_quadruple:2013, 4x钨钢线缆
gregtech:cable_quadruple:334, 4x钒镓合金线缆
gregtech:cable_quadruple:338, 4x钇钡铜氧化物线缆
gregtech:cable_octal:2, 8x铝线缆
gregtech:cable_octal:252, 8x退火铜线缆
gregtech:cable_octal:2011, 8x黑钢线缆
gregtech:cable_octal:2527, 8x蓝色合金线缆
gregtech:cable_octal:23, 8x钴线缆
gregtech:cable_octal:25, 8x铜线缆
gregtech:cable_octal:274, 8x白铜线缆
gregtech:cable_octal:277, 8x琥珀金线缆
gregtech:cable_octal:33, 8x铕线缆
gregtech:cable_octal:41, 8x金线缆
gregtech:cable_octal:342, 8x石墨烯线缆
gregtech:cable_octal:2516, 8x高速钢-G线缆
gregtech:cable_octal:51, 8x铁线缆
gregtech:cable_octal:288, 8x坎塔尔合金线缆
gregtech:cable_octal:55, 8x铅线缆
gregtech:cable_octal:124, 8x硅岩线缆
gregtech:cable_octal:2042, 8x硅岩合金线缆
gregtech:cable_octal:294, 8x镍铬合金线缆
gregtech:cable_octal:69, 8x镍线缆
gregtech:cable_octal:295, 8x氮化铌线缆
gregtech:cable_octal:296, 8x铌钛合金线缆
gregtech:cable_octal:75, 8x锇线缆
gregtech:cable_octal:80, 8x铂线缆
gregtech:cable_octal:2517, 8x红色合金线缆
gregtech:cable_octal:451, 8x钌钨钼合金线缆
gregtech:cable_octal:97, 8x钅喜线缆
gregtech:cable_octal:100, 8x银线缆
gregtech:cable_octal:324, 8x钢线缆
gregtech:cable_octal:112, 8x锡线缆
gregtech:cable_octal:130, 8x凯金线缆
gregtech:cable_octal:128, 8x三钛合金线缆
gregtech:cable_octal:115, 8x钨线缆
gregtech:cable_octal:2013, 8x钨钢线缆
gregtech:cable_octal:334, 8x钒镓合金线缆
gregtech:cable_octal:338, 8x钇钡铜氧化物线缆
gregtech:cable_hex:2, 16x铝线缆
gregtech:cable_hex:252, 16x退火铜线缆
gregtech:cable_hex:2011, 16x黑钢线缆
gregtech:cable_hex:2527, 16x蓝色合金线缆
gregtech:cable_hex:23, 16x钴线缆
gregtech:cable_hex:25, 16x铜线缆
gregtech:cable_hex:274, 16x白铜线缆
gregtech:cable_hex:277, 16x琥珀金线缆
gregtech:cable_hex:33, 16x铕线缆
gregtech:cable_hex:41, 16x金线缆
gregtech:cable_hex:342, 16x石墨烯线缆
gregtech:cable_hex:2516, 16x高速钢-G线缆
gregtech:cable_hex:51, 16x铁线缆
gregtech:cable_hex:288, 16x坎塔尔合金线缆
gregtech:cable_hex:55, 16x铅线缆
gregtech:cable_hex:124, 16x硅岩线缆
gregtech:cable_hex:2042, 16x硅岩合金线缆
gregtech:cable_hex:294, 16x镍铬合金线缆
gregtech:cable_hex:69, 16x镍线缆
gregtech:cable_hex:295, 16x氮化铌线缆
gregtech:cable_hex:296, 16x铌钛合金线缆
gregtech:cable_hex:75, 16x锇线缆
gregtech:cable_hex:80, 16x铂线缆
gregtech:cable_hex:2517, 16x红色合金线缆
gregtech:cable_hex:451, 16x钌钨钼合金线缆
gregtech:cable_hex:97, 16x钅喜线缆
gregtech:cable_hex:100, 16x银线缆
gregtech:cable_hex:324, 16x钢线缆
gregtech:cable_hex:112, 16x锡线缆
gregtech:cable_hex:130, 16x凯金线缆
gregtech:cable_hex:128, 16x三钛合金线缆
gregtech:cable_hex:115, 16x钨线缆
gregtech:cable_hex:2013, 16x钨钢线缆
gregtech:cable_hex:334, 16x钒镓合金线缆
gregtech:cable_hex:338, 16x钇钡铜氧化物线缆
gregtech:heat_conductor_single:25, 1x铜热导管道
gregtech:heat_conductor_double:25, 2x铜热导管道
gregtech:heat_conductor_quadruple:25, 4x铜热导管道
gregtech:heat_conductor_octal:25, 8x铜热导管道
gregtech:heat_conductor_hex:25, 16x铜热导管道
gregtech:insulated_heat_conductor_single:25, 1x铜隔热热导管道
gregtech:insulated_heat_conductor_double:25, 2x铜隔热热导管道
gregtech:insulated_heat_conductor_quadruple:25, 4x铜隔热热导管道
gregtech:insulated_heat_conductor_octal:25, 8x铜隔热热导管道
gregtech:insulated_heat_conductor_hex:25, 16x铜隔热热导管道
gregtech:fluid_pipe_tiny:2, 微型铝流体管道
gregtech:fluid_pipe_tiny:260, 微型青铜流体管道
gregtech:fluid_pipe_tiny:22, 微型铬流体管道
gregtech:fluid_pipe_tiny:25, 微型铜流体管道
gregtech:fluid_pipe_tiny:27, 微型钅达流体管道
gregtech:fluid_pipe_tiny:129, 微型铿铀流体管道
gregtech:fluid_pipe_tiny:33, 微型铕流体管道
gregtech:fluid_pipe_tiny:41, 微型金流体管道
gregtech:fluid_pipe_tiny:2085, 微型HSLA钢流体管道
gregtech:fluid_pipe_tiny:2087, 微型耐热铬铁合金-MA956流体管道
gregtech:fluid_pipe_tiny:50, 微型铱流体管道
gregtech:fluid_pipe_tiny:51, 微型铁流体管道
gregtech:fluid_pipe_tiny:55, 微型铅流体管道
gregtech:fluid_pipe_tiny:2075, 微型马氏体时效钢350流体管道
gregtech:fluid_pipe_tiny:124, 微型硅岩流体管道
gregtech:fluid_pipe_tiny:2042, 微型硅岩合金流体管道
gregtech:fluid_pipe_tiny:127, 微型中子素流体管道
gregtech:fluid_pipe_tiny:296, 微型铌钛合金流体管道
gregtech:fluid_pipe_tiny:1012, 微型聚乙烯（PE）流体管道
gregtech:fluid_pipe_tiny:1010, 微型聚苯并咪唑（PBI）流体管道
gregtech:fluid_pipe_tiny:1016, 微型聚四氟乙烯（PTFE）流体管道
gregtech:fluid_pipe_tiny:2037, 微型粗青铜合金流体管道
gregtech:fluid_pipe_tiny:2062, 微型镀铑钯流体管道
gregtech:fluid_pipe_tiny:1068, 微型橡胶流体管道
gregtech:fluid_pipe_tiny:323, 微型不锈钢流体管道
gregtech:fluid_pipe_tiny:324, 微型钢流体管道
gregtech:fluid_pipe_tiny:328, 微型锡铁合金流体管道
gregtech:fluid_pipe_tiny:113, 微型钛流体管道
gregtech:fluid_pipe_tiny:2086, 微型碳化钛钨流体管道
gregtech:fluid_pipe_tiny:115, 微型钨流体管道
gregtech:fluid_pipe_tiny:396, 微型碳化钨流体管道
gregtech:fluid_pipe_tiny:2013, 微型钨钢流体管道
gregtech:fluid_pipe_tiny:2036, 微型钒钢流体管道
gregtech:fluid_pipe_small:2, 小型铝流体管道
gregtech:fluid_pipe_small:260, 小型青铜流体管道
gregtech:fluid_pipe_small:22, 小型铬流体管道
gregtech:fluid_pipe_small:25, 小型铜流体管道
gregtech:fluid_pipe_small:27, 小型钅达流体管道
gregtech:fluid_pipe_small:129, 小型铿铀流体管道
gregtech:fluid_pipe_small:33, 小型铕流体管道
gregtech:fluid_pipe_small:41, 小型金流体管道
gregtech:fluid_pipe_small:2085, 小型HSLA钢流体管道
gregtech:fluid_pipe_small:2087, 小型耐热铬铁合金-MA956流体管道
gregtech:fluid_pipe_small:50, 小型铱流体管道
gregtech:fluid_pipe_small:51, 小型铁流体管道
gregtech:fluid_pipe_small:55, 小型铅流体管道
gregtech:fluid_pipe_small:2075, 小型马氏体时效钢350流体管道
gregtech:fluid_pipe_small:124, 小型硅岩流体管道
gregtech:fluid_pipe_small:2042, 小型硅岩合金流体管道
gregtech:fluid_pipe_small:127, 小型中子素流体管道
gregtech:fluid_pipe_small:296, 小型铌钛合金流体管道
gregtech:fluid_pipe_small:1012, 小型聚乙烯（PE）流体管道
gregtech:fluid_pipe_small:1010, 小型聚苯并咪唑（PBI）流体管道
gregtech:fluid_pipe_small:1016, 小型聚四氟乙烯（PTFE）流体管道
gregtech:fluid_pipe_small:2037, 小型粗青铜合金流体管道
gregtech:fluid_pipe_small:2062, 小型镀铑钯流体管道
gregtech:fluid_pipe_small:1068, 小型橡胶流体管道
gregtech:fluid_pipe_small:323, 小型不锈钢流体管道
gregtech:fluid_pipe_small:324, 小型钢流体管道
gregtech:fluid_pipe_small:328, 小型锡铁合金流体管道
gregtech:fluid_pipe_small:113, 小型钛流体管道
gregtech:fluid_pipe_small:2086, 小型碳化钛钨流体管道
gregtech:fluid_pipe_small:1648, 小型防腐木流体管道
gregtech:fluid_pipe_small:115, 小型钨流体管道
gregtech:fluid_pipe_small:396, 小型碳化钨流体管道
gregtech:fluid_pipe_small:2013, 小型钨钢流体管道
gregtech:fluid_pipe_small:2036, 小型钒钢流体管道
gregtech:fluid_pipe_small:1617, 小型木流体管道
gregtech:fluid_pipe_normal:2, 铝流体管道
gregtech:fluid_pipe_normal:260, 青铜流体管道
gregtech:fluid_pipe_normal:22, 铬流体管道
gregtech:fluid_pipe_normal:25, 铜流体管道
gregtech:fluid_pipe_normal:27, 钅达流体管道
gregtech:fluid_pipe_normal:129, 铿铀流体管道
gregtech:fluid_pipe_normal:33, 铕流体管道
gregtech:fluid_pipe_normal:41, 金流体管道
gregtech:fluid_pipe_normal:2085, HSLA钢流体管道
gregtech:fluid_pipe_normal:2087, 耐热铬铁合金-MA956流体管道
gregtech:fluid_pipe_normal:50, 铱流体管道
gregtech:fluid_pipe_normal:51, 铁流体管道
gregtech:fluid_pipe_normal:55, 铅流体管道
gregtech:fluid_pipe_normal:2075, 马氏体时效钢350流体管道
gregtech:fluid_pipe_normal:124, 硅岩流体管道
gregtech:fluid_pipe_normal:2042, 硅岩合金流体管道
gregtech:fluid_pipe_normal:127, 中子素流体管道
gregtech:fluid_pipe_normal:296, 铌钛合金流体管道
gregtech:fluid_pipe_normal:1012, 聚乙烯（PE）流体管道
gregtech:fluid_pipe_normal:1010, 聚苯并咪唑（PBI）流体管道
gregtech:fluid_pipe_normal:1016, 聚四氟乙烯（PTFE）流体管道
gregtech:fluid_pipe_normal:2037, 粗青铜合金流体管道
gregtech:fluid_pipe_normal:2062, 镀铑钯流体管道
gregtech:fluid_pipe_normal:1068, 橡胶流体管道
gregtech:fluid_pipe_normal:323, 不锈钢流体管道
gregtech:fluid_pipe_normal:324, 钢流体管道
gregtech:fluid_pipe_normal:328, 锡铁合金流体管道
gregtech:fluid_pipe_normal:113, 钛流体管道
gregtech:fluid_pipe_normal:2086, 碳化钛钨流体管道
gregtech:fluid_pipe_normal:1648, 防腐木流体管道
gregtech:fluid_pipe_normal:115, 钨流体管道
gregtech:fluid_pipe_normal:396, 碳化钨流体管道
gregtech:fluid_pipe_normal:2013, 钨钢流体管道
gregtech:fluid_pipe_normal:2036, 钒钢流体管道
gregtech:fluid_pipe_normal:1617, 木流体管道
gregtech:fluid_pipe_large:2, 大型铝流体管道
gregtech:fluid_pipe_large:260, 大型青铜流体管道
gregtech:fluid_pipe_large:22, 大型铬流体管道
gregtech:fluid_pipe_large:25, 大型铜流体管道
gregtech:fluid_pipe_large:27, 大型钅达流体管道
gregtech:fluid_pipe_large:129, 大型铿铀流体管道
gregtech:fluid_pipe_large:33, 大型铕流体管道
gregtech:fluid_pipe_large:41, 大型金流体管道
gregtech:fluid_pipe_large:2085, 大型HSLA钢流体管道
gregtech:fluid_pipe_large:2087, 大型耐热铬铁合金-MA956流体管道
gregtech:fluid_pipe_large:50, 大型铱流体管道
gregtech:fluid_pipe_large:51, 大型铁流体管道
gregtech:fluid_pipe_large:55, 大型铅流体管道
gregtech:fluid_pipe_large:2075, 大型马氏体时效钢350流体管道
gregtech:fluid_pipe_large:124, 大型硅岩流体管道
gregtech:fluid_pipe_large:2042, 大型硅岩合金流体管道
gregtech:fluid_pipe_large:127, 大型中子素流体管道
gregtech:fluid_pipe_large:296, 大型铌钛合金流体管道
gregtech:fluid_pipe_large:1012, 大型聚乙烯（PE）流体管道
gregtech:fluid_pipe_large:1010, 大型聚苯并咪唑（PBI）流体管道
gregtech:fluid_pipe_large:1016, 大型聚四氟乙烯（PTFE）流体管道
gregtech:fluid_pipe_large:2037, 大型粗青铜合金流体管道
gregtech:fluid_pipe_large:2062, 大型镀铑钯流体管道
gregtech:fluid_pipe_large:1068, 大型橡胶流体管道
gregtech:fluid_pipe_large:323, 大型不锈钢流体管道
gregtech:fluid_pipe_large:324, 大型钢流体管道
gregtech:fluid_pipe_large:328, 大型锡铁合金流体管道
gregtech:fluid_pipe_large:113, 大型钛流体管道
gregtech:fluid_pipe_large:2086, 大型碳化钛钨流体管道
gregtech:fluid_pipe_large:1648, 大型防腐木流体管道
gregtech:fluid_pipe_large:115, 大型钨流体管道
gregtech:fluid_pipe_large:396, 大型碳化钨流体管道
gregtech:fluid_pipe_large:2013, 大型钨钢流体管道
gregtech:fluid_pipe_large:2036, 大型钒钢流体管道
gregtech:fluid_pipe_large:1617, 大型木流体管道
gregtech:fluid_pipe_huge:2, 巨型铝流体管道
gregtech:fluid_pipe_huge:260, 巨型青铜流体管道
gregtech:fluid_pipe_huge:22, 巨型铬流体管道
gregtech:fluid_pipe_huge:25, 巨型铜流体管道
gregtech:fluid_pipe_huge:27, 巨型钅达流体管道
gregtech:fluid_pipe_huge:129, 巨型铿铀流体管道
gregtech:fluid_pipe_huge:33, 巨型铕流体管道
gregtech:fluid_pipe_huge:41, 巨型金流体管道
gregtech:fluid_pipe_huge:2085, 巨型HSLA钢流体管道
gregtech:fluid_pipe_huge:2087, 巨型耐热铬铁合金-MA956流体管道
gregtech:fluid_pipe_huge:50, 巨型铱流体管道
gregtech:fluid_pipe_huge:51, 巨型铁流体管道
gregtech:fluid_pipe_huge:55, 巨型铅流体管道
gregtech:fluid_pipe_huge:2075, 巨型马氏体时效钢350流体管道
gregtech:fluid_pipe_huge:124, 巨型硅岩流体管道
gregtech:fluid_pipe_huge:2042, 巨型硅岩合金流体管道
gregtech:fluid_pipe_huge:127, 巨型中子素流体管道
gregtech:fluid_pipe_huge:296, 巨型铌钛合金流体管道
gregtech:fluid_pipe_huge:1012, 巨型聚乙烯（PE）流体管道
gregtech:fluid_pipe_huge:1010, 巨型聚苯并咪唑（PBI）流体管道
gregtech:fluid_pipe_huge:1016, 巨型聚四氟乙烯（PTFE）流体管道
gregtech:fluid_pipe_huge:2037, 巨型粗青铜合金流体管道
gregtech:fluid_pipe_huge:2062, 巨型镀铑钯流体管道
gregtech:fluid_pipe_huge:1068, 巨型橡胶流体管道
gregtech:fluid_pipe_huge:323, 巨型不锈钢流体管道
gregtech:fluid_pipe_huge:324, 巨型钢流体管道
gregtech:fluid_pipe_huge:328, 巨型锡铁合金流体管道
gregtech:fluid_pipe_huge:113, 巨型钛流体管道
gregtech:fluid_pipe_huge:2086, 巨型碳化钛钨流体管道
gregtech:fluid_pipe_huge:115, 巨型钨流体管道
gregtech:fluid_pipe_huge:396, 巨型碳化钨流体管道
gregtech:fluid_pipe_huge:2013, 巨型钨钢流体管道
gregtech:fluid_pipe_huge:2036, 巨型钒钢流体管道
gregtech:fluid_pipe_quadruple:2, 四重铝流体管道
gregtech:fluid_pipe_quadruple:260, 四重青铜流体管道
gregtech:fluid_pipe_quadruple:22, 四重铬流体管道
gregtech:fluid_pipe_quadruple:25, 四重铜流体管道
gregtech:fluid_pipe_quadruple:27, 四重钅达流体管道
gregtech:fluid_pipe_quadruple:129, 四重铿铀流体管道
gregtech:fluid_pipe_quadruple:33, 四重铕流体管道
gregtech:fluid_pipe_quadruple:41, 四重金流体管道
gregtech:fluid_pipe_quadruple:2085, 四重HSLA钢流体管道
gregtech:fluid_pipe_quadruple:2087, 四重耐热铬铁合金-MA956流体管道
gregtech:fluid_pipe_quadruple:50, 四重铱流体管道
gregtech:fluid_pipe_quadruple:51, 四重铁流体管道
gregtech:fluid_pipe_quadruple:55, 四重铅流体管道
gregtech:fluid_pipe_quadruple:2075, 四重马氏体时效钢350流体管道
gregtech:fluid_pipe_quadruple:124, 四重硅岩流体管道
gregtech:fluid_pipe_quadruple:2042, 四重硅岩合金流体管道
gregtech:fluid_pipe_quadruple:127, 四重中子素流体管道
gregtech:fluid_pipe_quadruple:296, 四重铌钛合金流体管道
gregtech:fluid_pipe_quadruple:1012, 四重聚乙烯（PE）流体管道
gregtech:fluid_pipe_quadruple:1010, 四重聚苯并咪唑（PBI）流体管道
gregtech:fluid_pipe_quadruple:1016, 四重聚四氟乙烯（PTFE）流体管道
gregtech:fluid_pipe_quadruple:2037, 四重粗青铜合金流体管道
gregtech:fluid_pipe_quadruple:2062, 四重镀铑钯流体管道
gregtech:fluid_pipe_quadruple:1068, 四重橡胶流体管道
gregtech:fluid_pipe_quadruple:323, 四重不锈钢流体管道
gregtech:fluid_pipe_quadruple:324, 四重钢流体管道
gregtech:fluid_pipe_quadruple:328, 四重锡铁合金流体管道
gregtech:fluid_pipe_quadruple:113, 四重钛流体管道
gregtech:fluid_pipe_quadruple:2086, 四重碳化钛钨流体管道
gregtech:fluid_pipe_quadruple:115, 四重钨流体管道
gregtech:fluid_pipe_quadruple:396, 四重碳化钨流体管道
gregtech:fluid_pipe_quadruple:2013, 四重钨钢流体管道
gregtech:fluid_pipe_quadruple:2036, 四重钒钢流体管道
gregtech:fluid_pipe_nonuple:2, 九重铝流体管道
gregtech:fluid_pipe_nonuple:260, 九重青铜流体管道
gregtech:fluid_pipe_nonuple:22, 九重铬流体管道
gregtech:fluid_pipe_nonuple:25, 九重铜流体管道
gregtech:fluid_pipe_nonuple:27, 九重钅达流体管道
gregtech:fluid_pipe_nonuple:129, 九重铿铀流体管道
gregtech:fluid_pipe_nonuple:33, 九重铕流体管道
gregtech:fluid_pipe_nonuple:41, 九重金流体管道
gregtech:fluid_pipe_nonuple:2085, 九重HSLA钢流体管道
gregtech:fluid_pipe_nonuple:2087, 九重耐热铬铁合金-MA956流体管道
gregtech:fluid_pipe_nonuple:50, 九重铱流体管道
gregtech:fluid_pipe_nonuple:51, 九重铁流体管道
gregtech:fluid_pipe_nonuple:55, 九重铅流体管道
gregtech:fluid_pipe_nonuple:2075, 九重马氏体时效钢350流体管道
gregtech:fluid_pipe_nonuple:124, 九重硅岩流体管道
gregtech:fluid_pipe_nonuple:2042, 九重硅岩合金流体管道
gregtech:fluid_pipe_nonuple:127, 九重中子素流体管道
gregtech:fluid_pipe_nonuple:296, 九重铌钛合金流体管道
gregtech:fluid_pipe_nonuple:1012, 九重聚乙烯（PE）流体管道
gregtech:fluid_pipe_nonuple:1010, 九重聚苯并咪唑（PBI）流体管道
gregtech:fluid_pipe_nonuple:1016, 九重聚四氟乙烯（PTFE）流体管道
gregtech:fluid_pipe_nonuple:2037, 九重粗青铜合金流体管道
gregtech:fluid_pipe_nonuple:2062, 九重镀铑钯流体管道
gregtech:fluid_pipe_nonuple:1068, 九重橡胶流体管道
gregtech:fluid_pipe_nonuple:323, 九重不锈钢流体管道
gregtech:fluid_pipe_nonuple:324, 九重钢流体管道
gregtech:fluid_pipe_nonuple:328, 九重锡铁合金流体管道
gregtech:fluid_pipe_nonuple:113, 九重钛流体管道
gregtech:fluid_pipe_nonuple:2086, 九重碳化钛钨流体管道
gregtech:fluid_pipe_nonuple:115, 九重钨流体管道
gregtech:fluid_pipe_nonuple:396, 九重碳化钨流体管道
gregtech:fluid_pipe_nonuple:2013, 九重钨钢流体管道
gregtech:fluid_pipe_nonuple:2036, 九重钒钢流体管道
gregtech:item_pipe_small:3, 小型镅物品管道
gregtech:item_pipe_small:302, 小型黑青铜物品管道
gregtech:item_pipe_small:259, 小型黄铜物品管道
gregtech:item_pipe_small:23, 小型钴物品管道
gregtech:item_pipe_small:2014, 小型钴黄铜物品管道
gregtech:item_pipe_small:274, 小型白铜物品管道
gregtech:item_pipe_small:277, 小型琥珀金物品管道
gregtech:item_pipe_small:290, 小型镁铝合金物品管道
gregtech:item_pipe_small:69, 小型镍物品管道
gregtech:item_pipe_small:344, 小型铱锇合金物品管道
gregtech:item_pipe_small:75, 小型锇物品管道
gregtech:item_pipe_small:80, 小型铂物品管道
gregtech:item_pipe_small:1007, 小型聚氯乙烯（PVC）物品管道
gregtech:item_pipe_small:301, 小型玫瑰金物品管道
gregtech:item_pipe_small:300, 小型标准纯银物品管道
gregtech:item_pipe_small:112, 小型锡物品管道
gregtech:item_pipe_small:331, 小型哈氏合金物品管道
gregtech:item_pipe_normal:3, 镅物品管道
gregtech:item_pipe_normal:302, 黑青铜物品管道
gregtech:item_pipe_normal:259, 黄铜物品管道
gregtech:item_pipe_normal:23, 钴物品管道
gregtech:item_pipe_normal:2014, 钴黄铜物品管道
gregtech:item_pipe_normal:274, 白铜物品管道
gregtech:item_pipe_normal:277, 琥珀金物品管道
gregtech:item_pipe_normal:290, 镁铝合金物品管道
gregtech:item_pipe_normal:69, 镍物品管道
gregtech:item_pipe_normal:344, 铱锇合金物品管道
gregtech:item_pipe_normal:75, 锇物品管道
gregtech:item_pipe_normal:80, 铂物品管道
gregtech:item_pipe_normal:1007, 聚氯乙烯（PVC）物品管道
gregtech:item_pipe_normal:301, 玫瑰金物品管道
gregtech:item_pipe_normal:300, 标准纯银物品管道
gregtech:item_pipe_normal:112, 锡物品管道
gregtech:item_pipe_normal:331, 哈氏合金物品管道
gregtech:item_pipe_large:3, 大型镅物品管道
gregtech:item_pipe_large:302, 大型黑青铜物品管道
gregtech:item_pipe_large:259, 大型黄铜物品管道
gregtech:item_pipe_large:23, 大型钴物品管道
gregtech:item_pipe_large:2014, 大型钴黄铜物品管道
gregtech:item_pipe_large:274, 大型白铜物品管道
gregtech:item_pipe_large:277, 大型琥珀金物品管道
gregtech:item_pipe_large:290, 大型镁铝合金物品管道
gregtech:item_pipe_large:69, 大型镍物品管道
gregtech:item_pipe_large:344, 大型铱锇合金物品管道
gregtech:item_pipe_large:75, 大型锇物品管道
gregtech:item_pipe_large:80, 大型铂物品管道
gregtech:item_pipe_large:1007, 大型聚氯乙烯（PVC）物品管道
gregtech:item_pipe_large:301, 大型玫瑰金物品管道
gregtech:item_pipe_large:300, 大型标准纯银物品管道
gregtech:item_pipe_large:112, 大型锡物品管道
gregtech:item_pipe_large:331, 大型哈氏合金物品管道
gregtech:item_pipe_huge:3, 巨型镅物品管道
gregtech:item_pipe_huge:302, 巨型黑青铜物品管道
gregtech:item_pipe_huge:259, 巨型黄铜物品管道
gregtech:item_pipe_huge:23, 巨型钴物品管道
gregtech:item_pipe_huge:2014, 巨型钴黄铜物品管道
gregtech:item_pipe_huge:274, 巨型白铜物品管道
gregtech:item_pipe_huge:277, 巨型琥珀金物品管道
gregtech:item_pipe_huge:290, 巨型镁铝合金物品管道
gregtech:item_pipe_huge:69, 巨型镍物品管道
gregtech:item_pipe_huge:344, 巨型铱锇合金物品管道
gregtech:item_pipe_huge:75, 巨型锇物品管道
gregtech:item_pipe_huge:80, 巨型铂物品管道
gregtech:item_pipe_huge:1007, 巨型聚氯乙烯（PVC）物品管道
gregtech:item_pipe_huge:301, 巨型玫瑰金物品管道
gregtech:item_pipe_huge:300, 巨型标准纯银物品管道
gregtech:item_pipe_huge:112, 巨型锡物品管道
gregtech:item_pipe_huge:331, 巨型哈氏合金物品管道
gregtech:item_pipe_small_restrictive:3, 小型加固镅物品管道
gregtech:item_pipe_small_restrictive:302, 小型加固黑青铜物品管道
gregtech:item_pipe_small_restrictive:259, 小型加固黄铜物品管道
gregtech:item_pipe_small_restrictive:23, 小型加固钴物品管道
gregtech:item_pipe_small_restrictive:2014, 小型加固钴黄铜物品管道
gregtech:item_pipe_small_restrictive:274, 小型加固白铜物品管道
gregtech:item_pipe_small_restrictive:277, 小型加固琥珀金物品管道
gregtech:item_pipe_small_restrictive:290, 小型加固镁铝合金物品管道
gregtech:item_pipe_small_restrictive:69, 小型加固镍物品管道
gregtech:item_pipe_small_restrictive:344, 小型加固铱锇合金物品管道
gregtech:item_pipe_small_restrictive:75, 小型加固锇物品管道
gregtech:item_pipe_small_restrictive:80, 小型加固铂物品管道
gregtech:item_pipe_small_restrictive:1007, 小型加固聚氯乙烯（PVC）物品管道
gregtech:item_pipe_small_restrictive:301, 小型加固玫瑰金物品管道
gregtech:item_pipe_small_restrictive:300, 小型加固标准纯银物品管道
gregtech:item_pipe_small_restrictive:112, 小型加固锡物品管道
gregtech:item_pipe_small_restrictive:331, 小型加固哈氏合金物品管道
gregtech:item_pipe_normal_restrictive:3, 加固镅物品管道
gregtech:item_pipe_normal_restrictive:302, 加固黑青铜物品管道
gregtech:item_pipe_normal_restrictive:259, 加固黄铜物品管道
gregtech:item_pipe_normal_restrictive:23, 加固钴物品管道
gregtech:item_pipe_normal_restrictive:2014, 加固钴黄铜物品管道
gregtech:item_pipe_normal_restrictive:274, 加固白铜物品管道
gregtech:item_pipe_normal_restrictive:277, 加固琥珀金物品管道
gregtech:item_pipe_normal_restrictive:290, 加固镁铝合金物品管道
gregtech:item_pipe_normal_restrictive:69, 加固镍物品管道
gregtech:item_pipe_normal_restrictive:344, 加固铱锇合金物品管道
gregtech:item_pipe_normal_restrictive:75, 加固锇物品管道
gregtech:item_pipe_normal_restrictive:80, 加固铂物品管道
gregtech:item_pipe_normal_restrictive:1007, 加固聚氯乙烯（PVC）物品管道
gregtech:item_pipe_normal_restrictive:301, 加固玫瑰金物品管道
gregtech:item_pipe_normal_restrictive:300, 加固标准纯银物品管道
gregtech:item_pipe_normal_restrictive:112, 加固锡物品管道
gregtech:item_pipe_normal_restrictive:331, 加固哈氏合金物品管道
gregtech:item_pipe_large_restrictive:3, 大型加固镅物品管道
gregtech:item_pipe_large_restrictive:302, 大型加固黑青铜物品管道
gregtech:item_pipe_large_restrictive:259, 大型加固黄铜物品管道
gregtech:item_pipe_large_restrictive:23, 大型加固钴物品管道
gregtech:item_pipe_large_restrictive:2014, 大型加固钴黄铜物品管道
gregtech:item_pipe_large_restrictive:274, 大型加固白铜物品管道
gregtech:item_pipe_large_restrictive:277, 大型加固琥珀金物品管道
gregtech:item_pipe_large_restrictive:290, 大型加固镁铝合金物品管道
gregtech:item_pipe_large_restrictive:69, 大型加固镍物品管道
gregtech:item_pipe_large_restrictive:344, 大型加固铱锇合金物品管道
gregtech:item_pipe_large_restrictive:75, 大型加固锇物品管道
gregtech:item_pipe_large_restrictive:80, 大型加固铂物品管道
gregtech:item_pipe_large_restrictive:1007, 大型加固聚氯乙烯（PVC）物品管道
gregtech:item_pipe_large_restrictive:301, 大型加固玫瑰金物品管道
gregtech:item_pipe_large_restrictive:300, 大型加固标准纯银物品管道
gregtech:item_pipe_large_restrictive:112, 大型加固锡物品管道
gregtech:item_pipe_large_restrictive:331, 大型加固哈氏合金物品管道
gregtech:item_pipe_huge_restrictive:3, 巨型加固镅物品管道
gregtech:item_pipe_huge_restrictive:302, 巨型加固黑青铜物品管道
gregtech:item_pipe_huge_restrictive:259, 巨型加固黄铜物品管道
gregtech:item_pipe_huge_restrictive:23, 巨型加固钴物品管道
gregtech:item_pipe_huge_restrictive:2014, 巨型加固钴黄铜物品管道
gregtech:item_pipe_huge_restrictive:274, 巨型加固白铜物品管道
gregtech:item_pipe_huge_restrictive:277, 巨型加固琥珀金物品管道
gregtech:item_pipe_huge_restrictive:290, 巨型加固镁铝合金物品管道
gregtech:item_pipe_huge_restrictive:69, 巨型加固镍物品管道
gregtech:item_pipe_huge_restrictive:344, 巨型加固铱锇合金物品管道
gregtech:item_pipe_huge_restrictive:75, 巨型加固锇物品管道
gregtech:item_pipe_huge_restrictive:80, 巨型加固铂物品管道
gregtech:item_pipe_huge_restrictive:1007, 巨型加固聚氯乙烯（PVC）物品管道
gregtech:item_pipe_huge_restrictive:301, 巨型加固玫瑰金物品管道
gregtech:item_pipe_huge_restrictive:300, 巨型加固标准纯银物品管道
gregtech:item_pipe_huge_restrictive:112, 巨型加固锡物品管道
gregtech:item_pipe_huge_restrictive:331, 巨型加固哈氏合金物品管道
gregtech:optical_pipe_normal:0, 光缆
gregtech:laser_pipe_normal:0, 激光传导线缆
gregtech:ld_item_pipe, 长距离物品管道
gregtech:ld_fluid_pipe, 长距离流体管道
gregtech:hermetic_casing:0, 密封机械方块 I
gregtech:hermetic_casing:1, 密封机械方块 II
gregtech:hermetic_casing:2, 密封机械方块 III
gregtech:hermetic_casing:3, 密封机械方块 IV
gregtech:hermetic_casing:4, 密封机械方块 V
gregtech:hermetic_casing:5, 密封机械方块 VI
gregtech:hermetic_casing:6, 密封机械方块 VII
gregtech:hermetic_casing:7, 密封机械方块 VIII
gregtech:hermetic_casing:8, 密封机械方块 IX
gregtech:cleanroom_casing:0, 塑料混凝土
gregtech:cleanroom_casing:1, 过滤器机械方块
gregtech:cleanroom_casing:2, 除菌过滤器机械方块
gregtech:computer_casing:0, 计算机外壳
gregtech:computer_casing:1, 计算机散热口
gregtech:computer_casing:2, 高能机械方块
gregtech:computer_casing:3, 高级计算机外壳
gregtech:battery_block:0, 空电容（Tier I）
gregtech:battery_block:1, 兰波顿电容（§5EV§r）
gregtech:battery_block:2, 兰波顿电容（§1IV§r）
gregtech:battery_block:3, 空电容（Tier II）
gregtech:battery_block:4, 兰波顿电容（§dLuV§r）
gregtech:battery_block:5, 兰波顿电容（§cZPM§r）
gregtech:battery_block:6, 空电容（Tier III）
gregtech:battery_block:7, 兰波顿电容（§3UV§r）
gregtech:battery_block:8, 量子真空电容（§4UHV§r）
gregtech:battery_block:9, 空电容（Tier IV）
gregtech:battery_block:10, 引力奇点电容（§6UEV§r）
gregtech:battery_block:11, 时空晶体电容（§2UIV§r）
gregtech:battery_block:12, 空电容（Tier V）
gregtech:battery_block:13, 超光速粒子电容（§eUXV§r）
gregtech:battery_block:14, 宇宙弦电容（§aOpV§r）
gregtech:battery_block:15, 创世电容（§c§lMAX§r）
gregtech:unique_casing:0, 粉碎轮
gregtech:unique_casing:1, 切片刀
gregtech:unique_casing:2, 电解器
gregtech:unique_casing:3, 散热片
gregtech:unique_casing:4, 二硅化钼线圈方块
gregtech:large_multiblock_casing:0, 安全研磨机械方块
gregtech:large_multiblock_casing:1, 高温冶炼机械方块
gregtech:large_multiblock_casing:2, 大型组装机机械方块
gregtech:large_multiblock_casing:3, 耐压机械方块
gregtech:large_multiblock_casing:4, 耐腐蚀机械方块
gregtech:large_multiblock_casing:5, 防震机械方块
gregtech:large_multiblock_casing:6, 防水机械方块
gregtech:large_multiblock_casing:7, 防震切割机械方块
gregtech:large_multiblock_casing:8, 绝缘机械方块
gregtech:large_multiblock_casing:9, 惰性搅拌机械方块
gregtech:large_multiblock_casing:10, 热处理机械方块
gregtech:large_multiblock_casing:11, 抗激光蚀刻机械方块
gregtech:large_multiblock_casing:12, 原子机械方块
gregtech:large_multiblock_casing:13, 强化硅岩机械方块
gregtech:large_multiblock_casing:14, 工业蒸汽机械方块
gregtech:godforge_casing:0, 奇点强化恒星屏蔽外壳
gregtech:godforge_casing:1, 天体物质引导外壳
gregtech:godforge_casing:2, 无界重力分离结构外壳
gregtech:godforge_casing:3, 超越放大磁约束外壳
gregtech:godforge_casing:4, 恒星能量虹吸外壳
gregtech:godforge_casing:5, 远程引力子流调制器
gregtech:godforge_casing:6, 中间引力子流调制器
gregtech:godforge_casing:7, 中心引力子流调制器
gregtech:godforge_casing:8, 谐波声子传输导管
gregtech:godforge_glass:0, 空间超越引力透镜方块
gregtech:boiler_casing:0, 青铜管道外壳
gregtech:boiler_casing:1, 钢管道外壳
gregtech:boiler_casing:2, 钛管道外壳
gregtech:boiler_casing:3, 钨钢管道外壳
gregtech:boiler_casing:4, 聚四氟乙烯管道外壳
gregtech:boiler_firebox_casing:0, 青铜燃烧室
gregtech:boiler_firebox_casing:1, 钢燃烧室
gregtech:boiler_firebox_casing:2, 钛燃烧室
gregtech:boiler_firebox_casing:3, 钨钢燃烧室
gregtech:metal_casing:0, 青铜机械方块
gregtech:metal_casing:1, 耐火砖块
gregtech:metal_casing:2, 殷钢隔热机械方块
gregtech:metal_casing:3, 铝制防冻机械方块
gregtech:metal_casing:4, 脱氧钢机械方块
gregtech:metal_casing:5, 洁净不锈钢机械方块
gregtech:metal_casing:6, 加强钛机械方块
gregtech:metal_casing:7, 强化钨钢机械方块
gregtech:metal_casing:8, 焦炉砖块
gregtech:metal_casing:9, 聚四氟乙烯化学惰性机械方块
gregtech:metal_casing:10, 坚固高速钢-E机械方块
gregtech:metal_casing:11, 镀钯变电站机械方块
gregtech:turbine_casing:0, 青铜齿轮箱机械方块
gregtech:turbine_casing:1, 钢齿轮箱机械方块
gregtech:turbine_casing:2, 不锈钢齿轮箱机械方块
gregtech:turbine_casing:3, 钛齿轮箱机械方块
gregtech:turbine_casing:4, 钨钢齿轮箱机械方块
gregtech:turbine_casing:5, 钢涡轮机械方块
gregtech:turbine_casing:6, 钛涡轮机械方块
gregtech:turbine_casing:7, 不锈钢涡轮机械方块
gregtech:turbine_casing:8, 钨钢涡轮机械方块
gregtech:machine_casing:0, §8ULV§r机械方块
gregtech:machine_casing:1, §7LV§r机械方块
gregtech:machine_casing:2, §bMV§r机械方块
gregtech:machine_casing:3, §6HV§r机械方块
gregtech:machine_casing:4, §5EV§r机械方块
gregtech:machine_casing:5, §1IV§r机械方块
gregtech:machine_casing:6, §dLuV§r机械方块
gregtech:machine_casing:7, §cZPM§r机械方块
gregtech:machine_casing:8, §3UV§r机械方块
gregtech:machine_casing:9, §4UHV§r机械方块
gregtech:machine_casing:10, §aUEV§r机械方块
gregtech:machine_casing:11, §2UIV§r机械方块
gregtech:machine_casing:12, §eUXV§r机械方块
gregtech:machine_casing:13, §9OpV§r机械方块
gregtech:machine_casing:14, §c§lMAX§r机械方块
gregtech:steam_casing:0, 青铜外壳
gregtech:steam_casing:1, 砖砌青铜外壳
gregtech:steam_casing:2, 钢制外壳
gregtech:steam_casing:3, 砖砌锻铁外壳
gregtech:steam_casing:4, 水泵盖板
gregtech:steam_casing:5, 木制壁面
gregtech:multiblock_casing:0, 引擎进气机械方块
gregtech:multiblock_casing:1, 极限引擎进气机械方块
gregtech:multiblock_casing:2, 栅格机械方块
gregtech:multiblock_casing:3, 装配线控制外壳
gregtech:multiblock_casing:4, 装配线外壳
gregtech:transparent_casing:0, 强化玻璃
gregtech:transparent_casing:1, 聚变玻璃
gregtech:transparent_casing:2, 夹层玻璃
gregtech:transparent_casing:3, 超净间玻璃
gregtech:wire_coil:0, 白铜线圈方块
gregtech:wire_coil:1, 坎塔尔合金线圈方块
gregtech:wire_coil:2, 镍铬合金线圈方块
gregtech:wire_coil:3, 钌钨钼合金线圈方块
gregtech:wire_coil:4, 高速钢-G线圈方块
gregtech:wire_coil:5, 硅岩线圈方块
gregtech:wire_coil:6, 凯金线圈方块
gregtech:wire_coil:7, 三钛合金线圈方块
gregtech:fusion_casing:0, 超导线圈方块
gregtech:fusion_casing:1, 聚变线圈方块
gregtech:fusion_casing:2, 聚变机器外壳
gregtech:fusion_casing:3, 聚变机械方块 MK-II
gregtech:fusion_casing:4, 聚变机械方块 MK-III
gregtech:warning_sign:0, 黄色路障方块
gregtech:warning_sign:1, 黄色路障方块
gregtech:warning_sign:2, 辐射危害警示方块
gregtech:warning_sign:3, 生化危害警示方块
gregtech:warning_sign:4, 爆炸危害警示方块
gregtech:warning_sign:5, 易燃危害警示方块
gregtech:warning_sign:6, 强酸危害警示方块
gregtech:warning_sign:7, 魔力危害警示方块
gregtech:warning_sign:8, 低温危害警示方块
gregtech:warning_sign:9, 噪声危害警示方块
gregtech:warning_sign:10, 泛用危害警示方块
gregtech:warning_sign:11, 高压电危害警示方块
gregtech:warning_sign:12, 强磁危害警示方块
gregtech:warning_sign:13, 反物质危害警示方块
gregtech:warning_sign:14, 高温危害警示方块
gregtech:warning_sign:15, 虚空危害警示方块
gregtech:warning_sign_1:0, 刷怪笼危害警示方块
gregtech:warning_sign_1:1, 空间存储危害警示方块
gregtech:warning_sign_1:2, 激光危害警示方块
gregtech:warning_sign_1:3, 怪物侵袭危害警示方块
gregtech:warning_sign_1:4, Boss危害警示方块
gregtech:warning_sign_1:5, 格雷化危害警示方块
gregtech:warning_sign_1:6, 非标准因果律危害警示方块
gregtech:warning_sign_1:7, 自动化防御设施危害警示方块
gregtech:warning_sign_1:8, 高压力危害警示方块
gregtech:metal_sheet:0, 白色金属板方块
gregtech:metal_sheet:1, 橙色金属板方块
gregtech:metal_sheet:2, 品红色金属板方块
gregtech:metal_sheet:3, 淡蓝色金属板方块
gregtech:metal_sheet:4, 黄色金属板方块
gregtech:metal_sheet:5, 黄绿色金属板方块
gregtech:metal_sheet:6, 粉红色金属板方块
gregtech:metal_sheet:7, 灰色金属板方块
gregtech:metal_sheet:8, 淡灰色金属板方块
gregtech:metal_sheet:9, 青色金属板方块
gregtech:metal_sheet:10, 紫色金属板方块
gregtech:metal_sheet:11, 蓝色金属板方块
gregtech:metal_sheet:12, 棕色金属板方块
gregtech:metal_sheet:13, 绿色金属板方块
gregtech:metal_sheet:14, 红色金属板方块
gregtech:metal_sheet:15, 黑色金属板方块
gregtech:large_metal_sheet:0, 白色粗纹金属板方块
gregtech:large_metal_sheet:1, 橙色粗纹金属板方块
gregtech:large_metal_sheet:2, 品红色粗纹金属板方块
gregtech:large_metal_sheet:3, 淡蓝色粗纹金属板方块
gregtech:large_metal_sheet:4, 黄色粗纹金属板方块
gregtech:large_metal_sheet:5, 黄绿色粗纹金属板方块
gregtech:large_metal_sheet:6, 粉红色粗纹金属板方块
gregtech:large_metal_sheet:7, 灰色粗纹金属板方块
gregtech:large_metal_sheet:8, 淡灰色粗纹金属板方块
gregtech:large_metal_sheet:9, 青色粗纹金属板方块
gregtech:large_metal_sheet:10, 紫色粗纹金属板方块
gregtech:large_metal_sheet:11, 蓝色粗纹金属板方块
gregtech:large_metal_sheet:12, 棕色粗纹金属板方块
gregtech:large_metal_sheet:13, 绿色粗纹金属板方块
gregtech:large_metal_sheet:14, 红色粗纹金属板方块
gregtech:large_metal_sheet:15, 黑色粗纹金属板方块
gregtech:studs:0, 白色橡胶混凝土
gregtech:studs:1, 橙色橡胶混凝土
gregtech:studs:2, 品红色橡胶混凝土
gregtech:studs:3, 淡蓝色橡胶混凝土
gregtech:studs:4, 黄色橡胶混凝土
gregtech:studs:5, 黄绿色橡胶混凝土
gregtech:studs:6, 粉红色橡胶混凝土
gregtech:studs:7, 灰色橡胶混凝土
gregtech:studs:8, 淡灰色橡胶混凝土
gregtech:studs:9, 青色橡胶混凝土
gregtech:studs:10, 紫色橡胶混凝土
gregtech:studs:11, 蓝色橡胶混凝土
gregtech:studs:12, 棕色橡胶混凝土
gregtech:studs:13, 绿色橡胶混凝土
gregtech:studs:14, 红色橡胶混凝土
gregtech:studs:15, 黑色橡胶混凝土
gregtech:white_lamp:0, 白色灯
gregtech:white_lamp:1, 白色灯
gregtech:white_lamp:2, 白色灯
gregtech:white_lamp:3, 白色灯
gregtech:white_lamp:4, 白色灯
gregtech:white_lamp:5, 白色灯
gregtech:white_lamp:6, 白色灯
gregtech:white_lamp:7, 白色灯
gregtech:orange_lamp:0, 橙色灯
gregtech:orange_lamp:1, 橙色灯
gregtech:orange_lamp:2, 橙色灯
gregtech:orange_lamp:3, 橙色灯
gregtech:orange_lamp:4, 橙色灯
gregtech:orange_lamp:5, 橙色灯
gregtech:orange_lamp:6, 橙色灯
gregtech:orange_lamp:7, 橙色灯
gregtech:magenta_lamp:0, 品红色灯
gregtech:magenta_lamp:1, 品红色灯
gregtech:magenta_lamp:2, 品红色灯
gregtech:magenta_lamp:3, 品红色灯
gregtech:magenta_lamp:4, 品红色灯
gregtech:magenta_lamp:5, 品红色灯
gregtech:magenta_lamp:6, 品红色灯
gregtech:magenta_lamp:7, 品红色灯
gregtech:light_blue_lamp:0, 淡蓝色灯
gregtech:light_blue_lamp:1, 淡蓝色灯
gregtech:light_blue_lamp:2, 淡蓝色灯
gregtech:light_blue_lamp:3, 淡蓝色灯
gregtech:light_blue_lamp:4, 淡蓝色灯
gregtech:light_blue_lamp:5, 淡蓝色灯
gregtech:light_blue_lamp:6, 淡蓝色灯
gregtech:light_blue_lamp:7, 淡蓝色灯
gregtech:yellow_lamp:0, 黄色灯
gregtech:yellow_lamp:1, 黄色灯
gregtech:yellow_lamp:2, 黄色灯
gregtech:yellow_lamp:3, 黄色灯
gregtech:yellow_lamp:4, 黄色灯
gregtech:yellow_lamp:5, 黄色灯
gregtech:yellow_lamp:6, 黄色灯
gregtech:yellow_lamp:7, 黄色灯
gregtech:lime_lamp:0, 黄绿色灯
gregtech:lime_lamp:1, 黄绿色灯
gregtech:lime_lamp:2, 黄绿色灯
gregtech:lime_lamp:3, 黄绿色灯
gregtech:lime_lamp:4, 黄绿色灯
gregtech:lime_lamp:5, 黄绿色灯
gregtech:lime_lamp:6, 黄绿色灯
gregtech:lime_lamp:7, 黄绿色灯
gregtech:pink_lamp:0, 粉红色灯
gregtech:pink_lamp:1, 粉红色灯
gregtech:pink_lamp:2, 粉红色灯
gregtech:pink_lamp:3, 粉红色灯
gregtech:pink_lamp:4, 粉红色灯
gregtech:pink_lamp:5, 粉红色灯
gregtech:pink_lamp:6, 粉红色灯
gregtech:pink_lamp:7, 粉红色灯
gregtech:gray_lamp:0, 灰色灯
gregtech:gray_lamp:1, 灰色灯
gregtech:gray_lamp:2, 灰色灯
gregtech:gray_lamp:3, 灰色灯
gregtech:gray_lamp:4, 灰色灯
gregtech:gray_lamp:5, 灰色灯
gregtech:gray_lamp:6, 灰色灯
gregtech:gray_lamp:7, 灰色灯
gregtech:silver_lamp:0, 淡灰色灯
gregtech:silver_lamp:1, 淡灰色灯
gregtech:silver_lamp:2, 淡灰色灯
gregtech:silver_lamp:3, 淡灰色灯
gregtech:silver_lamp:4, 淡灰色灯
gregtech:silver_lamp:5, 淡灰色灯
gregtech:silver_lamp:6, 淡灰色灯
gregtech:silver_lamp:7, 淡灰色灯
gregtech:cyan_lamp:0, 青色灯
gregtech:cyan_lamp:1, 青色灯
gregtech:cyan_lamp:2, 青色灯
gregtech:cyan_lamp:3, 青色灯
gregtech:cyan_lamp:4, 青色灯
gregtech:cyan_lamp:5, 青色灯
gregtech:cyan_lamp:6, 青色灯
gregtech:cyan_lamp:7, 青色灯
gregtech:purple_lamp:0, 紫色灯
gregtech:purple_lamp:1, 紫色灯
gregtech:purple_lamp:2, 紫色灯
gregtech:purple_lamp:3, 紫色灯
gregtech:purple_lamp:4, 紫色灯
gregtech:purple_lamp:5, 紫色灯
gregtech:purple_lamp:6, 紫色灯
gregtech:purple_lamp:7, 紫色灯
gregtech:blue_lamp:0, 蓝色灯
gregtech:blue_lamp:1, 蓝色灯
gregtech:blue_lamp:2, 蓝色灯
gregtech:blue_lamp:3, 蓝色灯
gregtech:blue_lamp:4, 蓝色灯
gregtech:blue_lamp:5, 蓝色灯
gregtech:blue_lamp:6, 蓝色灯
gregtech:blue_lamp:7, 蓝色灯
gregtech:brown_lamp:0, 棕色灯
gregtech:brown_lamp:1, 棕色灯
gregtech:brown_lamp:2, 棕色灯
gregtech:brown_lamp:3, 棕色灯
gregtech:brown_lamp:4, 棕色灯
gregtech:brown_lamp:5, 棕色灯
gregtech:brown_lamp:6, 棕色灯
gregtech:brown_lamp:7, 棕色灯
gregtech:green_lamp:0, 绿色灯
gregtech:green_lamp:1, 绿色灯
gregtech:green_lamp:2, 绿色灯
gregtech:green_lamp:3, 绿色灯
gregtech:green_lamp:4, 绿色灯
gregtech:green_lamp:5, 绿色灯
gregtech:green_lamp:6, 绿色灯
gregtech:green_lamp:7, 绿色灯
gregtech:red_lamp:0, 红色灯
gregtech:red_lamp:1, 红色灯
gregtech:red_lamp:2, 红色灯
gregtech:red_lamp:3, 红色灯
gregtech:red_lamp:4, 红色灯
gregtech:red_lamp:5, 红色灯
gregtech:red_lamp:6, 红色灯
gregtech:red_lamp:7, 红色灯
gregtech:black_lamp:0, 黑色灯
gregtech:black_lamp:1, 黑色灯
gregtech:black_lamp:2, 黑色灯
gregtech:black_lamp:3, 黑色灯
gregtech:black_lamp:4, 黑色灯
gregtech:black_lamp:5, 黑色灯
gregtech:black_lamp:6, 黑色灯
gregtech:black_lamp:7, 黑色灯
gregtech:borderless_white_lamp:0, 白色无框灯
gregtech:borderless_white_lamp:1, 白色无框灯
gregtech:borderless_white_lamp:2, 白色无框灯
gregtech:borderless_white_lamp:3, 白色无框灯
gregtech:borderless_white_lamp:4, 白色无框灯
gregtech:borderless_white_lamp:5, 白色无框灯
gregtech:borderless_white_lamp:6, 白色无框灯
gregtech:borderless_white_lamp:7, 白色无框灯
gregtech:borderless_orange_lamp:0, 橙色无框灯
gregtech:borderless_orange_lamp:1, 橙色无框灯
gregtech:borderless_orange_lamp:2, 橙色无框灯
gregtech:borderless_orange_lamp:3, 橙色无框灯
gregtech:borderless_orange_lamp:4, 橙色无框灯
gregtech:borderless_orange_lamp:5, 橙色无框灯
gregtech:borderless_orange_lamp:6, 橙色无框灯
gregtech:borderless_orange_lamp:7, 橙色无框灯
gregtech:borderless_magenta_lamp:0, 品红色无框灯
gregtech:borderless_magenta_lamp:1, 品红色无框灯
gregtech:borderless_magenta_lamp:2, 品红色无框灯
gregtech:borderless_magenta_lamp:3, 品红色无框灯
gregtech:borderless_magenta_lamp:4, 品红色无框灯
gregtech:borderless_magenta_lamp:5, 品红色无框灯
gregtech:borderless_magenta_lamp:6, 品红色无框灯
gregtech:borderless_magenta_lamp:7, 品红色无框灯
gregtech:borderless_light_blue_lamp:0, 淡蓝色无框灯
gregtech:borderless_light_blue_lamp:1, 淡蓝色无框灯
gregtech:borderless_light_blue_lamp:2, 淡蓝色无框灯
gregtech:borderless_light_blue_lamp:3, 淡蓝色无框灯
gregtech:borderless_light_blue_lamp:4, 淡蓝色无框灯
gregtech:borderless_light_blue_lamp:5, 淡蓝色无框灯
gregtech:borderless_light_blue_lamp:6, 淡蓝色无框灯
gregtech:borderless_light_blue_lamp:7, 淡蓝色无框灯
gregtech:borderless_yellow_lamp:0, 黄色无框灯
gregtech:borderless_yellow_lamp:1, 黄色无框灯
gregtech:borderless_yellow_lamp:2, 黄色无框灯
gregtech:borderless_yellow_lamp:3, 黄色无框灯
gregtech:borderless_yellow_lamp:4, 黄色无框灯
gregtech:borderless_yellow_lamp:5, 黄色无框灯
gregtech:borderless_yellow_lamp:6, 黄色无框灯
gregtech:borderless_yellow_lamp:7, 黄色无框灯
gregtech:borderless_lime_lamp:0, 黄绿色无框灯
gregtech:borderless_lime_lamp:1, 黄绿色无框灯
gregtech:borderless_lime_lamp:2, 黄绿色无框灯
gregtech:borderless_lime_lamp:3, 黄绿色无框灯
gregtech:borderless_lime_lamp:4, 黄绿色无框灯
gregtech:borderless_lime_lamp:5, 黄绿色无框灯
gregtech:borderless_lime_lamp:6, 黄绿色无框灯
gregtech:borderless_lime_lamp:7, 黄绿色无框灯
gregtech:borderless_pink_lamp:0, 粉红色无框灯
gregtech:borderless_pink_lamp:1, 粉红色无框灯
gregtech:borderless_pink_lamp:2, 粉红色无框灯
gregtech:borderless_pink_lamp:3, 粉红色无框灯
gregtech:borderless_pink_lamp:4, 粉红色无框灯
gregtech:borderless_pink_lamp:5, 粉红色无框灯
gregtech:borderless_pink_lamp:6, 粉红色无框灯
gregtech:borderless_pink_lamp:7, 粉红色无框灯
gregtech:borderless_gray_lamp:0, 灰色无框灯
gregtech:borderless_gray_lamp:1, 灰色无框灯
gregtech:borderless_gray_lamp:2, 灰色无框灯
gregtech:borderless_gray_lamp:3, 灰色无框灯
gregtech:borderless_gray_lamp:4, 灰色无框灯
gregtech:borderless_gray_lamp:5, 灰色无框灯
gregtech:borderless_gray_lamp:6, 灰色无框灯
gregtech:borderless_gray_lamp:7, 灰色无框灯
gregtech:borderless_silver_lamp:0, 淡灰色无框灯
gregtech:borderless_silver_lamp:1, 淡灰色无框灯
gregtech:borderless_silver_lamp:2, 淡灰色无框灯
gregtech:borderless_silver_lamp:3, 淡灰色无框灯
gregtech:borderless_silver_lamp:4, 淡灰色无框灯
gregtech:borderless_silver_lamp:5, 淡灰色无框灯
gregtech:borderless_silver_lamp:6, 淡灰色无框灯
gregtech:borderless_silver_lamp:7, 淡灰色无框灯
gregtech:borderless_cyan_lamp:0, 青色无框灯
gregtech:borderless_cyan_lamp:1, 青色无框灯
gregtech:borderless_cyan_lamp:2, 青色无框灯
gregtech:borderless_cyan_lamp:3, 青色无框灯
gregtech:borderless_cyan_lamp:4, 青色无框灯
gregtech:borderless_cyan_lamp:5, 青色无框灯
gregtech:borderless_cyan_lamp:6, 青色无框灯
gregtech:borderless_cyan_lamp:7, 青色无框灯
gregtech:borderless_purple_lamp:0, 紫色无框灯
gregtech:borderless_purple_lamp:1, 紫色无框灯
gregtech:borderless_purple_lamp:2, 紫色无框灯
gregtech:borderless_purple_lamp:3, 紫色无框灯
gregtech:borderless_purple_lamp:4, 紫色无框灯
gregtech:borderless_purple_lamp:5, 紫色无框灯
gregtech:borderless_purple_lamp:6, 紫色无框灯
gregtech:borderless_purple_lamp:7, 紫色无框灯
gregtech:borderless_blue_lamp:0, 蓝色无框灯
gregtech:borderless_blue_lamp:1, 蓝色无框灯
gregtech:borderless_blue_lamp:2, 蓝色无框灯
gregtech:borderless_blue_lamp:3, 蓝色无框灯
gregtech:borderless_blue_lamp:4, 蓝色无框灯
gregtech:borderless_blue_lamp:5, 蓝色无框灯
gregtech:borderless_blue_lamp:6, 蓝色无框灯
gregtech:borderless_blue_lamp:7, 蓝色无框灯
gregtech:borderless_brown_lamp:0, 棕色无框灯
gregtech:borderless_brown_lamp:1, 棕色无框灯
gregtech:borderless_brown_lamp:2, 棕色无框灯
gregtech:borderless_brown_lamp:3, 棕色无框灯
gregtech:borderless_brown_lamp:4, 棕色无框灯
gregtech:borderless_brown_lamp:5, 棕色无框灯
gregtech:borderless_brown_lamp:6, 棕色无框灯
gregtech:borderless_brown_lamp:7, 棕色无框灯
gregtech:borderless_green_lamp:0, 绿色无框灯
gregtech:borderless_green_lamp:1, 绿色无框灯
gregtech:borderless_green_lamp:2, 绿色无框灯
gregtech:borderless_green_lamp:3, 绿色无框灯
gregtech:borderless_green_lamp:4, 绿色无框灯
gregtech:borderless_green_lamp:5, 绿色无框灯
gregtech:borderless_green_lamp:6, 绿色无框灯
gregtech:borderless_green_lamp:7, 绿色无框灯
gregtech:borderless_red_lamp:0, 红色无框灯
gregtech:borderless_red_lamp:1, 红色无框灯
gregtech:borderless_red_lamp:2, 红色无框灯
gregtech:borderless_red_lamp:3, 红色无框灯
gregtech:borderless_red_lamp:4, 红色无框灯
gregtech:borderless_red_lamp:5, 红色无框灯
gregtech:borderless_red_lamp:6, 红色无框灯
gregtech:borderless_red_lamp:7, 红色无框灯
gregtech:borderless_black_lamp:0, 黑色无框灯
gregtech:borderless_black_lamp:1, 黑色无框灯
gregtech:borderless_black_lamp:2, 黑色无框灯
gregtech:borderless_black_lamp:3, 黑色无框灯
gregtech:borderless_black_lamp:4, 黑色无框灯
gregtech:borderless_black_lamp:5, 黑色无框灯
gregtech:borderless_black_lamp:6, 黑色无框灯
gregtech:borderless_black_lamp:7, 黑色无框灯
gregtech:asphalt:0, 沥青
gregtech:stone_smooth:0, 黑花岗岩
gregtech:stone_smooth:1, 红花岗岩
gregtech:stone_smooth:2, 大理岩
gregtech:stone_smooth:3, 玄武岩
gregtech:stone_smooth:4, 淡色混凝土
gregtech:stone_smooth:5, 深色混凝土
gregtech:stone_cobble:0, 黑花岗岩圆石
gregtech:stone_cobble:1, 红花岗岩圆石
gregtech:stone_cobble:2, 大理岩圆石
gregtech:stone_cobble:3, 玄武岩圆石
gregtech:stone_cobble:4, 淡色混凝土圆石
gregtech:stone_cobble:5, 深色混凝土圆石
gregtech:stone_cobble_mossy:0, 覆苔黑花岗岩圆石
gregtech:stone_cobble_mossy:1, 覆苔红花岗岩圆石
gregtech:stone_cobble_mossy:2, 覆苔大理岩圆石
gregtech:stone_cobble_mossy:3, 覆苔玄武岩圆石
gregtech:stone_cobble_mossy:4, 覆苔淡色混凝土圆石
gregtech:stone_cobble_mossy:5, 覆苔深色混凝土圆石
gregtech:stone_polished:0, 磨制黑花岗岩
gregtech:stone_polished:1, 磨制红花岗岩
gregtech:stone_polished:2, 磨制大理岩
gregtech:stone_polished:3, 磨制玄武岩
gregtech:stone_polished:4, 磨制淡色混凝土
gregtech:stone_polished:5, 磨制深色混凝土
gregtech:stone_bricks:0, 黑花岗岩砖
gregtech:stone_bricks:1, 红花岗岩砖
gregtech:stone_bricks:2, 大理岩砖
gregtech:stone_bricks:3, 玄武岩砖
gregtech:stone_bricks:4, 淡色混凝土砖
gregtech:stone_bricks:5, 深色混凝土砖
gregtech:stone_bricks_cracked:0, 裂纹黑花岗岩砖
gregtech:stone_bricks_cracked:1, 裂纹红花岗岩砖
gregtech:stone_bricks_cracked:2, 裂纹大理岩砖
gregtech:stone_bricks_cracked:3, 裂纹玄武岩砖
gregtech:stone_bricks_cracked:4, 裂纹淡色混凝土砖
gregtech:stone_bricks_cracked:5, 裂纹深色混凝土砖
gregtech:stone_bricks_mossy:0, 覆苔黑花岗岩砖
gregtech:stone_bricks_mossy:1, 覆苔红花岗岩砖
gregtech:stone_bricks_mossy:2, 覆苔大理岩砖
gregtech:stone_bricks_mossy:3, 覆苔玄武岩砖
gregtech:stone_bricks_mossy:4, 覆苔淡色混凝土砖
gregtech:stone_bricks_mossy:5, 覆苔深色混凝土砖
gregtech:stone_chiseled:0, 錾制黑花岗岩
gregtech:stone_chiseled:1, 錾制红花岗岩
gregtech:stone_chiseled:2, 錾制大理岩
gregtech:stone_chiseled:3, 錾制玄武岩
gregtech:stone_chiseled:4, 錾制淡色混凝土
gregtech:stone_chiseled:5, 錾制深色混凝土
gregtech:stone_tiled:0, 黑花岗岩瓦
gregtech:stone_tiled:1, 红花岗岩瓦
gregtech:stone_tiled:2, 大理岩瓦
gregtech:stone_tiled:3, 玄武岩瓦
gregtech:stone_tiled:4, 淡色混凝土瓦
gregtech:stone_tiled:5, 深色混凝土瓦
gregtech:stone_tiled_small:0, 黑花岗岩小片瓦
gregtech:stone_tiled_small:1, 红花岗岩小片瓦
gregtech:stone_tiled_small:2, 大理岩小片瓦
gregtech:stone_tiled_small:3, 玄武岩小片瓦
gregtech:stone_tiled_small:4, 淡色混凝土小片瓦
gregtech:stone_tiled_small:5, 深色混凝土小片瓦
gregtech:stone_bricks_small:0, 黑花岗岩小块砖
gregtech:stone_bricks_small:1, 红花岗岩小块砖
gregtech:stone_bricks_small:2, 大理岩小块砖
gregtech:stone_bricks_small:3, 玄武岩小块砖
gregtech:stone_bricks_small:4, 淡色混凝土小块砖
gregtech:stone_bricks_small:5, 深色混凝土小块砖
gregtech:stone_windmill_a:0, 黑花岗岩风车形瓦 A
gregtech:stone_windmill_a:1, 红花岗岩风车形瓦 A
gregtech:stone_windmill_a:2, 大理岩风车形瓦 A
gregtech:stone_windmill_a:3, 玄武岩风车形瓦 A
gregtech:stone_windmill_a:4, 淡色混凝土风车形瓦 A
gregtech:stone_windmill_a:5, 深色混凝土风车形瓦 A
gregtech:stone_windmill_b:0, 黑花岗岩风车形瓦 B
gregtech:stone_windmill_b:1, 红花岗岩风车形瓦 B
gregtech:stone_windmill_b:2, 大理岩风车形瓦 B
gregtech:stone_windmill_b:3, 玄武岩风车形瓦 B
gregtech:stone_windmill_b:4, 淡色混凝土风车形瓦 B
gregtech:stone_windmill_b:5, 深色混凝土风车形瓦 B
gregtech:stone_bricks_square:0, 黑花岗岩方形砖
gregtech:stone_bricks_square:1, 红花岗岩方形砖
gregtech:stone_bricks_square:2, 大理岩方形砖
gregtech:stone_bricks_square:3, 玄武岩方形砖
gregtech:stone_bricks_square:4, 淡色混凝土方形砖
gregtech:stone_bricks_square:5, 深色混凝土方形砖
gregtech:planks:0, 橡胶木板
gregtech:planks:1, 防腐木板
gregtech:wood_slab:0, 橡胶木台阶
gregtech:wood_slab:1, 防腐木台阶
gregtech:rubber_wood_stairs, 橡胶木楼梯
gregtech:treated_wood_stairs, 防腐木楼梯
gregtech:rubber_wood_fence, 橡胶木栅栏
gregtech:treated_wood_fence, 防腐木栅栏
gregtech:rubber_wood_fence_gate, 橡胶木栅栏门
gregtech:treated_wood_fence_gate, 防腐木栅栏门
gregtech:bedrock_fluid_spring, 基岩流体泉
gregtech:brittle_charcoal, 脆木炭块
gregtech:rubber_log, 橡胶木
gregtech:rubber_leaves, 橡胶树叶
gregtech:rubber_sapling, 橡胶树苗
gregtech:powderbarrel, 火药桶
gregtech:itnt, 工业TNT
gt6addition:meta_block_compressed_538:6, 砷铜块
gt6addition:meta_block_compressed_538:7, 砷青铜块
gt6addition:meta_block_compressed_546:8, 远古残骸块
gt6addition:meta_block_compressed_546:9, 下界合金块
gt6addition:meta_block_compressed_550:2, 钽铪碳化物块
gregtech:meta_block_compressed_0:1, 锕块
gregtech:meta_block_compressed_0:2, 铝块
gregtech:meta_block_compressed_0:3, 镅块
gregtech:meta_block_compressed_0:4, 锑块
gregtech:meta_block_compressed_0:6, 砷块
gregtech:meta_block_compressed_0:7, 砹块
gregtech:meta_block_compressed_0:8, 钡块
gregtech:meta_block_compressed_0:9, 锫块
gregtech:meta_block_compressed_0:10, 铍块
gregtech:meta_block_compressed_0:11, 铋块
gregtech:meta_block_compressed_0:12, 钅波块
gregtech:meta_block_compressed_0:14, 溴块
gregtech:meta_block_compressed_0:15, 铯块
gregtech:meta_block_compressed_1:0, 钙块
gregtech:meta_block_compressed_1:1, 锎块
gregtech:meta_block_compressed_1:2, 碳块
gregtech:meta_block_compressed_1:3, 镉块
gregtech:meta_block_compressed_1:4, 铈块
gregtech:meta_block_compressed_1:6, 铬块
gregtech:meta_block_compressed_1:7, 钴块
gregtech:meta_block_compressed_1:8, 钅哥块
gregtech:meta_block_compressed_1:9, 铜块
gregtech:meta_block_compressed_1:10, 锔块
gregtech:meta_block_compressed_1:11, 钅达块
gregtech:meta_block_compressed_1:13, 钅杜块
gregtech:meta_block_compressed_1:14, 镝块
gregtech:meta_block_compressed_1:15, 锿块
gregtech:meta_block_compressed_2:0, 铒块
gregtech:meta_block_compressed_2:1, 铕块
gregtech:meta_block_compressed_2:2, 镄块
gregtech:meta_block_compressed_2:3, 钅夫块
gregtech:meta_block_compressed_2:5, 钫块
gregtech:meta_block_compressed_2:6, 钆块
gregtech:meta_block_compressed_2:7, 镓块
gregtech:meta_block_compressed_2:8, 锗块
gregtech:meta_block_compressed_2:10, 铪块
gregtech:meta_block_compressed_2:11, 钅黑块
gregtech:meta_block_compressed_2:12, 钬块
gregtech:meta_block_compressed_3:0, 铟块
gregtech:meta_block_compressed_3:1, 碘块
gregtech:meta_block_compressed_3:2, 铱块
gregtech:meta_block_compressed_3:6, 铹块
gregtech:meta_block_compressed_3:7, 铅块
gregtech:meta_block_compressed_3:8, 锂块
gregtech:meta_block_compressed_3:9, 钅立块
gregtech:meta_block_compressed_3:10, 镥块
gregtech:meta_block_compressed_3:11, 镁块
gregtech:meta_block_compressed_3:12, 钔块
gregtech:meta_block_compressed_3:13, 锰块
gregtech:meta_block_compressed_3:14, 钅麦块
gregtech:meta_block_compressed_4:0, 钼块
gregtech:meta_block_compressed_4:1, 镆块
gregtech:meta_block_compressed_4:2, 钕块
gregtech:meta_block_compressed_4:4, 镎块
gregtech:meta_block_compressed_4:5, 镍块
gregtech:meta_block_compressed_4:6, 钅尔块
gregtech:meta_block_compressed_4:7, 铌块
gregtech:meta_block_compressed_4:9, 锘块
gregtech:meta_block_compressed_4:10, 气奥块
gregtech:meta_block_compressed_4:11, 锇块
gregtech:meta_block_compressed_4:13, 钯块
gregtech:meta_block_compressed_4:14, 磷块
gregtech:meta_block_compressed_4:15, 钋块
gregtech:meta_block_compressed_5:0, 铂块
gregtech:meta_block_compressed_5:1, 钚-239块
gregtech:meta_block_compressed_5:2, 钚-241块
gregtech:meta_block_compressed_5:3, 钾块
gregtech:meta_block_compressed_5:4, 镨块
gregtech:meta_block_compressed_5:5, 钷块
gregtech:meta_block_compressed_5:6, 镤块
gregtech:meta_block_compressed_5:8, 镭块
gregtech:meta_block_compressed_5:9, 铼块
gregtech:meta_block_compressed_5:10, 铑块
gregtech:meta_block_compressed_5:11, 钅仑块
gregtech:meta_block_compressed_5:12, 铷块
gregtech:meta_block_compressed_5:13, 钌块
gregtech:meta_block_compressed_5:14, 钅卢块
gregtech:meta_block_compressed_5:15, 钐块
gregtech:meta_block_compressed_6:0, 钪块
gregtech:meta_block_compressed_6:1, 钅喜块
gregtech:meta_block_compressed_6:2, 硒块
gregtech:meta_block_compressed_6:3, 硅块
gregtech:meta_block_compressed_6:4, 银块
gregtech:meta_block_compressed_6:6, 锶块
gregtech:meta_block_compressed_6:8, 钽块
gregtech:meta_block_compressed_6:9, 锝块
gregtech:meta_block_compressed_6:10, 碲块
gregtech:meta_block_compressed_6:11, 石田块
gregtech:meta_block_compressed_6:12, 铽块
gregtech:meta_block_compressed_6:13, 钍块
gregtech:meta_block_compressed_6:14, 铊块
gregtech:meta_block_compressed_6:15, 铥块
gregtech:meta_block_compressed_7:0, 锡块
gregtech:meta_block_compressed_7:1, 钛块
gregtech:meta_block_compressed_7:3, 钨块
gregtech:meta_block_compressed_7:6, 钒块
gregtech:meta_block_compressed_7:8, 镱块
gregtech:meta_block_compressed_7:9, 钇块
gregtech:meta_block_compressed_7:10, 锌块
gregtech:meta_block_compressed_7:11, 锆块
gregtech:meta_block_compressed_7:12, 硅岩块
gregtech:meta_block_compressed_7:13, 富集硅岩块
gregtech:meta_block_compressed_7:14, 超能硅岩块
gregtech:meta_block_compressed_7:15, 中子素块
gregtech:meta_block_compressed_8:0, 三钛合金块
gregtech:meta_block_compressed_8:1, 铿铀块
gregtech:meta_block_compressed_8:2, 凯金块
gregtech:meta_block_compressed_8:3, 铀-238块
gregtech:meta_block_compressed_8:4, 钚块
gregtech:meta_block_compressed_8:5, 镭-225块
gregtech:meta_block_compressed_8:6, 镭-226块
gregtech:meta_block_compressed_8:7, 镤-231块
gregtech:meta_block_compressed_8:8, 镤-233块
gregtech:meta_block_compressed_8:9, 铀-232块
gregtech:meta_block_compressed_8:10, 铀-233块
gregtech:meta_block_compressed_8:11, 铀-234块
gregtech:meta_block_compressed_8:12, 铀-236块
gregtech:meta_block_compressed_8:13, 铀-237块
gregtech:meta_block_compressed_8:14, 铀-239块
gregtech:meta_block_compressed_8:15, 镎-235块
gregtech:meta_block_compressed_9:0, 镎-236块
gregtech:meta_block_compressed_9:1, 镎-237块
gregtech:meta_block_compressed_9:2, 镎-238块
gregtech:meta_block_compressed_9:3, 镎-239块
gregtech:meta_block_compressed_9:4, 钚-236块
gregtech:meta_block_compressed_9:5, 钚-237块
gregtech:meta_block_compressed_9:6, 钚-238块
gregtech:meta_block_compressed_9:7, 钚-240块
gregtech:meta_block_compressed_9:8, 钚-242块
gregtech:meta_block_compressed_9:9, 钚-243块
gregtech:meta_block_compressed_9:10, 钚-244块
gregtech:meta_block_compressed_9:11, 钍-228块
gregtech:meta_block_compressed_9:12, 钍-229块
gregtech:meta_block_compressed_9:13, 钍-230块
gregtech:meta_block_compressed_9:14, 钍-232块
gregtech:meta_block_compressed_9:15, 钍-233块
gregtech:meta_block_compressed_10:0, 镅-240块
gregtech:meta_block_compressed_10:1, 镅-241块
gregtech:meta_block_compressed_10:2, 镅-242块
gregtech:meta_block_compressed_10:3, 镅-243块
gregtech:meta_block_compressed_10:4, 锔-242块
gregtech:meta_block_compressed_10:5, 锔-243块
gregtech:meta_block_compressed_10:6, 锔-244块
gregtech:meta_block_compressed_10:7, 锔-245块
gregtech:meta_block_compressed_10:8, 锔-246块
gregtech:meta_block_compressed_10:9, 锔-247块
gregtech:meta_block_compressed_10:10, 锔-248块
gregtech:meta_block_compressed_10:11, 锔-250块
gregtech:meta_block_compressed_10:12, 锫-249块
gregtech:meta_block_compressed_10:13, 锎-249块
gregtech:meta_block_compressed_10:14, 锎-252块
gregtech:meta_block_compressed_13:6, 赛特斯石英块
gregtech:meta_block_compressed_15:10, 铁铝榴石块
gregtech:meta_block_compressed_15:11, 钙铁榴石块
gregtech:meta_block_compressed_15:12, 退火铜块
gregtech:meta_block_compressed_16:0, 电池合金块
gregtech:meta_block_compressed_16:1, 蓝黄玉块
gregtech:meta_block_compressed_16:3, 黄铜块
gregtech:meta_block_compressed_16:4, 青铜块
gregtech:meta_block_compressed_16:10, 木炭块
gregtech:meta_block_compressed_16:14, 锆石块
gregtech:meta_block_compressed_17:2, 白铜块
gregtech:meta_block_compressed_17:5, 琥珀金块
gregtech:meta_block_compressed_17:9, 绿色蓝宝石块
gregtech:meta_block_compressed_17:10, 钙铝榴石块
gregtech:meta_block_compressed_17:13, 金红石块
gregtech:meta_block_compressed_17:15, 殷钢块
gregtech:meta_block_compressed_18:0, 坎塔尔合金块
gregtech:meta_block_compressed_18:1, 蓝金石块
gregtech:meta_block_compressed_18:2, 镁铝合金块
gregtech:meta_block_compressed_18:6, 镍铬合金块
gregtech:meta_block_compressed_18:7, 氮化铌块
gregtech:meta_block_compressed_18:8, 铌钛合金块
gregtech:meta_block_compressed_18:12, 标准纯银块
gregtech:meta_block_compressed_18:13, 玫瑰金块
gregtech:meta_block_compressed_18:14, 黑青铜块
gregtech:meta_block_compressed_18:15, 铋青铜块
gregtech:meta_block_compressed_19:4, 镁铝榴石块
gregtech:meta_block_compressed_19:5, 岩盐块
gregtech:meta_block_compressed_19:6, 钌铱合金块
gregtech:meta_block_compressed_19:7, 红宝石块
gregtech:meta_block_compressed_19:8, 盐块
gregtech:meta_block_compressed_19:10, 蓝宝石块
gregtech:meta_block_compressed_19:12, 方钠石块
gregtech:meta_block_compressed_19:15, 焦煤块
gregtech:meta_block_compressed_20:0, 焊锡块
gregtech:meta_block_compressed_20:1, 锰铝榴石块
gregtech:meta_block_compressed_20:3, 不锈钢块
gregtech:meta_block_compressed_20:4, 钢块
gregtech:meta_block_compressed_20:8, 锡铁合金块
gregtech:meta_block_compressed_20:9, 黄玉块
gregtech:meta_block_compressed_20:11, 哈氏合金块
gregtech:meta_block_compressed_20:13, 钙铬榴石块
gregtech:meta_block_compressed_20:14, 钒镓合金块
gregtech:meta_block_compressed_20:15, 锻铁块
gregtech:meta_block_compressed_21:2, 钇钡铜氧化物块
gregtech:meta_block_compressed_21:4, 石英岩块
gregtech:meta_block_compressed_21:5, 石墨块
gregtech:meta_block_compressed_21:8, 铱锇合金块
gregtech:meta_block_compressed_21:15, 砷化镓块
gregtech:meta_block_compressed_22:2, 磷化铟镓块
gregtech:meta_block_compressed_22:3, 镍锌铁氧体块
gregtech:meta_block_compressed_22:13, 雄黄块
gregtech:meta_block_compressed_24:1, 孔雀石块
gregtech:meta_block_compressed_24:7, 锆-4合金块
gregtech:meta_block_compressed_24:11, 磁化铁块
gregtech:meta_block_compressed_24:12, 碳化钨块
gregtech:meta_block_compressed_26:0, 末影珍珠块
gregtech:meta_block_compressed_26:2, 磁化钕块
gregtech:meta_block_compressed_26:7, 磁化钐块
gregtech:meta_block_compressed_26:8, 磷化锰块
gregtech:meta_block_compressed_26:9, 二硼化镁块
gregtech:meta_block_compressed_26:10, 汞钡钙铜氧化物块
gregtech:meta_block_compressed_26:11, 三铂化铀块
gregtech:meta_block_compressed_26:12, 钐铁砷氧化物块
gregtech:meta_block_compressed_26:13, 铟锡钡钛铜氧化物块
gregtech:meta_block_compressed_26:14, 铀铑硅岩合金块
gregtech:meta_block_compressed_26:15, 富集硅岩凯金铕铿铀合金块
gregtech:meta_block_compressed_27:0, 钌凯金镅中子素氧化物块
gregtech:meta_block_compressed_28:2, 因科镍-718块
gregtech:meta_block_compressed_28:3, 钌钨钼合金块
gregtech:meta_block_compressed_28:5, 高级焊接合金块
gregtech:meta_block_compressed_28:12, 硼化硼块
gregtech:meta_block_compressed_62:8, 硅橡胶块
gregtech:meta_block_compressed_62:12, 丁苯橡胶块
gregtech:meta_block_compressed_62:14, 纤维强化环氧树脂块
gregtech:meta_block_compressed_62:15, 聚氯乙烯（PVC）块
gregtech:meta_block_compressed_63:0, 聚苯硫醚块
gregtech:meta_block_compressed_63:2, 聚苯并咪唑（PBI）块
gregtech:meta_block_compressed_63:4, 聚乙烯（PE）块
gregtech:meta_block_compressed_63:5, 环氧树脂块
gregtech:meta_block_compressed_63:7, 聚己内酰胺块
gregtech:meta_block_compressed_63:8, 聚四氟乙烯（PTFE）块
gregtech:meta_block_compressed_63:9, 糖块
gregtech:meta_block_compressed_66:12, 橡胶块
gregtech:meta_block_compressed_67:2, 聚乙烯醇缩丁醛块
gregtech:meta_block_compressed_100:2, 下界之星块
gregtech:meta_block_compressed_125:4, 橄榄石块
gregtech:meta_block_compressed_125:5, 猫眼石块
gregtech:meta_block_compressed_125:6, 紫水晶块
gregtech:meta_block_compressed_125:10, 磷灰石块
gregtech:meta_block_compressed_125:11, 黑钢块
gregtech:meta_block_compressed_125:12, 大马士革钢块
gregtech:meta_block_compressed_125:13, 钨钢块
gregtech:meta_block_compressed_125:14, 钴黄铜块
gregtech:meta_block_compressed_126:0, 红石榴石块
gregtech:meta_block_compressed_126:1, 黄石榴石块
gregtech:meta_block_compressed_126:13, 独居石块
gregtech:meta_block_compressed_127:3, 磁化钢块
gregtech:meta_block_compressed_127:4, 钒钢块
gregtech:meta_block_compressed_127:5, 粗青铜合金块
gregtech:meta_block_compressed_127:6, 硼硅玻璃块
gregtech:meta_block_compressed_127:10, 硅岩合金块
gregtech:meta_block_compressed_128:1, 燧石块
gregtech:meta_block_compressed_128:14, 镀铑钯块
gregtech:meta_block_compressed_129:7, 铬钴锰钛合金块
gregtech:meta_block_compressed_129:8, 防水钢块
gregtech:meta_block_compressed_129:9, 马氏体时效钢250块
gregtech:meta_block_compressed_129:10, 马氏体时效钢300块
gregtech:meta_block_compressed_129:11, 马氏体时效钢350块
gregtech:meta_block_compressed_129:12, 哈斯特洛依合金-C276块
gregtech:meta_block_compressed_129:13, 哈斯特洛依合金-X块
gregtech:meta_block_compressed_129:14, 哈斯特洛依合金-N块
gregtech:meta_block_compressed_129:15, 哈斯特洛依合金-W块
gregtech:meta_block_compressed_130:0, 碳化三元金属硅岩合金块
gregtech:meta_block_compressed_130:1, 塞龙-100块
gregtech:meta_block_compressed_130:2, 碳化钛块
gregtech:meta_block_compressed_130:3, 碳化钽块
gregtech:meta_block_compressed_130:4, 二硅化钼块
gregtech:meta_block_compressed_130:5, HSLA钢块
gregtech:meta_block_compressed_130:6, 碳化钛钨块
gregtech:meta_block_compressed_130:7, 耐热铬铁合金-MA956块
gregtech:meta_block_compressed_156:12, 末影之眼块
gregtech:meta_block_compressed_156:14, 红钢块
gregtech:meta_block_compressed_156:15, 蓝钢块
gregtech:meta_block_compressed_157:4, 高速钢-G块
gregtech:meta_block_compressed_157:5, 红色合金块
gregtech:meta_block_compressed_157:7, 高速钢-E块
gregtech:meta_block_compressed_157:8, 高速钢-S块
gregtech:meta_block_compressed_157:15, 蓝色合金块
gregtech:meta_block_compressed_625:2, 磁流体动力约束星体物质块
gregtech:meta_block_compressed_625:3, 引力子碎片块
gregtech:meta_block_compressed_625:5, 磁物质块
gt6addition:meta_block_frame_538:6, 砷铜框架
gt6addition:meta_block_frame_538:7, 砷青铜框架
gt6addition:meta_block_frame_546:8, 远古残骸框架
gt6addition:meta_block_frame_546:9, 下界合金框架
gt6addition:meta_block_frame_550:2, 钽铪碳化物框架
gregtech:meta_block_frame_0:1, 锕框架
gregtech:meta_block_frame_0:2, 铝框架
gregtech:meta_block_frame_0:3, 镅框架
gregtech:meta_block_frame_0:4, 锑框架
gregtech:meta_block_frame_0:6, 砷框架
gregtech:meta_block_frame_0:7, 砹框架
gregtech:meta_block_frame_0:8, 钡框架
gregtech:meta_block_frame_0:9, 锫框架
gregtech:meta_block_frame_0:10, 铍框架
gregtech:meta_block_frame_0:11, 铋框架
gregtech:meta_block_frame_0:12, 钅波框架
gregtech:meta_block_frame_0:14, 溴框架
gregtech:meta_block_frame_0:15, 铯框架
gregtech:meta_block_frame_1:0, 钙框架
gregtech:meta_block_frame_1:1, 锎框架
gregtech:meta_block_frame_1:2, 碳框架
gregtech:meta_block_frame_1:3, 镉框架
gregtech:meta_block_frame_1:4, 铈框架
gregtech:meta_block_frame_1:6, 铬框架
gregtech:meta_block_frame_1:7, 钴框架
gregtech:meta_block_frame_1:8, 钅哥框架
gregtech:meta_block_frame_1:9, 铜框架
gregtech:meta_block_frame_1:10, 锔框架
gregtech:meta_block_frame_1:11, 钅达框架
gregtech:meta_block_frame_1:13, 钅杜框架
gregtech:meta_block_frame_1:14, 镝框架
gregtech:meta_block_frame_1:15, 锿框架
gregtech:meta_block_frame_2:0, 铒框架
gregtech:meta_block_frame_2:1, 铕框架
gregtech:meta_block_frame_2:2, 镄框架
gregtech:meta_block_frame_2:3, 钅夫框架
gregtech:meta_block_frame_2:5, 钫框架
gregtech:meta_block_frame_2:6, 钆框架
gregtech:meta_block_frame_2:7, 镓框架
gregtech:meta_block_frame_2:8, 锗框架
gregtech:meta_block_frame_2:9, 金框架
gregtech:meta_block_frame_2:10, 铪框架
gregtech:meta_block_frame_2:11, 钅黑框架
gregtech:meta_block_frame_2:12, 钬框架
gregtech:meta_block_frame_3:0, 铟框架
gregtech:meta_block_frame_3:1, 碘框架
gregtech:meta_block_frame_3:2, 铱框架
gregtech:meta_block_frame_3:3, 铁框架
gregtech:meta_block_frame_3:6, 铹框架
gregtech:meta_block_frame_3:7, 铅框架
gregtech:meta_block_frame_3:8, 锂框架
gregtech:meta_block_frame_3:9, 钅立框架
gregtech:meta_block_frame_3:10, 镥框架
gregtech:meta_block_frame_3:11, 镁框架
gregtech:meta_block_frame_3:12, 钔框架
gregtech:meta_block_frame_3:13, 锰框架
gregtech:meta_block_frame_3:14, 钅麦框架
gregtech:meta_block_frame_4:0, 钼框架
gregtech:meta_block_frame_4:1, 镆框架
gregtech:meta_block_frame_4:2, 钕框架
gregtech:meta_block_frame_4:4, 镎框架
gregtech:meta_block_frame_4:5, 镍框架
gregtech:meta_block_frame_4:6, 钅尔框架
gregtech:meta_block_frame_4:7, 铌框架
gregtech:meta_block_frame_4:9, 锘框架
gregtech:meta_block_frame_4:10, 气奥框架
gregtech:meta_block_frame_4:11, 锇框架
gregtech:meta_block_frame_4:13, 钯框架
gregtech:meta_block_frame_4:14, 磷框架
gregtech:meta_block_frame_4:15, 钋框架
gregtech:meta_block_frame_5:0, 铂框架
gregtech:meta_block_frame_5:1, 钚-239框架
gregtech:meta_block_frame_5:2, 钚-241框架
gregtech:meta_block_frame_5:3, 钾框架
gregtech:meta_block_frame_5:4, 镨框架
gregtech:meta_block_frame_5:5, 钷框架
gregtech:meta_block_frame_5:6, 镤框架
gregtech:meta_block_frame_5:8, 镭框架
gregtech:meta_block_frame_5:9, 铼框架
gregtech:meta_block_frame_5:10, 铑框架
gregtech:meta_block_frame_5:11, 钅仑框架
gregtech:meta_block_frame_5:12, 铷框架
gregtech:meta_block_frame_5:13, 钌框架
gregtech:meta_block_frame_5:14, 钅卢框架
gregtech:meta_block_frame_5:15, 钐框架
gregtech:meta_block_frame_6:0, 钪框架
gregtech:meta_block_frame_6:1, 钅喜框架
gregtech:meta_block_frame_6:2, 硒框架
gregtech:meta_block_frame_6:3, 硅框架
gregtech:meta_block_frame_6:4, 银框架
gregtech:meta_block_frame_6:6, 锶框架
gregtech:meta_block_frame_6:8, 钽框架
gregtech:meta_block_frame_6:9, 锝框架
gregtech:meta_block_frame_6:10, 碲框架
gregtech:meta_block_frame_6:11, 石田框架
gregtech:meta_block_frame_6:12, 铽框架
gregtech:meta_block_frame_6:13, 钍框架
gregtech:meta_block_frame_6:14, 铊框架
gregtech:meta_block_frame_6:15, 铥框架
gregtech:meta_block_frame_7:0, 锡框架
gregtech:meta_block_frame_7:1, 钛框架
gregtech:meta_block_frame_7:3, 钨框架
gregtech:meta_block_frame_7:6, 钒框架
gregtech:meta_block_frame_7:8, 镱框架
gregtech:meta_block_frame_7:9, 钇框架
gregtech:meta_block_frame_7:10, 锌框架
gregtech:meta_block_frame_7:11, 锆框架
gregtech:meta_block_frame_7:12, 硅岩框架
gregtech:meta_block_frame_7:13, 富集硅岩框架
gregtech:meta_block_frame_7:14, 超能硅岩框架
gregtech:meta_block_frame_7:15, 中子素框架
gregtech:meta_block_frame_8:0, 三钛合金框架
gregtech:meta_block_frame_8:1, 铿铀框架
gregtech:meta_block_frame_8:2, 凯金框架
gregtech:meta_block_frame_8:3, 铀-238框架
gregtech:meta_block_frame_8:4, 钚框架
gregtech:meta_block_frame_8:5, 镭-225框架
gregtech:meta_block_frame_8:6, 镭-226框架
gregtech:meta_block_frame_8:7, 镤-231框架
gregtech:meta_block_frame_8:8, 镤-233框架
gregtech:meta_block_frame_8:9, 铀-232框架
gregtech:meta_block_frame_8:10, 铀-233框架
gregtech:meta_block_frame_8:11, 铀-234框架
gregtech:meta_block_frame_8:12, 铀-236框架
gregtech:meta_block_frame_8:13, 铀-237框架
gregtech:meta_block_frame_8:14, 铀-239框架
gregtech:meta_block_frame_8:15, 镎-235框架
gregtech:meta_block_frame_9:0, 镎-236框架
gregtech:meta_block_frame_9:1, 镎-237框架
gregtech:meta_block_frame_9:2, 镎-238框架
gregtech:meta_block_frame_9:3, 镎-239框架
gregtech:meta_block_frame_9:4, 钚-236框架
gregtech:meta_block_frame_9:5, 钚-237框架
gregtech:meta_block_frame_9:6, 钚-238框架
gregtech:meta_block_frame_9:7, 钚-240框架
gregtech:meta_block_frame_9:8, 钚-242框架
gregtech:meta_block_frame_9:9, 钚-243框架
gregtech:meta_block_frame_9:10, 钚-244框架
gregtech:meta_block_frame_9:11, 钍-228框架
gregtech:meta_block_frame_9:12, 钍-229框架
gregtech:meta_block_frame_9:13, 钍-230框架
gregtech:meta_block_frame_9:14, 钍-232框架
gregtech:meta_block_frame_9:15, 钍-233框架
gregtech:meta_block_frame_10:0, 镅-240框架
gregtech:meta_block_frame_10:1, 镅-241框架
gregtech:meta_block_frame_10:2, 镅-242框架
gregtech:meta_block_frame_10:3, 镅-243框架
gregtech:meta_block_frame_10:4, 锔-242框架
gregtech:meta_block_frame_10:5, 锔-243框架
gregtech:meta_block_frame_10:6, 锔-244框架
gregtech:meta_block_frame_10:7, 锔-245框架
gregtech:meta_block_frame_10:8, 锔-246框架
gregtech:meta_block_frame_10:9, 锔-247框架
gregtech:meta_block_frame_10:10, 锔-248框架
gregtech:meta_block_frame_10:11, 锔-250框架
gregtech:meta_block_frame_10:12, 锫-249框架
gregtech:meta_block_frame_10:13, 锎-249框架
gregtech:meta_block_frame_10:14, 锎-252框架
gregtech:meta_block_frame_15:12, 退火铜框架
gregtech:meta_block_frame_16:0, 电池合金框架
gregtech:meta_block_frame_16:3, 黄铜框架
gregtech:meta_block_frame_16:4, 青铜框架
gregtech:meta_block_frame_17:2, 白铜框架
gregtech:meta_block_frame_17:5, 琥珀金框架
gregtech:meta_block_frame_17:15, 殷钢框架
gregtech:meta_block_frame_18:0, 坎塔尔合金框架
gregtech:meta_block_frame_18:2, 镁铝合金框架
gregtech:meta_block_frame_18:6, 镍铬合金框架
gregtech:meta_block_frame_18:7, 氮化铌框架
gregtech:meta_block_frame_18:8, 铌钛合金框架
gregtech:meta_block_frame_18:12, 标准纯银框架
gregtech:meta_block_frame_18:13, 玫瑰金框架
gregtech:meta_block_frame_18:14, 黑青铜框架
gregtech:meta_block_frame_18:15, 铋青铜框架
gregtech:meta_block_frame_19:6, 钌铱合金框架
gregtech:meta_block_frame_20:0, 焊锡框架
gregtech:meta_block_frame_20:3, 不锈钢框架
gregtech:meta_block_frame_20:4, 钢框架
gregtech:meta_block_frame_20:8, 锡铁合金框架
gregtech:meta_block_frame_20:11, 哈氏合金框架
gregtech:meta_block_frame_20:14, 钒镓合金框架
gregtech:meta_block_frame_20:15, 锻铁框架
gregtech:meta_block_frame_21:2, 钇钡铜氧化物框架
gregtech:meta_block_frame_21:5, 石墨框架
gregtech:meta_block_frame_21:8, 铱锇合金框架
gregtech:meta_block_frame_21:15, 砷化镓框架
gregtech:meta_block_frame_22:2, 磷化铟镓框架
gregtech:meta_block_frame_22:3, 镍锌铁氧体框架
gregtech:meta_block_frame_24:7, 锆-4合金框架
gregtech:meta_block_frame_24:11, 磁化铁框架
gregtech:meta_block_frame_24:12, 碳化钨框架
gregtech:meta_block_frame_26:2, 磁化钕框架
gregtech:meta_block_frame_26:7, 磁化钐框架
gregtech:meta_block_frame_26:8, 磷化锰框架
gregtech:meta_block_frame_26:9, 二硼化镁框架
gregtech:meta_block_frame_26:10, 汞钡钙铜氧化物框架
gregtech:meta_block_frame_26:11, 三铂化铀框架
gregtech:meta_block_frame_26:12, 钐铁砷氧化物框架
gregtech:meta_block_frame_26:13, 铟锡钡钛铜氧化物框架
gregtech:meta_block_frame_26:14, 铀铑硅岩合金框架
gregtech:meta_block_frame_26:15, 富集硅岩凯金铕铿铀合金框架
gregtech:meta_block_frame_27:0, 钌凯金镅中子素氧化物框架
gregtech:meta_block_frame_28:2, 因科镍-718框架
gregtech:meta_block_frame_28:3, 钌钨钼合金框架
gregtech:meta_block_frame_28:5, 高级焊接合金框架
gregtech:meta_block_frame_28:12, 硼化硼框架
gregtech:meta_block_frame_63:8, 聚四氟乙烯（PTFE）框架
gregtech:meta_block_frame_67:2, 聚乙烯醇缩丁醛框架
gregtech:meta_block_frame_101:1, 木框架
gregtech:meta_block_frame_103:0, 防腐木框架
gregtech:meta_block_frame_125:11, 黑钢框架
gregtech:meta_block_frame_125:12, 大马士革钢框架
gregtech:meta_block_frame_125:13, 钨钢框架
gregtech:meta_block_frame_125:14, 钴黄铜框架
gregtech:meta_block_frame_127:3, 磁化钢框架
gregtech:meta_block_frame_127:4, 钒钢框架
gregtech:meta_block_frame_127:5, 粗青铜合金框架
gregtech:meta_block_frame_127:6, 硼硅玻璃框架
gregtech:meta_block_frame_127:10, 硅岩合金框架
gregtech:meta_block_frame_128:14, 镀铑钯框架
gregtech:meta_block_frame_128:15, 粘土框架
gregtech:meta_block_frame_129:7, 铬钴锰钛合金框架
gregtech:meta_block_frame_129:8, 防水钢框架
gregtech:meta_block_frame_129:9, 马氏体时效钢250框架
gregtech:meta_block_frame_129:10, 马氏体时效钢300框架
gregtech:meta_block_frame_129:11, 马氏体时效钢350框架
gregtech:meta_block_frame_129:12, 哈斯特洛依合金-C276框架
gregtech:meta_block_frame_129:13, 哈斯特洛依合金-X框架
gregtech:meta_block_frame_129:14, 哈斯特洛依合金-N框架
gregtech:meta_block_frame_129:15, 哈斯特洛依合金-W框架
gregtech:meta_block_frame_130:0, 碳化三元金属硅岩合金框架
gregtech:meta_block_frame_130:1, 塞龙-100框架
gregtech:meta_block_frame_130:2, 碳化钛框架
gregtech:meta_block_frame_130:3, 碳化钽框架
gregtech:meta_block_frame_130:4, 二硅化钼框架
gregtech:meta_block_frame_130:5, HSLA钢框架
gregtech:meta_block_frame_130:6, 碳化钛钨框架
gregtech:meta_block_frame_130:7, 耐热铬铁合金-MA956框架
gregtech:meta_block_frame_156:14, 红钢框架
gregtech:meta_block_frame_156:15, 蓝钢框架
gregtech:meta_block_frame_157:4, 高速钢-G框架
gregtech:meta_block_frame_157:5, 红色合金框架
gregtech:meta_block_frame_157:7, 高速钢-E框架
gregtech:meta_block_frame_157:8, 高速钢-S框架
gregtech:meta_block_frame_157:15, 蓝色合金框架
gregtech:meta_block_frame_625:2, 磁流体动力约束星体物质框架
gregtech:meta_block_frame_625:5, 磁物质框架
gregtech:meta_block_sheet_3:2, 铱薄板框架
gregtech:meta_block_sheet_7:1, 钛薄板框架
gregtech:meta_block_sheet_7:12, 硅岩薄板框架
gregtech:meta_block_sheet_16:4, 青铜薄板框架
gregtech:meta_block_sheet_18:8, 铌钛合金薄板框架
gregtech:meta_block_sheet_20:3, 不锈钢薄板框架
gregtech:meta_block_sheet_20:4, 钢薄板框架
gregtech:meta_block_sheet_125:13, 钨钢薄板框架
gregtech:ore_actinium_0:0, 锕矿石
gregtech:ore_actinium_0:1, 地狱岩锕矿石
gregtech:ore_actinium_0:2, 末地石锕矿石
gregtech:ore_actinium_0:3, 沙子锕矿石
gregtech:ore_actinium_0:4, 红沙锕矿石
gregtech:ore_actinium_0:5, 花岗岩锕矿石
gregtech:ore_actinium_0:6, 闪长岩锕矿石
gregtech:ore_actinium_0:7, 安山岩锕矿石
gregtech:ore_aluminium_0:0, 铝矿石
gregtech:ore_aluminium_0:1, 地狱岩铝矿石
gregtech:ore_aluminium_0:2, 末地石铝矿石
gregtech:ore_aluminium_0:3, 沙子铝矿石
gregtech:ore_aluminium_0:4, 红沙铝矿石
gregtech:ore_aluminium_0:5, 花岗岩铝矿石
gregtech:ore_aluminium_0:6, 闪长岩铝矿石
gregtech:ore_aluminium_0:7, 安山岩铝矿石
gregtech:ore_americium_0:0, 镅矿石
gregtech:ore_americium_0:1, 地狱岩镅矿石
gregtech:ore_americium_0:2, 末地石镅矿石
gregtech:ore_americium_0:3, 沙子镅矿石
gregtech:ore_americium_0:4, 红沙镅矿石
gregtech:ore_americium_0:5, 花岗岩镅矿石
gregtech:ore_americium_0:6, 闪长岩镅矿石
gregtech:ore_americium_0:7, 安山岩镅矿石
gregtech:ore_antimony_0:0, 锑矿石
gregtech:ore_antimony_0:1, 地狱岩锑矿石
gregtech:ore_antimony_0:2, 末地石锑矿石
gregtech:ore_antimony_0:3, 沙子锑矿石
gregtech:ore_antimony_0:4, 红沙锑矿石
gregtech:ore_antimony_0:5, 花岗岩锑矿石
gregtech:ore_antimony_0:6, 闪长岩锑矿石
gregtech:ore_antimony_0:7, 安山岩锑矿石
gregtech:ore_arsenic_0:0, 砷矿石
gregtech:ore_arsenic_0:1, 地狱岩砷矿石
gregtech:ore_arsenic_0:2, 末地石砷矿石
gregtech:ore_arsenic_0:3, 沙子砷矿石
gregtech:ore_arsenic_0:4, 红沙砷矿石
gregtech:ore_arsenic_0:5, 花岗岩砷矿石
gregtech:ore_arsenic_0:6, 闪长岩砷矿石
gregtech:ore_arsenic_0:7, 安山岩砷矿石
gregtech:ore_astatine_0:0, 砹矿石
gregtech:ore_astatine_0:1, 地狱岩砹矿石
gregtech:ore_astatine_0:2, 末地石砹矿石
gregtech:ore_astatine_0:3, 沙子砹矿石
gregtech:ore_astatine_0:4, 红沙砹矿石
gregtech:ore_astatine_0:5, 花岗岩砹矿石
gregtech:ore_astatine_0:6, 闪长岩砹矿石
gregtech:ore_astatine_0:7, 安山岩砹矿石
gregtech:ore_barium_0:0, 钡矿石
gregtech:ore_barium_0:1, 地狱岩钡矿石
gregtech:ore_barium_0:2, 末地石钡矿石
gregtech:ore_barium_0:3, 沙子钡矿石
gregtech:ore_barium_0:4, 红沙钡矿石
gregtech:ore_barium_0:5, 花岗岩钡矿石
gregtech:ore_barium_0:6, 闪长岩钡矿石
gregtech:ore_barium_0:7, 安山岩钡矿石
gregtech:ore_berkelium_0:0, 锫矿石
gregtech:ore_berkelium_0:1, 地狱岩锫矿石
gregtech:ore_berkelium_0:2, 末地石锫矿石
gregtech:ore_berkelium_0:3, 沙子锫矿石
gregtech:ore_berkelium_0:4, 红沙锫矿石
gregtech:ore_berkelium_0:5, 花岗岩锫矿石
gregtech:ore_berkelium_0:6, 闪长岩锫矿石
gregtech:ore_berkelium_0:7, 安山岩锫矿石
gregtech:ore_beryllium_0:0, 铍矿石
gregtech:ore_beryllium_0:1, 地狱岩铍矿石
gregtech:ore_beryllium_0:2, 末地石铍矿石
gregtech:ore_beryllium_0:3, 沙子铍矿石
gregtech:ore_beryllium_0:4, 红沙铍矿石
gregtech:ore_beryllium_0:5, 花岗岩铍矿石
gregtech:ore_beryllium_0:6, 闪长岩铍矿石
gregtech:ore_beryllium_0:7, 安山岩铍矿石
gregtech:ore_bismuth_0:0, 铋矿石
gregtech:ore_bismuth_0:1, 地狱岩铋矿石
gregtech:ore_bismuth_0:2, 末地石铋矿石
gregtech:ore_bismuth_0:3, 沙子铋矿石
gregtech:ore_bismuth_0:4, 红沙铋矿石
gregtech:ore_bismuth_0:5, 花岗岩铋矿石
gregtech:ore_bismuth_0:6, 闪长岩铋矿石
gregtech:ore_bismuth_0:7, 安山岩铋矿石
gregtech:ore_bohrium_0:0, 钅波矿石
gregtech:ore_bohrium_0:1, 地狱岩钅波矿石
gregtech:ore_bohrium_0:2, 末地石钅波矿石
gregtech:ore_bohrium_0:3, 沙子钅波矿石
gregtech:ore_bohrium_0:4, 红沙钅波矿石
gregtech:ore_bohrium_0:5, 花岗岩钅波矿石
gregtech:ore_bohrium_0:6, 闪长岩钅波矿石
gregtech:ore_bohrium_0:7, 安山岩钅波矿石
gregtech:ore_boron_0:0, 硼矿石
gregtech:ore_boron_0:1, 地狱岩硼矿石
gregtech:ore_boron_0:2, 末地石硼矿石
gregtech:ore_boron_0:3, 沙子硼矿石
gregtech:ore_boron_0:4, 红沙硼矿石
gregtech:ore_boron_0:5, 花岗岩硼矿石
gregtech:ore_boron_0:6, 闪长岩硼矿石
gregtech:ore_boron_0:7, 安山岩硼矿石
gregtech:ore_bromine_0:0, 溴矿石
gregtech:ore_bromine_0:1, 地狱岩溴矿石
gregtech:ore_bromine_0:2, 末地石溴矿石
gregtech:ore_bromine_0:3, 沙子溴矿石
gregtech:ore_bromine_0:4, 红沙溴矿石
gregtech:ore_bromine_0:5, 花岗岩溴矿石
gregtech:ore_bromine_0:6, 闪长岩溴矿石
gregtech:ore_bromine_0:7, 安山岩溴矿石
gregtech:ore_caesium_0:0, 铯矿石
gregtech:ore_caesium_0:1, 地狱岩铯矿石
gregtech:ore_caesium_0:2, 末地石铯矿石
gregtech:ore_caesium_0:3, 沙子铯矿石
gregtech:ore_caesium_0:4, 红沙铯矿石
gregtech:ore_caesium_0:5, 花岗岩铯矿石
gregtech:ore_caesium_0:6, 闪长岩铯矿石
gregtech:ore_caesium_0:7, 安山岩铯矿石
gregtech:ore_calcium_0:0, 钙矿石
gregtech:ore_calcium_0:1, 地狱岩钙矿石
gregtech:ore_calcium_0:2, 末地石钙矿石
gregtech:ore_calcium_0:3, 沙子钙矿石
gregtech:ore_calcium_0:4, 红沙钙矿石
gregtech:ore_calcium_0:5, 花岗岩钙矿石
gregtech:ore_calcium_0:6, 闪长岩钙矿石
gregtech:ore_calcium_0:7, 安山岩钙矿石
gregtech:ore_californium_0:0, 锎矿石
gregtech:ore_californium_0:1, 地狱岩锎矿石
gregtech:ore_californium_0:2, 末地石锎矿石
gregtech:ore_californium_0:3, 沙子锎矿石
gregtech:ore_californium_0:4, 红沙锎矿石
gregtech:ore_californium_0:5, 花岗岩锎矿石
gregtech:ore_californium_0:6, 闪长岩锎矿石
gregtech:ore_californium_0:7, 安山岩锎矿石
gregtech:ore_carbon_0:0, 碳矿石
gregtech:ore_carbon_0:1, 地狱岩碳矿石
gregtech:ore_carbon_0:2, 末地石碳矿石
gregtech:ore_carbon_0:3, 沙子碳矿石
gregtech:ore_carbon_0:4, 红沙碳矿石
gregtech:ore_carbon_0:5, 花岗岩碳矿石
gregtech:ore_carbon_0:6, 闪长岩碳矿石
gregtech:ore_carbon_0:7, 安山岩碳矿石
gregtech:ore_cadmium_0:0, 镉矿石
gregtech:ore_cadmium_0:1, 地狱岩镉矿石
gregtech:ore_cadmium_0:2, 末地石镉矿石
gregtech:ore_cadmium_0:3, 沙子镉矿石
gregtech:ore_cadmium_0:4, 红沙镉矿石
gregtech:ore_cadmium_0:5, 花岗岩镉矿石
gregtech:ore_cadmium_0:6, 闪长岩镉矿石
gregtech:ore_cadmium_0:7, 安山岩镉矿石
gregtech:ore_cerium_0:0, 铈矿石
gregtech:ore_cerium_0:1, 地狱岩铈矿石
gregtech:ore_cerium_0:2, 末地石铈矿石
gregtech:ore_cerium_0:3, 沙子铈矿石
gregtech:ore_cerium_0:4, 红沙铈矿石
gregtech:ore_cerium_0:5, 花岗岩铈矿石
gregtech:ore_cerium_0:6, 闪长岩铈矿石
gregtech:ore_cerium_0:7, 安山岩铈矿石
gregtech:ore_chrome_0:0, 铬矿石
gregtech:ore_chrome_0:1, 地狱岩铬矿石
gregtech:ore_chrome_0:2, 末地石铬矿石
gregtech:ore_chrome_0:3, 沙子铬矿石
gregtech:ore_chrome_0:4, 红沙铬矿石
gregtech:ore_chrome_0:5, 花岗岩铬矿石
gregtech:ore_chrome_0:6, 闪长岩铬矿石
gregtech:ore_chrome_0:7, 安山岩铬矿石
gregtech:ore_cobalt_0:0, 钴矿石
gregtech:ore_cobalt_0:1, 地狱岩钴矿石
gregtech:ore_cobalt_0:2, 末地石钴矿石
gregtech:ore_cobalt_0:3, 沙子钴矿石
gregtech:ore_cobalt_0:4, 红沙钴矿石
gregtech:ore_cobalt_0:5, 花岗岩钴矿石
gregtech:ore_cobalt_0:6, 闪长岩钴矿石
gregtech:ore_cobalt_0:7, 安山岩钴矿石
gregtech:ore_copernicium_0:0, 钅哥矿石
gregtech:ore_copernicium_0:1, 地狱岩钅哥矿石
gregtech:ore_copernicium_0:2, 末地石钅哥矿石
gregtech:ore_copernicium_0:3, 沙子钅哥矿石
gregtech:ore_copernicium_0:4, 红沙钅哥矿石
gregtech:ore_copernicium_0:5, 花岗岩钅哥矿石
gregtech:ore_copernicium_0:6, 闪长岩钅哥矿石
gregtech:ore_copernicium_0:7, 安山岩钅哥矿石
gregtech:ore_copper_0:0, 铜矿石
gregtech:ore_copper_0:1, 地狱岩铜矿石
gregtech:ore_copper_0:2, 末地石铜矿石
gregtech:ore_copper_0:3, 沙子铜矿石
gregtech:ore_copper_0:4, 红沙铜矿石
gregtech:ore_copper_0:5, 花岗岩铜矿石
gregtech:ore_copper_0:6, 闪长岩铜矿石
gregtech:ore_copper_0:7, 安山岩铜矿石
gregtech:ore_curium_0:0, 锔矿石
gregtech:ore_curium_0:1, 地狱岩锔矿石
gregtech:ore_curium_0:2, 末地石锔矿石
gregtech:ore_curium_0:3, 沙子锔矿石
gregtech:ore_curium_0:4, 红沙锔矿石
gregtech:ore_curium_0:5, 花岗岩锔矿石
gregtech:ore_curium_0:6, 闪长岩锔矿石
gregtech:ore_curium_0:7, 安山岩锔矿石
gregtech:ore_darmstadtium_0:0, 钅达矿石
gregtech:ore_darmstadtium_0:1, 地狱岩钅达矿石
gregtech:ore_darmstadtium_0:2, 末地石钅达矿石
gregtech:ore_darmstadtium_0:3, 沙子钅达矿石
gregtech:ore_darmstadtium_0:4, 红沙钅达矿石
gregtech:ore_darmstadtium_0:5, 花岗岩钅达矿石
gregtech:ore_darmstadtium_0:6, 闪长岩钅达矿石
gregtech:ore_darmstadtium_0:7, 安山岩钅达矿石
gregtech:ore_dubnium_0:0, 钅杜矿石
gregtech:ore_dubnium_0:1, 地狱岩钅杜矿石
gregtech:ore_dubnium_0:2, 末地石钅杜矿石
gregtech:ore_dubnium_0:3, 沙子钅杜矿石
gregtech:ore_dubnium_0:4, 红沙钅杜矿石
gregtech:ore_dubnium_0:5, 花岗岩钅杜矿石
gregtech:ore_dubnium_0:6, 闪长岩钅杜矿石
gregtech:ore_dubnium_0:7, 安山岩钅杜矿石
gregtech:ore_dysprosium_0:0, 镝矿石
gregtech:ore_dysprosium_0:1, 地狱岩镝矿石
gregtech:ore_dysprosium_0:2, 末地石镝矿石
gregtech:ore_dysprosium_0:3, 沙子镝矿石
gregtech:ore_dysprosium_0:4, 红沙镝矿石
gregtech:ore_dysprosium_0:5, 花岗岩镝矿石
gregtech:ore_dysprosium_0:6, 闪长岩镝矿石
gregtech:ore_dysprosium_0:7, 安山岩镝矿石
gregtech:ore_einsteinium_0:0, 锿矿石
gregtech:ore_einsteinium_0:1, 地狱岩锿矿石
gregtech:ore_einsteinium_0:2, 末地石锿矿石
gregtech:ore_einsteinium_0:3, 沙子锿矿石
gregtech:ore_einsteinium_0:4, 红沙锿矿石
gregtech:ore_einsteinium_0:5, 花岗岩锿矿石
gregtech:ore_einsteinium_0:6, 闪长岩锿矿石
gregtech:ore_einsteinium_0:7, 安山岩锿矿石
gregtech:ore_erbium_0:0, 铒矿石
gregtech:ore_erbium_0:1, 地狱岩铒矿石
gregtech:ore_erbium_0:2, 末地石铒矿石
gregtech:ore_erbium_0:3, 沙子铒矿石
gregtech:ore_erbium_0:4, 红沙铒矿石
gregtech:ore_erbium_0:5, 花岗岩铒矿石
gregtech:ore_erbium_0:6, 闪长岩铒矿石
gregtech:ore_erbium_0:7, 安山岩铒矿石
gregtech:ore_europium_0:0, 铕矿石
gregtech:ore_europium_0:1, 地狱岩铕矿石
gregtech:ore_europium_0:2, 末地石铕矿石
gregtech:ore_europium_0:3, 沙子铕矿石
gregtech:ore_europium_0:4, 红沙铕矿石
gregtech:ore_europium_0:5, 花岗岩铕矿石
gregtech:ore_europium_0:6, 闪长岩铕矿石
gregtech:ore_europium_0:7, 安山岩铕矿石
gregtech:ore_fermium_0:0, 镄矿石
gregtech:ore_fermium_0:1, 地狱岩镄矿石
gregtech:ore_fermium_0:2, 末地石镄矿石
gregtech:ore_fermium_0:3, 沙子镄矿石
gregtech:ore_fermium_0:4, 红沙镄矿石
gregtech:ore_fermium_0:5, 花岗岩镄矿石
gregtech:ore_fermium_0:6, 闪长岩镄矿石
gregtech:ore_fermium_0:7, 安山岩镄矿石
gregtech:ore_flerovium_0:0, 钅夫矿石
gregtech:ore_flerovium_0:1, 地狱岩钅夫矿石
gregtech:ore_flerovium_0:2, 末地石钅夫矿石
gregtech:ore_flerovium_0:3, 沙子钅夫矿石
gregtech:ore_flerovium_0:4, 红沙钅夫矿石
gregtech:ore_flerovium_0:5, 花岗岩钅夫矿石
gregtech:ore_flerovium_0:6, 闪长岩钅夫矿石
gregtech:ore_flerovium_0:7, 安山岩钅夫矿石
gregtech:ore_francium_0:0, 钫矿石
gregtech:ore_francium_0:1, 地狱岩钫矿石
gregtech:ore_francium_0:2, 末地石钫矿石
gregtech:ore_francium_0:3, 沙子钫矿石
gregtech:ore_francium_0:4, 红沙钫矿石
gregtech:ore_francium_0:5, 花岗岩钫矿石
gregtech:ore_francium_0:6, 闪长岩钫矿石
gregtech:ore_francium_0:7, 安山岩钫矿石
gregtech:ore_gadolinium_0:0, 钆矿石
gregtech:ore_gadolinium_0:1, 地狱岩钆矿石
gregtech:ore_gadolinium_0:2, 末地石钆矿石
gregtech:ore_gadolinium_0:3, 沙子钆矿石
gregtech:ore_gadolinium_0:4, 红沙钆矿石
gregtech:ore_gadolinium_0:5, 花岗岩钆矿石
gregtech:ore_gadolinium_0:6, 闪长岩钆矿石
gregtech:ore_gadolinium_0:7, 安山岩钆矿石
gregtech:ore_gallium_0:0, 镓矿石
gregtech:ore_gallium_0:1, 地狱岩镓矿石
gregtech:ore_gallium_0:2, 末地石镓矿石
gregtech:ore_gallium_0:3, 沙子镓矿石
gregtech:ore_gallium_0:4, 红沙镓矿石
gregtech:ore_gallium_0:5, 花岗岩镓矿石
gregtech:ore_gallium_0:6, 闪长岩镓矿石
gregtech:ore_gallium_0:7, 安山岩镓矿石
gregtech:ore_germanium_0:0, 锗矿石
gregtech:ore_germanium_0:1, 地狱岩锗矿石
gregtech:ore_germanium_0:2, 末地石锗矿石
gregtech:ore_germanium_0:3, 沙子锗矿石
gregtech:ore_germanium_0:4, 红沙锗矿石
gregtech:ore_germanium_0:5, 花岗岩锗矿石
gregtech:ore_germanium_0:6, 闪长岩锗矿石
gregtech:ore_germanium_0:7, 安山岩锗矿石
gregtech:ore_gold_0:0, 金矿石
gregtech:ore_gold_0:1, 地狱岩金矿石
gregtech:ore_gold_0:2, 末地石金矿石
gregtech:ore_gold_0:3, 沙子金矿石
gregtech:ore_gold_0:4, 红沙金矿石
gregtech:ore_gold_0:5, 花岗岩金矿石
gregtech:ore_gold_0:6, 闪长岩金矿石
gregtech:ore_gold_0:7, 安山岩金矿石
gregtech:ore_hafnium_0:0, 铪矿石
gregtech:ore_hafnium_0:1, 地狱岩铪矿石
gregtech:ore_hafnium_0:2, 末地石铪矿石
gregtech:ore_hafnium_0:3, 沙子铪矿石
gregtech:ore_hafnium_0:4, 红沙铪矿石
gregtech:ore_hafnium_0:5, 花岗岩铪矿石
gregtech:ore_hafnium_0:6, 闪长岩铪矿石
gregtech:ore_hafnium_0:7, 安山岩铪矿石
gregtech:ore_hassium_0:0, 钅黑矿石
gregtech:ore_hassium_0:1, 地狱岩钅黑矿石
gregtech:ore_hassium_0:2, 末地石钅黑矿石
gregtech:ore_hassium_0:3, 沙子钅黑矿石
gregtech:ore_hassium_0:4, 红沙钅黑矿石
gregtech:ore_hassium_0:5, 花岗岩钅黑矿石
gregtech:ore_hassium_0:6, 闪长岩钅黑矿石
gregtech:ore_hassium_0:7, 安山岩钅黑矿石
gregtech:ore_holmium_0:0, 钬矿石
gregtech:ore_holmium_0:1, 地狱岩钬矿石
gregtech:ore_holmium_0:2, 末地石钬矿石
gregtech:ore_holmium_0:3, 沙子钬矿石
gregtech:ore_holmium_0:4, 红沙钬矿石
gregtech:ore_holmium_0:5, 花岗岩钬矿石
gregtech:ore_holmium_0:6, 闪长岩钬矿石
gregtech:ore_holmium_0:7, 安山岩钬矿石
gregtech:ore_indium_0:0, 铟矿石
gregtech:ore_indium_0:1, 地狱岩铟矿石
gregtech:ore_indium_0:2, 末地石铟矿石
gregtech:ore_indium_0:3, 沙子铟矿石
gregtech:ore_indium_0:4, 红沙铟矿石
gregtech:ore_indium_0:5, 花岗岩铟矿石
gregtech:ore_indium_0:6, 闪长岩铟矿石
gregtech:ore_indium_0:7, 安山岩铟矿石
gregtech:ore_iodine_0:0, 碘矿石
gregtech:ore_iodine_0:1, 地狱岩碘矿石
gregtech:ore_iodine_0:2, 末地石碘矿石
gregtech:ore_iodine_0:3, 沙子碘矿石
gregtech:ore_iodine_0:4, 红沙碘矿石
gregtech:ore_iodine_0:5, 花岗岩碘矿石
gregtech:ore_iodine_0:6, 闪长岩碘矿石
gregtech:ore_iodine_0:7, 安山岩碘矿石
gregtech:ore_iridium_0:0, 铱矿石
gregtech:ore_iridium_0:1, 地狱岩铱矿石
gregtech:ore_iridium_0:2, 末地石铱矿石
gregtech:ore_iridium_0:3, 沙子铱矿石
gregtech:ore_iridium_0:4, 红沙铱矿石
gregtech:ore_iridium_0:5, 花岗岩铱矿石
gregtech:ore_iridium_0:6, 闪长岩铱矿石
gregtech:ore_iridium_0:7, 安山岩铱矿石
gregtech:ore_iron_0:0, 铁矿石
gregtech:ore_iron_0:1, 地狱岩铁矿石
gregtech:ore_iron_0:2, 末地石铁矿石
gregtech:ore_iron_0:3, 沙子铁矿石
gregtech:ore_iron_0:4, 红沙铁矿石
gregtech:ore_iron_0:5, 花岗岩铁矿石
gregtech:ore_iron_0:6, 闪长岩铁矿石
gregtech:ore_iron_0:7, 安山岩铁矿石
gregtech:ore_lanthanum_0:0, 镧矿石
gregtech:ore_lanthanum_0:1, 地狱岩镧矿石
gregtech:ore_lanthanum_0:2, 末地石镧矿石
gregtech:ore_lanthanum_0:3, 沙子镧矿石
gregtech:ore_lanthanum_0:4, 红沙镧矿石
gregtech:ore_lanthanum_0:5, 花岗岩镧矿石
gregtech:ore_lanthanum_0:6, 闪长岩镧矿石
gregtech:ore_lanthanum_0:7, 安山岩镧矿石
gregtech:ore_lawrencium_0:0, 铹矿石
gregtech:ore_lawrencium_0:1, 地狱岩铹矿石
gregtech:ore_lawrencium_0:2, 末地石铹矿石
gregtech:ore_lawrencium_0:3, 沙子铹矿石
gregtech:ore_lawrencium_0:4, 红沙铹矿石
gregtech:ore_lawrencium_0:5, 花岗岩铹矿石
gregtech:ore_lawrencium_0:6, 闪长岩铹矿石
gregtech:ore_lawrencium_0:7, 安山岩铹矿石
gregtech:ore_lead_0:0, 铅矿石
gregtech:ore_lead_0:1, 地狱岩铅矿石
gregtech:ore_lead_0:2, 末地石铅矿石
gregtech:ore_lead_0:3, 沙子铅矿石
gregtech:ore_lead_0:4, 红沙铅矿石
gregtech:ore_lead_0:5, 花岗岩铅矿石
gregtech:ore_lead_0:6, 闪长岩铅矿石
gregtech:ore_lead_0:7, 安山岩铅矿石
gregtech:ore_lithium_0:0, 锂矿石
gregtech:ore_lithium_0:1, 地狱岩锂矿石
gregtech:ore_lithium_0:2, 末地石锂矿石
gregtech:ore_lithium_0:3, 沙子锂矿石
gregtech:ore_lithium_0:4, 红沙锂矿石
gregtech:ore_lithium_0:5, 花岗岩锂矿石
gregtech:ore_lithium_0:6, 闪长岩锂矿石
gregtech:ore_lithium_0:7, 安山岩锂矿石
gregtech:ore_livermorium_0:0, 钅立矿石
gregtech:ore_livermorium_0:1, 地狱岩钅立矿石
gregtech:ore_livermorium_0:2, 末地石钅立矿石
gregtech:ore_livermorium_0:3, 沙子钅立矿石
gregtech:ore_livermorium_0:4, 红沙钅立矿石
gregtech:ore_livermorium_0:5, 花岗岩钅立矿石
gregtech:ore_livermorium_0:6, 闪长岩钅立矿石
gregtech:ore_livermorium_0:7, 安山岩钅立矿石
gregtech:ore_lutetium_0:0, 镥矿石
gregtech:ore_lutetium_0:1, 地狱岩镥矿石
gregtech:ore_lutetium_0:2, 末地石镥矿石
gregtech:ore_lutetium_0:3, 沙子镥矿石
gregtech:ore_lutetium_0:4, 红沙镥矿石
gregtech:ore_lutetium_0:5, 花岗岩镥矿石
gregtech:ore_lutetium_0:6, 闪长岩镥矿石
gregtech:ore_lutetium_0:7, 安山岩镥矿石
gregtech:ore_magnesium_0:0, 镁矿石
gregtech:ore_magnesium_0:1, 地狱岩镁矿石
gregtech:ore_magnesium_0:2, 末地石镁矿石
gregtech:ore_magnesium_0:3, 沙子镁矿石
gregtech:ore_magnesium_0:4, 红沙镁矿石
gregtech:ore_magnesium_0:5, 花岗岩镁矿石
gregtech:ore_magnesium_0:6, 闪长岩镁矿石
gregtech:ore_magnesium_0:7, 安山岩镁矿石
gregtech:ore_mendelevium_0:0, 钔矿石
gregtech:ore_mendelevium_0:1, 地狱岩钔矿石
gregtech:ore_mendelevium_0:2, 末地石钔矿石
gregtech:ore_mendelevium_0:3, 沙子钔矿石
gregtech:ore_mendelevium_0:4, 红沙钔矿石
gregtech:ore_mendelevium_0:5, 花岗岩钔矿石
gregtech:ore_mendelevium_0:6, 闪长岩钔矿石
gregtech:ore_mendelevium_0:7, 安山岩钔矿石
gregtech:ore_manganese_0:0, 锰矿石
gregtech:ore_manganese_0:1, 地狱岩锰矿石
gregtech:ore_manganese_0:2, 末地石锰矿石
gregtech:ore_manganese_0:3, 沙子锰矿石
gregtech:ore_manganese_0:4, 红沙锰矿石
gregtech:ore_manganese_0:5, 花岗岩锰矿石
gregtech:ore_manganese_0:6, 闪长岩锰矿石
gregtech:ore_manganese_0:7, 安山岩锰矿石
gregtech:ore_meitnerium_0:0, 钅麦矿石
gregtech:ore_meitnerium_0:1, 地狱岩钅麦矿石
gregtech:ore_meitnerium_0:2, 末地石钅麦矿石
gregtech:ore_meitnerium_0:3, 沙子钅麦矿石
gregtech:ore_meitnerium_0:4, 红沙钅麦矿石
gregtech:ore_meitnerium_0:5, 花岗岩钅麦矿石
gregtech:ore_meitnerium_0:6, 闪长岩钅麦矿石
gregtech:ore_meitnerium_0:7, 安山岩钅麦矿石
gregtech:ore_molybdenum_0:0, 钼矿石
gregtech:ore_molybdenum_0:1, 地狱岩钼矿石
gregtech:ore_molybdenum_0:2, 末地石钼矿石
gregtech:ore_molybdenum_0:3, 沙子钼矿石
gregtech:ore_molybdenum_0:4, 红沙钼矿石
gregtech:ore_molybdenum_0:5, 花岗岩钼矿石
gregtech:ore_molybdenum_0:6, 闪长岩钼矿石
gregtech:ore_molybdenum_0:7, 安山岩钼矿石
gregtech:ore_moscovium_0:0, 镆矿石
gregtech:ore_moscovium_0:1, 地狱岩镆矿石
gregtech:ore_moscovium_0:2, 末地石镆矿石
gregtech:ore_moscovium_0:3, 沙子镆矿石
gregtech:ore_moscovium_0:4, 红沙镆矿石
gregtech:ore_moscovium_0:5, 花岗岩镆矿石
gregtech:ore_moscovium_0:6, 闪长岩镆矿石
gregtech:ore_moscovium_0:7, 安山岩镆矿石
gregtech:ore_neodymium_0:0, 钕矿石
gregtech:ore_neodymium_0:1, 地狱岩钕矿石
gregtech:ore_neodymium_0:2, 末地石钕矿石
gregtech:ore_neodymium_0:3, 沙子钕矿石
gregtech:ore_neodymium_0:4, 红沙钕矿石
gregtech:ore_neodymium_0:5, 花岗岩钕矿石
gregtech:ore_neodymium_0:6, 闪长岩钕矿石
gregtech:ore_neodymium_0:7, 安山岩钕矿石
gregtech:ore_neptunium_0:0, 镎矿石
gregtech:ore_neptunium_0:1, 地狱岩镎矿石
gregtech:ore_neptunium_0:2, 末地石镎矿石
gregtech:ore_neptunium_0:3, 沙子镎矿石
gregtech:ore_neptunium_0:4, 红沙镎矿石
gregtech:ore_neptunium_0:5, 花岗岩镎矿石
gregtech:ore_neptunium_0:6, 闪长岩镎矿石
gregtech:ore_neptunium_0:7, 安山岩镎矿石
gregtech:ore_nickel_0:0, 镍矿石
gregtech:ore_nickel_0:1, 地狱岩镍矿石
gregtech:ore_nickel_0:2, 末地石镍矿石
gregtech:ore_nickel_0:3, 沙子镍矿石
gregtech:ore_nickel_0:4, 红沙镍矿石
gregtech:ore_nickel_0:5, 花岗岩镍矿石
gregtech:ore_nickel_0:6, 闪长岩镍矿石
gregtech:ore_nickel_0:7, 安山岩镍矿石
gregtech:ore_nihonium_0:0, 钅尔矿石
gregtech:ore_nihonium_0:1, 地狱岩钅尔矿石
gregtech:ore_nihonium_0:2, 末地石钅尔矿石
gregtech:ore_nihonium_0:3, 沙子钅尔矿石
gregtech:ore_nihonium_0:4, 红沙钅尔矿石
gregtech:ore_nihonium_0:5, 花岗岩钅尔矿石
gregtech:ore_nihonium_0:6, 闪长岩钅尔矿石
gregtech:ore_nihonium_0:7, 安山岩钅尔矿石
gregtech:ore_niobium_0:0, 铌矿石
gregtech:ore_niobium_0:1, 地狱岩铌矿石
gregtech:ore_niobium_0:2, 末地石铌矿石
gregtech:ore_niobium_0:3, 沙子铌矿石
gregtech:ore_niobium_0:4, 红沙铌矿石
gregtech:ore_niobium_0:5, 花岗岩铌矿石
gregtech:ore_niobium_0:6, 闪长岩铌矿石
gregtech:ore_niobium_0:7, 安山岩铌矿石
gregtech:ore_nobelium_0:0, 锘矿石
gregtech:ore_nobelium_0:1, 地狱岩锘矿石
gregtech:ore_nobelium_0:2, 末地石锘矿石
gregtech:ore_nobelium_0:3, 沙子锘矿石
gregtech:ore_nobelium_0:4, 红沙锘矿石
gregtech:ore_nobelium_0:5, 花岗岩锘矿石
gregtech:ore_nobelium_0:6, 闪长岩锘矿石
gregtech:ore_nobelium_0:7, 安山岩锘矿石
gregtech:ore_oganesson_0:0, 气奥矿石
gregtech:ore_oganesson_0:1, 地狱岩气奥矿石
gregtech:ore_oganesson_0:2, 末地石气奥矿石
gregtech:ore_oganesson_0:3, 沙子气奥矿石
gregtech:ore_oganesson_0:4, 红沙气奥矿石
gregtech:ore_oganesson_0:5, 花岗岩气奥矿石
gregtech:ore_oganesson_0:6, 闪长岩气奥矿石
gregtech:ore_oganesson_0:7, 安山岩气奥矿石
gregtech:ore_osmium_0:0, 锇矿石
gregtech:ore_osmium_0:1, 地狱岩锇矿石
gregtech:ore_osmium_0:2, 末地石锇矿石
gregtech:ore_osmium_0:3, 沙子锇矿石
gregtech:ore_osmium_0:4, 红沙锇矿石
gregtech:ore_osmium_0:5, 花岗岩锇矿石
gregtech:ore_osmium_0:6, 闪长岩锇矿石
gregtech:ore_osmium_0:7, 安山岩锇矿石
gregtech:ore_palladium_0:0, 钯矿石
gregtech:ore_palladium_0:1, 地狱岩钯矿石
gregtech:ore_palladium_0:2, 末地石钯矿石
gregtech:ore_palladium_0:3, 沙子钯矿石
gregtech:ore_palladium_0:4, 红沙钯矿石
gregtech:ore_palladium_0:5, 花岗岩钯矿石
gregtech:ore_palladium_0:6, 闪长岩钯矿石
gregtech:ore_palladium_0:7, 安山岩钯矿石
gregtech:ore_phosphorus_0:0, 磷矿石
gregtech:ore_phosphorus_0:1, 地狱岩磷矿石
gregtech:ore_phosphorus_0:2, 末地石磷矿石
gregtech:ore_phosphorus_0:3, 沙子磷矿石
gregtech:ore_phosphorus_0:4, 红沙磷矿石
gregtech:ore_phosphorus_0:5, 花岗岩磷矿石
gregtech:ore_phosphorus_0:6, 闪长岩磷矿石
gregtech:ore_phosphorus_0:7, 安山岩磷矿石
gregtech:ore_polonium_0:0, 钋矿石
gregtech:ore_polonium_0:1, 地狱岩钋矿石
gregtech:ore_polonium_0:2, 末地石钋矿石
gregtech:ore_polonium_0:3, 沙子钋矿石
gregtech:ore_polonium_0:4, 红沙钋矿石
gregtech:ore_polonium_0:5, 花岗岩钋矿石
gregtech:ore_polonium_0:6, 闪长岩钋矿石
gregtech:ore_polonium_0:7, 安山岩钋矿石
gregtech:ore_platinum_0:0, 铂矿石
gregtech:ore_platinum_0:1, 地狱岩铂矿石
gregtech:ore_platinum_0:2, 末地石铂矿石
gregtech:ore_platinum_0:3, 沙子铂矿石
gregtech:ore_platinum_0:4, 红沙铂矿石
gregtech:ore_platinum_0:5, 花岗岩铂矿石
gregtech:ore_platinum_0:6, 闪长岩铂矿石
gregtech:ore_platinum_0:7, 安山岩铂矿石
gregtech:ore_plutonium_239_0:0, 钚-239矿石
gregtech:ore_plutonium_239_0:1, 地狱岩钚-239矿石
gregtech:ore_plutonium_239_0:2, 末地石钚-239矿石
gregtech:ore_plutonium_239_0:3, 沙子钚-239矿石
gregtech:ore_plutonium_239_0:4, 红沙钚-239矿石
gregtech:ore_plutonium_239_0:5, 花岗岩钚-239矿石
gregtech:ore_plutonium_239_0:6, 闪长岩钚-239矿石
gregtech:ore_plutonium_239_0:7, 安山岩钚-239矿石
gregtech:ore_plutonium_241_0:0, 钚-241矿石
gregtech:ore_plutonium_241_0:1, 地狱岩钚-241矿石
gregtech:ore_plutonium_241_0:2, 末地石钚-241矿石
gregtech:ore_plutonium_241_0:3, 沙子钚-241矿石
gregtech:ore_plutonium_241_0:4, 红沙钚-241矿石
gregtech:ore_plutonium_241_0:5, 花岗岩钚-241矿石
gregtech:ore_plutonium_241_0:6, 闪长岩钚-241矿石
gregtech:ore_plutonium_241_0:7, 安山岩钚-241矿石
gregtech:ore_potassium_0:0, 钾矿石
gregtech:ore_potassium_0:1, 地狱岩钾矿石
gregtech:ore_potassium_0:2, 末地石钾矿石
gregtech:ore_potassium_0:3, 沙子钾矿石
gregtech:ore_potassium_0:4, 红沙钾矿石
gregtech:ore_potassium_0:5, 花岗岩钾矿石
gregtech:ore_potassium_0:6, 闪长岩钾矿石
gregtech:ore_potassium_0:7, 安山岩钾矿石
gregtech:ore_praseodymium_0:0, 镨矿石
gregtech:ore_praseodymium_0:1, 地狱岩镨矿石
gregtech:ore_praseodymium_0:2, 末地石镨矿石
gregtech:ore_praseodymium_0:3, 沙子镨矿石
gregtech:ore_praseodymium_0:4, 红沙镨矿石
gregtech:ore_praseodymium_0:5, 花岗岩镨矿石
gregtech:ore_praseodymium_0:6, 闪长岩镨矿石
gregtech:ore_praseodymium_0:7, 安山岩镨矿石
gregtech:ore_promethium_0:0, 钷矿石
gregtech:ore_promethium_0:1, 地狱岩钷矿石
gregtech:ore_promethium_0:2, 末地石钷矿石
gregtech:ore_promethium_0:3, 沙子钷矿石
gregtech:ore_promethium_0:4, 红沙钷矿石
gregtech:ore_promethium_0:5, 花岗岩钷矿石
gregtech:ore_promethium_0:6, 闪长岩钷矿石
gregtech:ore_promethium_0:7, 安山岩钷矿石
gregtech:ore_protactinium_0:0, 镤矿石
gregtech:ore_protactinium_0:1, 地狱岩镤矿石
gregtech:ore_protactinium_0:2, 末地石镤矿石
gregtech:ore_protactinium_0:3, 沙子镤矿石
gregtech:ore_protactinium_0:4, 红沙镤矿石
gregtech:ore_protactinium_0:5, 花岗岩镤矿石
gregtech:ore_protactinium_0:6, 闪长岩镤矿石
gregtech:ore_protactinium_0:7, 安山岩镤矿石
gregtech:ore_radium_0:0, 镭矿石
gregtech:ore_radium_0:1, 地狱岩镭矿石
gregtech:ore_radium_0:2, 末地石镭矿石
gregtech:ore_radium_0:3, 沙子镭矿石
gregtech:ore_radium_0:4, 红沙镭矿石
gregtech:ore_radium_0:5, 花岗岩镭矿石
gregtech:ore_radium_0:6, 闪长岩镭矿石
gregtech:ore_radium_0:7, 安山岩镭矿石
gregtech:ore_rhenium_0:0, 铼矿石
gregtech:ore_rhenium_0:1, 地狱岩铼矿石
gregtech:ore_rhenium_0:2, 末地石铼矿石
gregtech:ore_rhenium_0:3, 沙子铼矿石
gregtech:ore_rhenium_0:4, 红沙铼矿石
gregtech:ore_rhenium_0:5, 花岗岩铼矿石
gregtech:ore_rhenium_0:6, 闪长岩铼矿石
gregtech:ore_rhenium_0:7, 安山岩铼矿石
gregtech:ore_rhodium_0:0, 铑矿石
gregtech:ore_rhodium_0:1, 地狱岩铑矿石
gregtech:ore_rhodium_0:2, 末地石铑矿石
gregtech:ore_rhodium_0:3, 沙子铑矿石
gregtech:ore_rhodium_0:4, 红沙铑矿石
gregtech:ore_rhodium_0:5, 花岗岩铑矿石
gregtech:ore_rhodium_0:6, 闪长岩铑矿石
gregtech:ore_rhodium_0:7, 安山岩铑矿石
gregtech:ore_roentgenium_0:0, 钅仑矿石
gregtech:ore_roentgenium_0:1, 地狱岩钅仑矿石
gregtech:ore_roentgenium_0:2, 末地石钅仑矿石
gregtech:ore_roentgenium_0:3, 沙子钅仑矿石
gregtech:ore_roentgenium_0:4, 红沙钅仑矿石
gregtech:ore_roentgenium_0:5, 花岗岩钅仑矿石
gregtech:ore_roentgenium_0:6, 闪长岩钅仑矿石
gregtech:ore_roentgenium_0:7, 安山岩钅仑矿石
gregtech:ore_rubidium_0:0, 铷矿石
gregtech:ore_rubidium_0:1, 地狱岩铷矿石
gregtech:ore_rubidium_0:2, 末地石铷矿石
gregtech:ore_rubidium_0:3, 沙子铷矿石
gregtech:ore_rubidium_0:4, 红沙铷矿石
gregtech:ore_rubidium_0:5, 花岗岩铷矿石
gregtech:ore_rubidium_0:6, 闪长岩铷矿石
gregtech:ore_rubidium_0:7, 安山岩铷矿石
gregtech:ore_ruthenium_0:0, 钌矿石
gregtech:ore_ruthenium_0:1, 地狱岩钌矿石
gregtech:ore_ruthenium_0:2, 末地石钌矿石
gregtech:ore_ruthenium_0:3, 沙子钌矿石
gregtech:ore_ruthenium_0:4, 红沙钌矿石
gregtech:ore_ruthenium_0:5, 花岗岩钌矿石
gregtech:ore_ruthenium_0:6, 闪长岩钌矿石
gregtech:ore_ruthenium_0:7, 安山岩钌矿石
gregtech:ore_rutherfordium_0:0, 钅卢矿石
gregtech:ore_rutherfordium_0:1, 地狱岩钅卢矿石
gregtech:ore_rutherfordium_0:2, 末地石钅卢矿石
gregtech:ore_rutherfordium_0:3, 沙子钅卢矿石
gregtech:ore_rutherfordium_0:4, 红沙钅卢矿石
gregtech:ore_rutherfordium_0:5, 花岗岩钅卢矿石
gregtech:ore_rutherfordium_0:6, 闪长岩钅卢矿石
gregtech:ore_rutherfordium_0:7, 安山岩钅卢矿石
gregtech:ore_samarium_0:0, 钐矿石
gregtech:ore_samarium_0:1, 地狱岩钐矿石
gregtech:ore_samarium_0:2, 末地石钐矿石
gregtech:ore_samarium_0:3, 沙子钐矿石
gregtech:ore_samarium_0:4, 红沙钐矿石
gregtech:ore_samarium_0:5, 花岗岩钐矿石
gregtech:ore_samarium_0:6, 闪长岩钐矿石
gregtech:ore_samarium_0:7, 安山岩钐矿石
gregtech:ore_scandium_0:0, 钪矿石
gregtech:ore_scandium_0:1, 地狱岩钪矿石
gregtech:ore_scandium_0:2, 末地石钪矿石
gregtech:ore_scandium_0:3, 沙子钪矿石
gregtech:ore_scandium_0:4, 红沙钪矿石
gregtech:ore_scandium_0:5, 花岗岩钪矿石
gregtech:ore_scandium_0:6, 闪长岩钪矿石
gregtech:ore_scandium_0:7, 安山岩钪矿石
gregtech:ore_seaborgium_0:0, 钅喜矿石
gregtech:ore_seaborgium_0:1, 地狱岩钅喜矿石
gregtech:ore_seaborgium_0:2, 末地石钅喜矿石
gregtech:ore_seaborgium_0:3, 沙子钅喜矿石
gregtech:ore_seaborgium_0:4, 红沙钅喜矿石
gregtech:ore_seaborgium_0:5, 花岗岩钅喜矿石
gregtech:ore_seaborgium_0:6, 闪长岩钅喜矿石
gregtech:ore_seaborgium_0:7, 安山岩钅喜矿石
gregtech:ore_selenium_0:0, 硒矿石
gregtech:ore_selenium_0:1, 地狱岩硒矿石
gregtech:ore_selenium_0:2, 末地石硒矿石
gregtech:ore_selenium_0:3, 沙子硒矿石
gregtech:ore_selenium_0:4, 红沙硒矿石
gregtech:ore_selenium_0:5, 花岗岩硒矿石
gregtech:ore_selenium_0:6, 闪长岩硒矿石
gregtech:ore_selenium_0:7, 安山岩硒矿石
gregtech:ore_silicon_0:0, 硅矿石
gregtech:ore_silicon_0:1, 地狱岩硅矿石
gregtech:ore_silicon_0:2, 末地石硅矿石
gregtech:ore_silicon_0:3, 沙子硅矿石
gregtech:ore_silicon_0:4, 红沙硅矿石
gregtech:ore_silicon_0:5, 花岗岩硅矿石
gregtech:ore_silicon_0:6, 闪长岩硅矿石
gregtech:ore_silicon_0:7, 安山岩硅矿石
gregtech:ore_silver_0:0, 银矿石
gregtech:ore_silver_0:1, 地狱岩银矿石
gregtech:ore_silver_0:2, 末地石银矿石
gregtech:ore_silver_0:3, 沙子银矿石
gregtech:ore_silver_0:4, 红沙银矿石
gregtech:ore_silver_0:5, 花岗岩银矿石
gregtech:ore_silver_0:6, 闪长岩银矿石
gregtech:ore_silver_0:7, 安山岩银矿石
gregtech:ore_sodium_0:0, 钠矿石
gregtech:ore_sodium_0:1, 地狱岩钠矿石
gregtech:ore_sodium_0:2, 末地石钠矿石
gregtech:ore_sodium_0:3, 沙子钠矿石
gregtech:ore_sodium_0:4, 红沙钠矿石
gregtech:ore_sodium_0:5, 花岗岩钠矿石
gregtech:ore_sodium_0:6, 闪长岩钠矿石
gregtech:ore_sodium_0:7, 安山岩钠矿石
gregtech:ore_strontium_0:0, 锶矿石
gregtech:ore_strontium_0:1, 地狱岩锶矿石
gregtech:ore_strontium_0:2, 末地石锶矿石
gregtech:ore_strontium_0:3, 沙子锶矿石
gregtech:ore_strontium_0:4, 红沙锶矿石
gregtech:ore_strontium_0:5, 花岗岩锶矿石
gregtech:ore_strontium_0:6, 闪长岩锶矿石
gregtech:ore_strontium_0:7, 安山岩锶矿石
gregtech:ore_sulfur_0:0, 硫矿石
gregtech:ore_sulfur_0:1, 地狱岩硫矿石
gregtech:ore_sulfur_0:2, 末地石硫矿石
gregtech:ore_sulfur_0:3, 沙子硫矿石
gregtech:ore_sulfur_0:4, 红沙硫矿石
gregtech:ore_sulfur_0:5, 花岗岩硫矿石
gregtech:ore_sulfur_0:6, 闪长岩硫矿石
gregtech:ore_sulfur_0:7, 安山岩硫矿石
gregtech:ore_tantalum_0:0, 钽矿石
gregtech:ore_tantalum_0:1, 地狱岩钽矿石
gregtech:ore_tantalum_0:2, 末地石钽矿石
gregtech:ore_tantalum_0:3, 沙子钽矿石
gregtech:ore_tantalum_0:4, 红沙钽矿石
gregtech:ore_tantalum_0:5, 花岗岩钽矿石
gregtech:ore_tantalum_0:6, 闪长岩钽矿石
gregtech:ore_tantalum_0:7, 安山岩钽矿石
gregtech:ore_technetium_0:0, 锝矿石
gregtech:ore_technetium_0:1, 地狱岩锝矿石
gregtech:ore_technetium_0:2, 末地石锝矿石
gregtech:ore_technetium_0:3, 沙子锝矿石
gregtech:ore_technetium_0:4, 红沙锝矿石
gregtech:ore_technetium_0:5, 花岗岩锝矿石
gregtech:ore_technetium_0:6, 闪长岩锝矿石
gregtech:ore_technetium_0:7, 安山岩锝矿石
gregtech:ore_tellurium_0:0, 碲矿石
gregtech:ore_tellurium_0:1, 地狱岩碲矿石
gregtech:ore_tellurium_0:2, 末地石碲矿石
gregtech:ore_tellurium_0:3, 沙子碲矿石
gregtech:ore_tellurium_0:4, 红沙碲矿石
gregtech:ore_tellurium_0:5, 花岗岩碲矿石
gregtech:ore_tellurium_0:6, 闪长岩碲矿石
gregtech:ore_tellurium_0:7, 安山岩碲矿石
gregtech:ore_tennessine_0:0, 石田矿石
gregtech:ore_tennessine_0:1, 地狱岩石田矿石
gregtech:ore_tennessine_0:2, 末地石石田矿石
gregtech:ore_tennessine_0:3, 沙子石田矿石
gregtech:ore_tennessine_0:4, 红沙石田矿石
gregtech:ore_tennessine_0:5, 花岗岩石田矿石
gregtech:ore_tennessine_0:6, 闪长岩石田矿石
gregtech:ore_tennessine_0:7, 安山岩石田矿石
gregtech:ore_terbium_0:0, 铽矿石
gregtech:ore_terbium_0:1, 地狱岩铽矿石
gregtech:ore_terbium_0:2, 末地石铽矿石
gregtech:ore_terbium_0:3, 沙子铽矿石
gregtech:ore_terbium_0:4, 红沙铽矿石
gregtech:ore_terbium_0:5, 花岗岩铽矿石
gregtech:ore_terbium_0:6, 闪长岩铽矿石
gregtech:ore_terbium_0:7, 安山岩铽矿石
gregtech:ore_thorium_0:0, 钍矿石
gregtech:ore_thorium_0:1, 地狱岩钍矿石
gregtech:ore_thorium_0:2, 末地石钍矿石
gregtech:ore_thorium_0:3, 沙子钍矿石
gregtech:ore_thorium_0:4, 红沙钍矿石
gregtech:ore_thorium_0:5, 花岗岩钍矿石
gregtech:ore_thorium_0:6, 闪长岩钍矿石
gregtech:ore_thorium_0:7, 安山岩钍矿石
gregtech:ore_thallium_0:0, 铊矿石
gregtech:ore_thallium_0:1, 地狱岩铊矿石
gregtech:ore_thallium_0:2, 末地石铊矿石
gregtech:ore_thallium_0:3, 沙子铊矿石
gregtech:ore_thallium_0:4, 红沙铊矿石
gregtech:ore_thallium_0:5, 花岗岩铊矿石
gregtech:ore_thallium_0:6, 闪长岩铊矿石
gregtech:ore_thallium_0:7, 安山岩铊矿石
gregtech:ore_thulium_0:0, 铥矿石
gregtech:ore_thulium_0:1, 地狱岩铥矿石
gregtech:ore_thulium_0:2, 末地石铥矿石
gregtech:ore_thulium_0:3, 沙子铥矿石
gregtech:ore_thulium_0:4, 红沙铥矿石
gregtech:ore_thulium_0:5, 花岗岩铥矿石
gregtech:ore_thulium_0:6, 闪长岩铥矿石
gregtech:ore_thulium_0:7, 安山岩铥矿石
gregtech:ore_tin_0:0, 锡矿石
gregtech:ore_tin_0:1, 地狱岩锡矿石
gregtech:ore_tin_0:2, 末地石锡矿石
gregtech:ore_tin_0:3, 沙子锡矿石
gregtech:ore_tin_0:4, 红沙锡矿石
gregtech:ore_tin_0:5, 花岗岩锡矿石
gregtech:ore_tin_0:6, 闪长岩锡矿石
gregtech:ore_tin_0:7, 安山岩锡矿石
gregtech:ore_titanium_0:0, 钛矿石
gregtech:ore_titanium_0:1, 地狱岩钛矿石
gregtech:ore_titanium_0:2, 末地石钛矿石
gregtech:ore_titanium_0:3, 沙子钛矿石
gregtech:ore_titanium_0:4, 红沙钛矿石
gregtech:ore_titanium_0:5, 花岗岩钛矿石
gregtech:ore_titanium_0:6, 闪长岩钛矿石
gregtech:ore_titanium_0:7, 安山岩钛矿石
gregtech:ore_tungsten_0:0, 钨矿石
gregtech:ore_tungsten_0:1, 地狱岩钨矿石
gregtech:ore_tungsten_0:2, 末地石钨矿石
gregtech:ore_tungsten_0:3, 沙子钨矿石
gregtech:ore_tungsten_0:4, 红沙钨矿石
gregtech:ore_tungsten_0:5, 花岗岩钨矿石
gregtech:ore_tungsten_0:6, 闪长岩钨矿石
gregtech:ore_tungsten_0:7, 安山岩钨矿石
gregtech:ore_uranium_0:0, 铀矿石
gregtech:ore_uranium_0:1, 地狱岩铀矿石
gregtech:ore_uranium_0:2, 末地石铀矿石
gregtech:ore_uranium_0:3, 沙子铀矿石
gregtech:ore_uranium_0:4, 红沙铀矿石
gregtech:ore_uranium_0:5, 花岗岩铀矿石
gregtech:ore_uranium_0:6, 闪长岩铀矿石
gregtech:ore_uranium_0:7, 安山岩铀矿石
gregtech:ore_uranium_235_0:0, 铀-235矿石
gregtech:ore_uranium_235_0:1, 地狱岩铀-235矿石
gregtech:ore_uranium_235_0:2, 末地石铀-235矿石
gregtech:ore_uranium_235_0:3, 沙子铀-235矿石
gregtech:ore_uranium_235_0:4, 红沙铀-235矿石
gregtech:ore_uranium_235_0:5, 花岗岩铀-235矿石
gregtech:ore_uranium_235_0:6, 闪长岩铀-235矿石
gregtech:ore_uranium_235_0:7, 安山岩铀-235矿石
gregtech:ore_vanadium_0:0, 钒矿石
gregtech:ore_vanadium_0:1, 地狱岩钒矿石
gregtech:ore_vanadium_0:2, 末地石钒矿石
gregtech:ore_vanadium_0:3, 沙子钒矿石
gregtech:ore_vanadium_0:4, 红沙钒矿石
gregtech:ore_vanadium_0:5, 花岗岩钒矿石
gregtech:ore_vanadium_0:6, 闪长岩钒矿石
gregtech:ore_vanadium_0:7, 安山岩钒矿石
gregtech:ore_ytterbium_0:0, 镱矿石
gregtech:ore_ytterbium_0:1, 地狱岩镱矿石
gregtech:ore_ytterbium_0:2, 末地石镱矿石
gregtech:ore_ytterbium_0:3, 沙子镱矿石
gregtech:ore_ytterbium_0:4, 红沙镱矿石
gregtech:ore_ytterbium_0:5, 花岗岩镱矿石
gregtech:ore_ytterbium_0:6, 闪长岩镱矿石
gregtech:ore_ytterbium_0:7, 安山岩镱矿石
gregtech:ore_yttrium_0:0, 钇矿石
gregtech:ore_yttrium_0:1, 地狱岩钇矿石
gregtech:ore_yttrium_0:2, 末地石钇矿石
gregtech:ore_yttrium_0:3, 沙子钇矿石
gregtech:ore_yttrium_0:4, 红沙钇矿石
gregtech:ore_yttrium_0:5, 花岗岩钇矿石
gregtech:ore_yttrium_0:6, 闪长岩钇矿石
gregtech:ore_yttrium_0:7, 安山岩钇矿石
gregtech:ore_zinc_0:0, 锌矿石
gregtech:ore_zinc_0:1, 地狱岩锌矿石
gregtech:ore_zinc_0:2, 末地石锌矿石
gregtech:ore_zinc_0:3, 沙子锌矿石
gregtech:ore_zinc_0:4, 红沙锌矿石
gregtech:ore_zinc_0:5, 花岗岩锌矿石
gregtech:ore_zinc_0:6, 闪长岩锌矿石
gregtech:ore_zinc_0:7, 安山岩锌矿石
gregtech:ore_zirconium_0:0, 锆矿石
gregtech:ore_zirconium_0:1, 地狱岩锆矿石
gregtech:ore_zirconium_0:2, 末地石锆矿石
gregtech:ore_zirconium_0:3, 沙子锆矿石
gregtech:ore_zirconium_0:4, 红沙锆矿石
gregtech:ore_zirconium_0:5, 花岗岩锆矿石
gregtech:ore_zirconium_0:6, 闪长岩锆矿石
gregtech:ore_zirconium_0:7, 安山岩锆矿石
gregtech:ore_naquadah_0:0, 硅岩矿石
gregtech:ore_naquadah_0:1, 地狱岩硅岩矿石
gregtech:ore_naquadah_0:2, 末地石硅岩矿石
gregtech:ore_naquadah_0:3, 沙子硅岩矿石
gregtech:ore_naquadah_0:4, 红沙硅岩矿石
gregtech:ore_naquadah_0:5, 花岗岩硅岩矿石
gregtech:ore_naquadah_0:6, 闪长岩硅岩矿石
gregtech:ore_naquadah_0:7, 安山岩硅岩矿石
gregtech:ore_naquadah_enriched_0:0, 富集硅岩矿石
gregtech:ore_naquadah_enriched_0:1, 地狱岩富集硅岩矿石
gregtech:ore_naquadah_enriched_0:2, 末地石富集硅岩矿石
gregtech:ore_naquadah_enriched_0:3, 沙子富集硅岩矿石
gregtech:ore_naquadah_enriched_0:4, 红沙富集硅岩矿石
gregtech:ore_naquadah_enriched_0:5, 花岗岩富集硅岩矿石
gregtech:ore_naquadah_enriched_0:6, 闪长岩富集硅岩矿石
gregtech:ore_naquadah_enriched_0:7, 安山岩富集硅岩矿石
gregtech:ore_naquadria_0:0, 超能硅岩矿石
gregtech:ore_naquadria_0:1, 地狱岩超能硅岩矿石
gregtech:ore_naquadria_0:2, 末地石超能硅岩矿石
gregtech:ore_naquadria_0:3, 沙子超能硅岩矿石
gregtech:ore_naquadria_0:4, 红沙超能硅岩矿石
gregtech:ore_naquadria_0:5, 花岗岩超能硅岩矿石
gregtech:ore_naquadria_0:6, 闪长岩超能硅岩矿石
gregtech:ore_naquadria_0:7, 安山岩超能硅岩矿石
gregtech:ore_neutronium_0:0, 中子素矿石
gregtech:ore_neutronium_0:1, 地狱岩中子素矿石
gregtech:ore_neutronium_0:2, 末地石中子素矿石
gregtech:ore_neutronium_0:3, 沙子中子素矿石
gregtech:ore_neutronium_0:4, 红沙中子素矿石
gregtech:ore_neutronium_0:5, 花岗岩中子素矿石
gregtech:ore_neutronium_0:6, 闪长岩中子素矿石
gregtech:ore_neutronium_0:7, 安山岩中子素矿石
gregtech:ore_tritanium_0:0, 三钛合金矿石
gregtech:ore_tritanium_0:1, 地狱岩三钛合金矿石
gregtech:ore_tritanium_0:2, 末地石三钛合金矿石
gregtech:ore_tritanium_0:3, 沙子三钛合金矿石
gregtech:ore_tritanium_0:4, 红沙三钛合金矿石
gregtech:ore_tritanium_0:5, 花岗岩三钛合金矿石
gregtech:ore_tritanium_0:6, 闪长岩三钛合金矿石
gregtech:ore_tritanium_0:7, 安山岩三钛合金矿石
gregtech:ore_duranium_0:0, 铿铀矿石
gregtech:ore_duranium_0:1, 地狱岩铿铀矿石
gregtech:ore_duranium_0:2, 末地石铿铀矿石
gregtech:ore_duranium_0:3, 沙子铿铀矿石
gregtech:ore_duranium_0:4, 红沙铿铀矿石
gregtech:ore_duranium_0:5, 花岗岩铿铀矿石
gregtech:ore_duranium_0:6, 闪长岩铿铀矿石
gregtech:ore_duranium_0:7, 安山岩铿铀矿石
gregtech:ore_trinium_0:0, 凯金矿石
gregtech:ore_trinium_0:1, 地狱岩凯金矿石
gregtech:ore_trinium_0:2, 末地石凯金矿石
gregtech:ore_trinium_0:3, 沙子凯金矿石
gregtech:ore_trinium_0:4, 红沙凯金矿石
gregtech:ore_trinium_0:5, 花岗岩凯金矿石
gregtech:ore_trinium_0:6, 闪长岩凯金矿石
gregtech:ore_trinium_0:7, 安山岩凯金矿石
gregtech:ore_uranium_238_0:0, 铀-238矿石
gregtech:ore_uranium_238_0:1, 地狱岩铀-238矿石
gregtech:ore_uranium_238_0:2, 末地石铀-238矿石
gregtech:ore_uranium_238_0:3, 沙子铀-238矿石
gregtech:ore_uranium_238_0:4, 红沙铀-238矿石
gregtech:ore_uranium_238_0:5, 花岗岩铀-238矿石
gregtech:ore_uranium_238_0:6, 闪长岩铀-238矿石
gregtech:ore_uranium_238_0:7, 安山岩铀-238矿石
gregtech:ore_plutonium_0:0, 钚矿石
gregtech:ore_plutonium_0:1, 地狱岩钚矿石
gregtech:ore_plutonium_0:2, 末地石钚矿石
gregtech:ore_plutonium_0:3, 沙子钚矿石
gregtech:ore_plutonium_0:4, 红沙钚矿石
gregtech:ore_plutonium_0:5, 花岗岩钚矿石
gregtech:ore_plutonium_0:6, 闪长岩钚矿石
gregtech:ore_plutonium_0:7, 安山岩钚矿石
gregtech:ore_radium_225_0:0, 镭-225矿石
gregtech:ore_radium_225_0:1, 地狱岩镭-225矿石
gregtech:ore_radium_225_0:2, 末地石镭-225矿石
gregtech:ore_radium_225_0:3, 沙子镭-225矿石
gregtech:ore_radium_225_0:4, 红沙镭-225矿石
gregtech:ore_radium_225_0:5, 花岗岩镭-225矿石
gregtech:ore_radium_225_0:6, 闪长岩镭-225矿石
gregtech:ore_radium_225_0:7, 安山岩镭-225矿石
gregtech:ore_radium_226_0:0, 镭-226矿石
gregtech:ore_radium_226_0:1, 地狱岩镭-226矿石
gregtech:ore_radium_226_0:2, 末地石镭-226矿石
gregtech:ore_radium_226_0:3, 沙子镭-226矿石
gregtech:ore_radium_226_0:4, 红沙镭-226矿石
gregtech:ore_radium_226_0:5, 花岗岩镭-226矿石
gregtech:ore_radium_226_0:6, 闪长岩镭-226矿石
gregtech:ore_radium_226_0:7, 安山岩镭-226矿石
gregtech:ore_protactinium_231_0:0, 镤-231矿石
gregtech:ore_protactinium_231_0:1, 地狱岩镤-231矿石
gregtech:ore_protactinium_231_0:2, 末地石镤-231矿石
gregtech:ore_protactinium_231_0:3, 沙子镤-231矿石
gregtech:ore_protactinium_231_0:4, 红沙镤-231矿石
gregtech:ore_protactinium_231_0:5, 花岗岩镤-231矿石
gregtech:ore_protactinium_231_0:6, 闪长岩镤-231矿石
gregtech:ore_protactinium_231_0:7, 安山岩镤-231矿石
gregtech:ore_protactinium_233_0:0, 镤-233矿石
gregtech:ore_protactinium_233_0:1, 地狱岩镤-233矿石
gregtech:ore_protactinium_233_0:2, 末地石镤-233矿石
gregtech:ore_protactinium_233_0:3, 沙子镤-233矿石
gregtech:ore_protactinium_233_0:4, 红沙镤-233矿石
gregtech:ore_protactinium_233_0:5, 花岗岩镤-233矿石
gregtech:ore_protactinium_233_0:6, 闪长岩镤-233矿石
gregtech:ore_protactinium_233_0:7, 安山岩镤-233矿石
gregtech:ore_uranium_232_0:0, 铀-232矿石
gregtech:ore_uranium_232_0:1, 地狱岩铀-232矿石
gregtech:ore_uranium_232_0:2, 末地石铀-232矿石
gregtech:ore_uranium_232_0:3, 沙子铀-232矿石
gregtech:ore_uranium_232_0:4, 红沙铀-232矿石
gregtech:ore_uranium_232_0:5, 花岗岩铀-232矿石
gregtech:ore_uranium_232_0:6, 闪长岩铀-232矿石
gregtech:ore_uranium_232_0:7, 安山岩铀-232矿石
gregtech:ore_uranium_233_0:0, 铀-233矿石
gregtech:ore_uranium_233_0:1, 地狱岩铀-233矿石
gregtech:ore_uranium_233_0:2, 末地石铀-233矿石
gregtech:ore_uranium_233_0:3, 沙子铀-233矿石
gregtech:ore_uranium_233_0:4, 红沙铀-233矿石
gregtech:ore_uranium_233_0:5, 花岗岩铀-233矿石
gregtech:ore_uranium_233_0:6, 闪长岩铀-233矿石
gregtech:ore_uranium_233_0:7, 安山岩铀-233矿石
gregtech:ore_uranium_234_0:0, 铀-234矿石
gregtech:ore_uranium_234_0:1, 地狱岩铀-234矿石
gregtech:ore_uranium_234_0:2, 末地石铀-234矿石
gregtech:ore_uranium_234_0:3, 沙子铀-234矿石
gregtech:ore_uranium_234_0:4, 红沙铀-234矿石
gregtech:ore_uranium_234_0:5, 花岗岩铀-234矿石
gregtech:ore_uranium_234_0:6, 闪长岩铀-234矿石
gregtech:ore_uranium_234_0:7, 安山岩铀-234矿石
gregtech:ore_uranium_236_0:0, 铀-236矿石
gregtech:ore_uranium_236_0:1, 地狱岩铀-236矿石
gregtech:ore_uranium_236_0:2, 末地石铀-236矿石
gregtech:ore_uranium_236_0:3, 沙子铀-236矿石
gregtech:ore_uranium_236_0:4, 红沙铀-236矿石
gregtech:ore_uranium_236_0:5, 花岗岩铀-236矿石
gregtech:ore_uranium_236_0:6, 闪长岩铀-236矿石
gregtech:ore_uranium_236_0:7, 安山岩铀-236矿石
gregtech:ore_uranium_237_0:0, 铀-237矿石
gregtech:ore_uranium_237_0:1, 地狱岩铀-237矿石
gregtech:ore_uranium_237_0:2, 末地石铀-237矿石
gregtech:ore_uranium_237_0:3, 沙子铀-237矿石
gregtech:ore_uranium_237_0:4, 红沙铀-237矿石
gregtech:ore_uranium_237_0:5, 花岗岩铀-237矿石
gregtech:ore_uranium_237_0:6, 闪长岩铀-237矿石
gregtech:ore_uranium_237_0:7, 安山岩铀-237矿石
gregtech:ore_uranium_239_0:0, 铀-239矿石
gregtech:ore_uranium_239_0:1, 地狱岩铀-239矿石
gregtech:ore_uranium_239_0:2, 末地石铀-239矿石
gregtech:ore_uranium_239_0:3, 沙子铀-239矿石
gregtech:ore_uranium_239_0:4, 红沙铀-239矿石
gregtech:ore_uranium_239_0:5, 花岗岩铀-239矿石
gregtech:ore_uranium_239_0:6, 闪长岩铀-239矿石
gregtech:ore_uranium_239_0:7, 安山岩铀-239矿石
gregtech:ore_neptunium_235_0:0, 镎-235矿石
gregtech:ore_neptunium_235_0:1, 地狱岩镎-235矿石
gregtech:ore_neptunium_235_0:2, 末地石镎-235矿石
gregtech:ore_neptunium_235_0:3, 沙子镎-235矿石
gregtech:ore_neptunium_235_0:4, 红沙镎-235矿石
gregtech:ore_neptunium_235_0:5, 花岗岩镎-235矿石
gregtech:ore_neptunium_235_0:6, 闪长岩镎-235矿石
gregtech:ore_neptunium_235_0:7, 安山岩镎-235矿石
gregtech:ore_neptunium_236_0:0, 镎-236矿石
gregtech:ore_neptunium_236_0:1, 地狱岩镎-236矿石
gregtech:ore_neptunium_236_0:2, 末地石镎-236矿石
gregtech:ore_neptunium_236_0:3, 沙子镎-236矿石
gregtech:ore_neptunium_236_0:4, 红沙镎-236矿石
gregtech:ore_neptunium_236_0:5, 花岗岩镎-236矿石
gregtech:ore_neptunium_236_0:6, 闪长岩镎-236矿石
gregtech:ore_neptunium_236_0:7, 安山岩镎-236矿石
gregtech:ore_neptunium_237_0:0, 镎-237矿石
gregtech:ore_neptunium_237_0:1, 地狱岩镎-237矿石
gregtech:ore_neptunium_237_0:2, 末地石镎-237矿石
gregtech:ore_neptunium_237_0:3, 沙子镎-237矿石
gregtech:ore_neptunium_237_0:4, 红沙镎-237矿石
gregtech:ore_neptunium_237_0:5, 花岗岩镎-237矿石
gregtech:ore_neptunium_237_0:6, 闪长岩镎-237矿石
gregtech:ore_neptunium_237_0:7, 安山岩镎-237矿石
gregtech:ore_neptunium_238_0:0, 镎-238矿石
gregtech:ore_neptunium_238_0:1, 地狱岩镎-238矿石
gregtech:ore_neptunium_238_0:2, 末地石镎-238矿石
gregtech:ore_neptunium_238_0:3, 沙子镎-238矿石
gregtech:ore_neptunium_238_0:4, 红沙镎-238矿石
gregtech:ore_neptunium_238_0:5, 花岗岩镎-238矿石
gregtech:ore_neptunium_238_0:6, 闪长岩镎-238矿石
gregtech:ore_neptunium_238_0:7, 安山岩镎-238矿石
gregtech:ore_neptunium_239_0:0, 镎-239矿石
gregtech:ore_neptunium_239_0:1, 地狱岩镎-239矿石
gregtech:ore_neptunium_239_0:2, 末地石镎-239矿石
gregtech:ore_neptunium_239_0:3, 沙子镎-239矿石
gregtech:ore_neptunium_239_0:4, 红沙镎-239矿石
gregtech:ore_neptunium_239_0:5, 花岗岩镎-239矿石
gregtech:ore_neptunium_239_0:6, 闪长岩镎-239矿石
gregtech:ore_neptunium_239_0:7, 安山岩镎-239矿石
gregtech:ore_plutonium_236_0:0, 钚-236矿石
gregtech:ore_plutonium_236_0:1, 地狱岩钚-236矿石
gregtech:ore_plutonium_236_0:2, 末地石钚-236矿石
gregtech:ore_plutonium_236_0:3, 沙子钚-236矿石
gregtech:ore_plutonium_236_0:4, 红沙钚-236矿石
gregtech:ore_plutonium_236_0:5, 花岗岩钚-236矿石
gregtech:ore_plutonium_236_0:6, 闪长岩钚-236矿石
gregtech:ore_plutonium_236_0:7, 安山岩钚-236矿石
gregtech:ore_plutonium_237_0:0, 钚-237矿石
gregtech:ore_plutonium_237_0:1, 地狱岩钚-237矿石
gregtech:ore_plutonium_237_0:2, 末地石钚-237矿石
gregtech:ore_plutonium_237_0:3, 沙子钚-237矿石
gregtech:ore_plutonium_237_0:4, 红沙钚-237矿石
gregtech:ore_plutonium_237_0:5, 花岗岩钚-237矿石
gregtech:ore_plutonium_237_0:6, 闪长岩钚-237矿石
gregtech:ore_plutonium_237_0:7, 安山岩钚-237矿石
gregtech:ore_plutonium_238_0:0, 钚-238矿石
gregtech:ore_plutonium_238_0:1, 地狱岩钚-238矿石
gregtech:ore_plutonium_238_0:2, 末地石钚-238矿石
gregtech:ore_plutonium_238_0:3, 沙子钚-238矿石
gregtech:ore_plutonium_238_0:4, 红沙钚-238矿石
gregtech:ore_plutonium_238_0:5, 花岗岩钚-238矿石
gregtech:ore_plutonium_238_0:6, 闪长岩钚-238矿石
gregtech:ore_plutonium_238_0:7, 安山岩钚-238矿石
gregtech:ore_plutonium_240_0:0, 钚-240矿石
gregtech:ore_plutonium_240_0:1, 地狱岩钚-240矿石
gregtech:ore_plutonium_240_0:2, 末地石钚-240矿石
gregtech:ore_plutonium_240_0:3, 沙子钚-240矿石
gregtech:ore_plutonium_240_0:4, 红沙钚-240矿石
gregtech:ore_plutonium_240_0:5, 花岗岩钚-240矿石
gregtech:ore_plutonium_240_0:6, 闪长岩钚-240矿石
gregtech:ore_plutonium_240_0:7, 安山岩钚-240矿石
gregtech:ore_plutonium_242_0:0, 钚-242矿石
gregtech:ore_plutonium_242_0:1, 地狱岩钚-242矿石
gregtech:ore_plutonium_242_0:2, 末地石钚-242矿石
gregtech:ore_plutonium_242_0:3, 沙子钚-242矿石
gregtech:ore_plutonium_242_0:4, 红沙钚-242矿石
gregtech:ore_plutonium_242_0:5, 花岗岩钚-242矿石
gregtech:ore_plutonium_242_0:6, 闪长岩钚-242矿石
gregtech:ore_plutonium_242_0:7, 安山岩钚-242矿石
gregtech:ore_plutonium_243_0:0, 钚-243矿石
gregtech:ore_plutonium_243_0:1, 地狱岩钚-243矿石
gregtech:ore_plutonium_243_0:2, 末地石钚-243矿石
gregtech:ore_plutonium_243_0:3, 沙子钚-243矿石
gregtech:ore_plutonium_243_0:4, 红沙钚-243矿石
gregtech:ore_plutonium_243_0:5, 花岗岩钚-243矿石
gregtech:ore_plutonium_243_0:6, 闪长岩钚-243矿石
gregtech:ore_plutonium_243_0:7, 安山岩钚-243矿石
gregtech:ore_plutonium_244_0:0, 钚-244矿石
gregtech:ore_plutonium_244_0:1, 地狱岩钚-244矿石
gregtech:ore_plutonium_244_0:2, 末地石钚-244矿石
gregtech:ore_plutonium_244_0:3, 沙子钚-244矿石
gregtech:ore_plutonium_244_0:4, 红沙钚-244矿石
gregtech:ore_plutonium_244_0:5, 花岗岩钚-244矿石
gregtech:ore_plutonium_244_0:6, 闪长岩钚-244矿石
gregtech:ore_plutonium_244_0:7, 安山岩钚-244矿石
gregtech:ore_thorium_228_0:0, 钍-228矿石
gregtech:ore_thorium_228_0:1, 地狱岩钍-228矿石
gregtech:ore_thorium_228_0:2, 末地石钍-228矿石
gregtech:ore_thorium_228_0:3, 沙子钍-228矿石
gregtech:ore_thorium_228_0:4, 红沙钍-228矿石
gregtech:ore_thorium_228_0:5, 花岗岩钍-228矿石
gregtech:ore_thorium_228_0:6, 闪长岩钍-228矿石
gregtech:ore_thorium_228_0:7, 安山岩钍-228矿石
gregtech:ore_thorium_229_0:0, 钍-229矿石
gregtech:ore_thorium_229_0:1, 地狱岩钍-229矿石
gregtech:ore_thorium_229_0:2, 末地石钍-229矿石
gregtech:ore_thorium_229_0:3, 沙子钍-229矿石
gregtech:ore_thorium_229_0:4, 红沙钍-229矿石
gregtech:ore_thorium_229_0:5, 花岗岩钍-229矿石
gregtech:ore_thorium_229_0:6, 闪长岩钍-229矿石
gregtech:ore_thorium_229_0:7, 安山岩钍-229矿石
gregtech:ore_thorium_230_0:0, 钍-230矿石
gregtech:ore_thorium_230_0:1, 地狱岩钍-230矿石
gregtech:ore_thorium_230_0:2, 末地石钍-230矿石
gregtech:ore_thorium_230_0:3, 沙子钍-230矿石
gregtech:ore_thorium_230_0:4, 红沙钍-230矿石
gregtech:ore_thorium_230_0:5, 花岗岩钍-230矿石
gregtech:ore_thorium_230_0:6, 闪长岩钍-230矿石
gregtech:ore_thorium_230_0:7, 安山岩钍-230矿石
gregtech:ore_thorium_232_0:0, 钍-232矿石
gregtech:ore_thorium_232_0:1, 地狱岩钍-232矿石
gregtech:ore_thorium_232_0:2, 末地石钍-232矿石
gregtech:ore_thorium_232_0:3, 沙子钍-232矿石
gregtech:ore_thorium_232_0:4, 红沙钍-232矿石
gregtech:ore_thorium_232_0:5, 花岗岩钍-232矿石
gregtech:ore_thorium_232_0:6, 闪长岩钍-232矿石
gregtech:ore_thorium_232_0:7, 安山岩钍-232矿石
gregtech:ore_thorium_233_0:0, 钍-233矿石
gregtech:ore_thorium_233_0:1, 地狱岩钍-233矿石
gregtech:ore_thorium_233_0:2, 末地石钍-233矿石
gregtech:ore_thorium_233_0:3, 沙子钍-233矿石
gregtech:ore_thorium_233_0:4, 红沙钍-233矿石
gregtech:ore_thorium_233_0:5, 花岗岩钍-233矿石
gregtech:ore_thorium_233_0:6, 闪长岩钍-233矿石
gregtech:ore_thorium_233_0:7, 安山岩钍-233矿石
gregtech:ore_americium_240_0:0, 镅-240矿石
gregtech:ore_americium_240_0:1, 地狱岩镅-240矿石
gregtech:ore_americium_240_0:2, 末地石镅-240矿石
gregtech:ore_americium_240_0:3, 沙子镅-240矿石
gregtech:ore_americium_240_0:4, 红沙镅-240矿石
gregtech:ore_americium_240_0:5, 花岗岩镅-240矿石
gregtech:ore_americium_240_0:6, 闪长岩镅-240矿石
gregtech:ore_americium_240_0:7, 安山岩镅-240矿石
gregtech:ore_americium_241_0:0, 镅-241矿石
gregtech:ore_americium_241_0:1, 地狱岩镅-241矿石
gregtech:ore_americium_241_0:2, 末地石镅-241矿石
gregtech:ore_americium_241_0:3, 沙子镅-241矿石
gregtech:ore_americium_241_0:4, 红沙镅-241矿石
gregtech:ore_americium_241_0:5, 花岗岩镅-241矿石
gregtech:ore_americium_241_0:6, 闪长岩镅-241矿石
gregtech:ore_americium_241_0:7, 安山岩镅-241矿石
gregtech:ore_americium_242_0:0, 镅-242矿石
gregtech:ore_americium_242_0:1, 地狱岩镅-242矿石
gregtech:ore_americium_242_0:2, 末地石镅-242矿石
gregtech:ore_americium_242_0:3, 沙子镅-242矿石
gregtech:ore_americium_242_0:4, 红沙镅-242矿石
gregtech:ore_americium_242_0:5, 花岗岩镅-242矿石
gregtech:ore_americium_242_0:6, 闪长岩镅-242矿石
gregtech:ore_americium_242_0:7, 安山岩镅-242矿石
gregtech:ore_americium_243_0:0, 镅-243矿石
gregtech:ore_americium_243_0:1, 地狱岩镅-243矿石
gregtech:ore_americium_243_0:2, 末地石镅-243矿石
gregtech:ore_americium_243_0:3, 沙子镅-243矿石
gregtech:ore_americium_243_0:4, 红沙镅-243矿石
gregtech:ore_americium_243_0:5, 花岗岩镅-243矿石
gregtech:ore_americium_243_0:6, 闪长岩镅-243矿石
gregtech:ore_americium_243_0:7, 安山岩镅-243矿石
gregtech:ore_curium_242_0:0, 锔-242矿石
gregtech:ore_curium_242_0:1, 地狱岩锔-242矿石
gregtech:ore_curium_242_0:2, 末地石锔-242矿石
gregtech:ore_curium_242_0:3, 沙子锔-242矿石
gregtech:ore_curium_242_0:4, 红沙锔-242矿石
gregtech:ore_curium_242_0:5, 花岗岩锔-242矿石
gregtech:ore_curium_242_0:6, 闪长岩锔-242矿石
gregtech:ore_curium_242_0:7, 安山岩锔-242矿石
gregtech:ore_curium_243_0:0, 锔-243矿石
gregtech:ore_curium_243_0:1, 地狱岩锔-243矿石
gregtech:ore_curium_243_0:2, 末地石锔-243矿石
gregtech:ore_curium_243_0:3, 沙子锔-243矿石
gregtech:ore_curium_243_0:4, 红沙锔-243矿石
gregtech:ore_curium_243_0:5, 花岗岩锔-243矿石
gregtech:ore_curium_243_0:6, 闪长岩锔-243矿石
gregtech:ore_curium_243_0:7, 安山岩锔-243矿石
gregtech:ore_curium_244_0:0, 锔-244矿石
gregtech:ore_curium_244_0:1, 地狱岩锔-244矿石
gregtech:ore_curium_244_0:2, 末地石锔-244矿石
gregtech:ore_curium_244_0:3, 沙子锔-244矿石
gregtech:ore_curium_244_0:4, 红沙锔-244矿石
gregtech:ore_curium_244_0:5, 花岗岩锔-244矿石
gregtech:ore_curium_244_0:6, 闪长岩锔-244矿石
gregtech:ore_curium_244_0:7, 安山岩锔-244矿石
gregtech:ore_curium_245_0:0, 锔-245矿石
gregtech:ore_curium_245_0:1, 地狱岩锔-245矿石
gregtech:ore_curium_245_0:2, 末地石锔-245矿石
gregtech:ore_curium_245_0:3, 沙子锔-245矿石
gregtech:ore_curium_245_0:4, 红沙锔-245矿石
gregtech:ore_curium_245_0:5, 花岗岩锔-245矿石
gregtech:ore_curium_245_0:6, 闪长岩锔-245矿石
gregtech:ore_curium_245_0:7, 安山岩锔-245矿石
gregtech:ore_curium_246_0:0, 锔-246矿石
gregtech:ore_curium_246_0:1, 地狱岩锔-246矿石
gregtech:ore_curium_246_0:2, 末地石锔-246矿石
gregtech:ore_curium_246_0:3, 沙子锔-246矿石
gregtech:ore_curium_246_0:4, 红沙锔-246矿石
gregtech:ore_curium_246_0:5, 花岗岩锔-246矿石
gregtech:ore_curium_246_0:6, 闪长岩锔-246矿石
gregtech:ore_curium_246_0:7, 安山岩锔-246矿石
gregtech:ore_curium_247_0:0, 锔-247矿石
gregtech:ore_curium_247_0:1, 地狱岩锔-247矿石
gregtech:ore_curium_247_0:2, 末地石锔-247矿石
gregtech:ore_curium_247_0:3, 沙子锔-247矿石
gregtech:ore_curium_247_0:4, 红沙锔-247矿石
gregtech:ore_curium_247_0:5, 花岗岩锔-247矿石
gregtech:ore_curium_247_0:6, 闪长岩锔-247矿石
gregtech:ore_curium_247_0:7, 安山岩锔-247矿石
gregtech:ore_curium_248_0:0, 锔-248矿石
gregtech:ore_curium_248_0:1, 地狱岩锔-248矿石
gregtech:ore_curium_248_0:2, 末地石锔-248矿石
gregtech:ore_curium_248_0:3, 沙子锔-248矿石
gregtech:ore_curium_248_0:4, 红沙锔-248矿石
gregtech:ore_curium_248_0:5, 花岗岩锔-248矿石
gregtech:ore_curium_248_0:6, 闪长岩锔-248矿石
gregtech:ore_curium_248_0:7, 安山岩锔-248矿石
gregtech:ore_curium_250_0:0, 锔-250矿石
gregtech:ore_curium_250_0:1, 地狱岩锔-250矿石
gregtech:ore_curium_250_0:2, 末地石锔-250矿石
gregtech:ore_curium_250_0:3, 沙子锔-250矿石
gregtech:ore_curium_250_0:4, 红沙锔-250矿石
gregtech:ore_curium_250_0:5, 花岗岩锔-250矿石
gregtech:ore_curium_250_0:6, 闪长岩锔-250矿石
gregtech:ore_curium_250_0:7, 安山岩锔-250矿石
gregtech:ore_berkelium_249_0:0, 锫-249矿石
gregtech:ore_berkelium_249_0:1, 地狱岩锫-249矿石
gregtech:ore_berkelium_249_0:2, 末地石锫-249矿石
gregtech:ore_berkelium_249_0:3, 沙子锫-249矿石
gregtech:ore_berkelium_249_0:4, 红沙锫-249矿石
gregtech:ore_berkelium_249_0:5, 花岗岩锫-249矿石
gregtech:ore_berkelium_249_0:6, 闪长岩锫-249矿石
gregtech:ore_berkelium_249_0:7, 安山岩锫-249矿石
gregtech:ore_californium_249_0:0, 锎-249矿石
gregtech:ore_californium_249_0:1, 地狱岩锎-249矿石
gregtech:ore_californium_249_0:2, 末地石锎-249矿石
gregtech:ore_californium_249_0:3, 沙子锎-249矿石
gregtech:ore_californium_249_0:4, 红沙锎-249矿石
gregtech:ore_californium_249_0:5, 花岗岩锎-249矿石
gregtech:ore_californium_249_0:6, 闪长岩锎-249矿石
gregtech:ore_californium_249_0:7, 安山岩锎-249矿石
gregtech:ore_californium_252_0:0, 锎-252矿石
gregtech:ore_californium_252_0:1, 地狱岩锎-252矿石
gregtech:ore_californium_252_0:2, 末地石锎-252矿石
gregtech:ore_californium_252_0:3, 沙子锎-252矿石
gregtech:ore_californium_252_0:4, 红沙锎-252矿石
gregtech:ore_californium_252_0:5, 花岗岩锎-252矿石
gregtech:ore_californium_252_0:6, 闪长岩锎-252矿石
gregtech:ore_californium_252_0:7, 安山岩锎-252矿石
gregtech:ore_certus_quartz_0:0, 赛特斯石英矿石
gregtech:ore_certus_quartz_0:1, 地狱岩赛特斯石英矿石
gregtech:ore_certus_quartz_0:2, 末地石赛特斯石英矿石
gregtech:ore_certus_quartz_0:3, 沙子赛特斯石英矿石
gregtech:ore_certus_quartz_0:4, 红沙赛特斯石英矿石
gregtech:ore_certus_quartz_0:5, 花岗岩赛特斯石英矿石
gregtech:ore_certus_quartz_0:6, 闪长岩赛特斯石英矿石
gregtech:ore_certus_quartz_0:7, 安山岩赛特斯石英矿石
gregtech:ore_almandine_0:0, 铁铝榴石矿石
gregtech:ore_almandine_0:1, 地狱岩铁铝榴石矿石
gregtech:ore_almandine_0:2, 末地石铁铝榴石矿石
gregtech:ore_almandine_0:3, 沙子铁铝榴石矿石
gregtech:ore_almandine_0:4, 红沙铁铝榴石矿石
gregtech:ore_almandine_0:5, 花岗岩铁铝榴石矿石
gregtech:ore_almandine_0:6, 闪长岩铁铝榴石矿石
gregtech:ore_almandine_0:7, 安山岩铁铝榴石矿石
gregtech:ore_asbestos_0:0, 石棉矿石
gregtech:ore_asbestos_0:1, 地狱岩石棉矿石
gregtech:ore_asbestos_0:2, 末地石石棉矿石
gregtech:ore_asbestos_0:3, 沙子石棉矿石
gregtech:ore_asbestos_0:4, 红沙石棉矿石
gregtech:ore_asbestos_0:5, 花岗岩石棉矿石
gregtech:ore_asbestos_0:6, 闪长岩石棉矿石
gregtech:ore_asbestos_0:7, 安山岩石棉矿石
gregtech:ore_banded_iron_0:0, 带状铁矿矿石
gregtech:ore_banded_iron_0:1, 地狱岩带状铁矿矿石
gregtech:ore_banded_iron_0:2, 末地石带状铁矿矿石
gregtech:ore_banded_iron_0:3, 沙子带状铁矿矿石
gregtech:ore_banded_iron_0:4, 红沙带状铁矿矿石
gregtech:ore_banded_iron_0:5, 花岗岩带状铁矿矿石
gregtech:ore_banded_iron_0:6, 闪长岩带状铁矿矿石
gregtech:ore_banded_iron_0:7, 安山岩带状铁矿矿石
gregtech:ore_blue_topaz_0:0, 蓝黄玉矿石
gregtech:ore_blue_topaz_0:1, 地狱岩蓝黄玉矿石
gregtech:ore_blue_topaz_0:2, 末地石蓝黄玉矿石
gregtech:ore_blue_topaz_0:3, 沙子蓝黄玉矿石
gregtech:ore_blue_topaz_0:4, 红沙蓝黄玉矿石
gregtech:ore_blue_topaz_0:5, 花岗岩蓝黄玉矿石
gregtech:ore_blue_topaz_0:6, 闪长岩蓝黄玉矿石
gregtech:ore_blue_topaz_0:7, 安山岩蓝黄玉矿石
gregtech:ore_brown_limonite_0:0, 棕褐铁矿矿石
gregtech:ore_brown_limonite_0:1, 地狱岩棕褐铁矿矿石
gregtech:ore_brown_limonite_0:2, 末地石棕褐铁矿矿石
gregtech:ore_brown_limonite_0:3, 沙子棕褐铁矿矿石
gregtech:ore_brown_limonite_0:4, 红沙棕褐铁矿矿石
gregtech:ore_brown_limonite_0:5, 花岗岩棕褐铁矿矿石
gregtech:ore_brown_limonite_0:6, 闪长岩棕褐铁矿矿石
gregtech:ore_brown_limonite_0:7, 安山岩棕褐铁矿矿石
gregtech:ore_calcite_0:0, 方解石矿石
gregtech:ore_calcite_0:1, 地狱岩方解石矿石
gregtech:ore_calcite_0:2, 末地石方解石矿石
gregtech:ore_calcite_0:3, 沙子方解石矿石
gregtech:ore_calcite_0:4, 红沙方解石矿石
gregtech:ore_calcite_0:5, 花岗岩方解石矿石
gregtech:ore_calcite_0:6, 闪长岩方解石矿石
gregtech:ore_calcite_0:7, 安山岩方解石矿石
gregtech:ore_cassiterite_0:0, 锡石矿石
gregtech:ore_cassiterite_0:1, 地狱岩锡石矿石
gregtech:ore_cassiterite_0:2, 末地石锡石矿石
gregtech:ore_cassiterite_0:3, 沙子锡石矿石
gregtech:ore_cassiterite_0:4, 红沙锡石矿石
gregtech:ore_cassiterite_0:5, 花岗岩锡石矿石
gregtech:ore_cassiterite_0:6, 闪长岩锡石矿石
gregtech:ore_cassiterite_0:7, 安山岩锡石矿石
gregtech:ore_cassiterite_sand_0:0, 锡石矿砂矿石
gregtech:ore_cassiterite_sand_0:1, 地狱岩锡石矿砂矿石
gregtech:ore_cassiterite_sand_0:2, 末地石锡石矿砂矿石
gregtech:ore_cassiterite_sand_0:3, 沙子锡石矿砂矿石
gregtech:ore_cassiterite_sand_0:4, 红沙锡石矿砂矿石
gregtech:ore_cassiterite_sand_0:5, 花岗岩锡石矿砂矿石
gregtech:ore_cassiterite_sand_0:6, 闪长岩锡石矿砂矿石
gregtech:ore_cassiterite_sand_0:7, 安山岩锡石矿砂矿石
gregtech:ore_chalcopyrite_0:0, 黄铜矿矿石
gregtech:ore_chalcopyrite_0:1, 地狱岩黄铜矿矿石
gregtech:ore_chalcopyrite_0:2, 末地石黄铜矿矿石
gregtech:ore_chalcopyrite_0:3, 沙子黄铜矿矿石
gregtech:ore_chalcopyrite_0:4, 红沙黄铜矿矿石
gregtech:ore_chalcopyrite_0:5, 花岗岩黄铜矿矿石
gregtech:ore_chalcopyrite_0:6, 闪长岩黄铜矿矿石
gregtech:ore_chalcopyrite_0:7, 安山岩黄铜矿矿石
gregtech:ore_chromite_0:0, 铬铁矿矿石
gregtech:ore_chromite_0:1, 地狱岩铬铁矿矿石
gregtech:ore_chromite_0:2, 末地石铬铁矿矿石
gregtech:ore_chromite_0:3, 沙子铬铁矿矿石
gregtech:ore_chromite_0:4, 红沙铬铁矿矿石
gregtech:ore_chromite_0:5, 花岗岩铬铁矿矿石
gregtech:ore_chromite_0:6, 闪长岩铬铁矿矿石
gregtech:ore_chromite_0:7, 安山岩铬铁矿矿石
gregtech:ore_cinnabar_0:0, 朱砂矿石
gregtech:ore_cinnabar_0:1, 地狱岩朱砂矿石
gregtech:ore_cinnabar_0:2, 末地石朱砂矿石
gregtech:ore_cinnabar_0:3, 沙子朱砂矿石
gregtech:ore_cinnabar_0:4, 红沙朱砂矿石
gregtech:ore_cinnabar_0:5, 花岗岩朱砂矿石
gregtech:ore_cinnabar_0:6, 闪长岩朱砂矿石
gregtech:ore_cinnabar_0:7, 安山岩朱砂矿石
gregtech:ore_zircon_0:0, 锆石矿石
gregtech:ore_zircon_0:1, 地狱岩锆石矿石
gregtech:ore_zircon_0:2, 末地石锆石矿石
gregtech:ore_zircon_0:3, 沙子锆石矿石
gregtech:ore_zircon_0:4, 红沙锆石矿石
gregtech:ore_zircon_0:5, 花岗岩锆石矿石
gregtech:ore_zircon_0:6, 闪长岩锆石矿石
gregtech:ore_zircon_0:7, 安山岩锆石矿石
gregtech:ore_coal_0:0, 煤炭矿石
gregtech:ore_coal_0:1, 地狱岩煤炭矿石
gregtech:ore_coal_0:2, 末地石煤炭矿石
gregtech:ore_coal_0:3, 沙子煤炭矿石
gregtech:ore_coal_0:4, 红沙煤炭矿石
gregtech:ore_coal_0:5, 花岗岩煤炭矿石
gregtech:ore_coal_0:6, 闪长岩煤炭矿石
gregtech:ore_coal_0:7, 安山岩煤炭矿石
gregtech:ore_cobaltite_0:0, 辉钴矿矿石
gregtech:ore_cobaltite_0:1, 地狱岩辉钴矿矿石
gregtech:ore_cobaltite_0:2, 末地石辉钴矿矿石
gregtech:ore_cobaltite_0:3, 沙子辉钴矿矿石
gregtech:ore_cobaltite_0:4, 红沙辉钴矿矿石
gregtech:ore_cobaltite_0:5, 花岗岩辉钴矿矿石
gregtech:ore_cobaltite_0:6, 闪长岩辉钴矿矿石
gregtech:ore_cobaltite_0:7, 安山岩辉钴矿矿石
gregtech:ore_cooperite_0:0, 谢尔顿矿矿石
gregtech:ore_cooperite_0:1, 地狱岩谢尔顿矿矿石
gregtech:ore_cooperite_0:2, 末地石谢尔顿矿矿石
gregtech:ore_cooperite_0:3, 沙子谢尔顿矿矿石
gregtech:ore_cooperite_0:4, 红沙谢尔顿矿矿石
gregtech:ore_cooperite_0:5, 花岗岩谢尔顿矿矿石
gregtech:ore_cooperite_0:6, 闪长岩谢尔顿矿矿石
gregtech:ore_cooperite_0:7, 安山岩谢尔顿矿矿石
gregtech:ore_diamond_0:0, 钻石矿石
gregtech:ore_diamond_0:1, 地狱岩钻石矿石
gregtech:ore_diamond_0:2, 末地石钻石矿石
gregtech:ore_diamond_0:3, 沙子钻石矿石
gregtech:ore_diamond_0:4, 红沙钻石矿石
gregtech:ore_diamond_0:5, 花岗岩钻石矿石
gregtech:ore_diamond_0:6, 闪长岩钻石矿石
gregtech:ore_diamond_0:7, 安山岩钻石矿石
gregtech:ore_emerald_0:0, 绿宝石矿石
gregtech:ore_emerald_0:1, 地狱岩绿宝石矿石
gregtech:ore_emerald_0:2, 末地石绿宝石矿石
gregtech:ore_emerald_0:3, 沙子绿宝石矿石
gregtech:ore_emerald_0:4, 红沙绿宝石矿石
gregtech:ore_emerald_0:5, 花岗岩绿宝石矿石
gregtech:ore_emerald_0:6, 闪长岩绿宝石矿石
gregtech:ore_emerald_0:7, 安山岩绿宝石矿石
gregtech:ore_galena_0:0, 方铅矿矿石
gregtech:ore_galena_0:1, 地狱岩方铅矿矿石
gregtech:ore_galena_0:2, 末地石方铅矿矿石
gregtech:ore_galena_0:3, 沙子方铅矿矿石
gregtech:ore_galena_0:4, 红沙方铅矿矿石
gregtech:ore_galena_0:5, 花岗岩方铅矿矿石
gregtech:ore_galena_0:6, 闪长岩方铅矿矿石
gregtech:ore_galena_0:7, 安山岩方铅矿矿石
gregtech:ore_garnierite_0:0, 硅镁镍矿矿石
gregtech:ore_garnierite_0:1, 地狱岩硅镁镍矿矿石
gregtech:ore_garnierite_0:2, 末地石硅镁镍矿矿石
gregtech:ore_garnierite_0:3, 沙子硅镁镍矿矿石
gregtech:ore_garnierite_0:4, 红沙硅镁镍矿矿石
gregtech:ore_garnierite_0:5, 花岗岩硅镁镍矿矿石
gregtech:ore_garnierite_0:6, 闪长岩硅镁镍矿矿石
gregtech:ore_garnierite_0:7, 安山岩硅镁镍矿矿石
gregtech:ore_green_sapphire_0:0, 绿色蓝宝石矿石
gregtech:ore_green_sapphire_0:1, 地狱岩绿色蓝宝石矿石
gregtech:ore_green_sapphire_0:2, 末地石绿色蓝宝石矿石
gregtech:ore_green_sapphire_0:3, 沙子绿色蓝宝石矿石
gregtech:ore_green_sapphire_0:4, 红沙绿色蓝宝石矿石
gregtech:ore_green_sapphire_0:5, 花岗岩绿色蓝宝石矿石
gregtech:ore_green_sapphire_0:6, 闪长岩绿色蓝宝石矿石
gregtech:ore_green_sapphire_0:7, 安山岩绿色蓝宝石矿石
gregtech:ore_grossular_0:0, 钙铝榴石矿石
gregtech:ore_grossular_0:1, 地狱岩钙铝榴石矿石
gregtech:ore_grossular_0:2, 末地石钙铝榴石矿石
gregtech:ore_grossular_0:3, 沙子钙铝榴石矿石
gregtech:ore_grossular_0:4, 红沙钙铝榴石矿石
gregtech:ore_grossular_0:5, 花岗岩钙铝榴石矿石
gregtech:ore_grossular_0:6, 闪长岩钙铝榴石矿石
gregtech:ore_grossular_0:7, 安山岩钙铝榴石矿石
gregtech:ore_ilmenite_0:0, 钛铁矿矿石
gregtech:ore_ilmenite_0:1, 地狱岩钛铁矿矿石
gregtech:ore_ilmenite_0:2, 末地石钛铁矿矿石
gregtech:ore_ilmenite_0:3, 沙子钛铁矿矿石
gregtech:ore_ilmenite_0:4, 红沙钛铁矿矿石
gregtech:ore_ilmenite_0:5, 花岗岩钛铁矿矿石
gregtech:ore_ilmenite_0:6, 闪长岩钛铁矿矿石
gregtech:ore_ilmenite_0:7, 安山岩钛铁矿矿石
gregtech:ore_bauxite_0:0, 铝土矿矿石
gregtech:ore_bauxite_0:1, 地狱岩铝土矿矿石
gregtech:ore_bauxite_0:2, 末地石铝土矿矿石
gregtech:ore_bauxite_0:3, 沙子铝土矿矿石
gregtech:ore_bauxite_0:4, 红沙铝土矿矿石
gregtech:ore_bauxite_0:5, 花岗岩铝土矿矿石
gregtech:ore_bauxite_0:6, 闪长岩铝土矿矿石
gregtech:ore_bauxite_0:7, 安山岩铝土矿矿石
gregtech:ore_lazurite_0:0, 蓝金石矿石
gregtech:ore_lazurite_0:1, 地狱岩蓝金石矿石
gregtech:ore_lazurite_0:2, 末地石蓝金石矿石
gregtech:ore_lazurite_0:3, 沙子蓝金石矿石
gregtech:ore_lazurite_0:4, 红沙蓝金石矿石
gregtech:ore_lazurite_0:5, 花岗岩蓝金石矿石
gregtech:ore_lazurite_0:6, 闪长岩蓝金石矿石
gregtech:ore_lazurite_0:7, 安山岩蓝金石矿石
gregtech:ore_magnesite_0:0, 菱镁矿矿石
gregtech:ore_magnesite_0:1, 地狱岩菱镁矿矿石
gregtech:ore_magnesite_0:2, 末地石菱镁矿矿石
gregtech:ore_magnesite_0:3, 沙子菱镁矿矿石
gregtech:ore_magnesite_0:4, 红沙菱镁矿矿石
gregtech:ore_magnesite_0:5, 花岗岩菱镁矿矿石
gregtech:ore_magnesite_0:6, 闪长岩菱镁矿矿石
gregtech:ore_magnesite_0:7, 安山岩菱镁矿矿石
gregtech:ore_magnetite_0:0, 磁铁矿矿石
gregtech:ore_magnetite_0:1, 地狱岩磁铁矿矿石
gregtech:ore_magnetite_0:2, 末地石磁铁矿矿石
gregtech:ore_magnetite_0:3, 沙子磁铁矿矿石
gregtech:ore_magnetite_0:4, 红沙磁铁矿矿石
gregtech:ore_magnetite_0:5, 花岗岩磁铁矿矿石
gregtech:ore_magnetite_0:6, 闪长岩磁铁矿矿石
gregtech:ore_magnetite_0:7, 安山岩磁铁矿矿石
gregtech:ore_molybdenite_0:0, 辉钼矿矿石
gregtech:ore_molybdenite_0:1, 地狱岩辉钼矿矿石
gregtech:ore_molybdenite_0:2, 末地石辉钼矿矿石
gregtech:ore_molybdenite_0:3, 沙子辉钼矿矿石
gregtech:ore_molybdenite_0:4, 红沙辉钼矿矿石
gregtech:ore_molybdenite_0:5, 花岗岩辉钼矿矿石
gregtech:ore_molybdenite_0:6, 闪长岩辉钼矿矿石
gregtech:ore_molybdenite_0:7, 安山岩辉钼矿矿石
gregtech:ore_powellite_0:0, 钼钙矿矿石
gregtech:ore_powellite_0:1, 地狱岩钼钙矿矿石
gregtech:ore_powellite_0:2, 末地石钼钙矿矿石
gregtech:ore_powellite_0:3, 沙子钼钙矿矿石
gregtech:ore_powellite_0:4, 红沙钼钙矿矿石
gregtech:ore_powellite_0:5, 花岗岩钼钙矿矿石
gregtech:ore_powellite_0:6, 闪长岩钼钙矿矿石
gregtech:ore_powellite_0:7, 安山岩钼钙矿矿石
gregtech:ore_pyrite_0:0, 黄铁矿矿石
gregtech:ore_pyrite_0:1, 地狱岩黄铁矿矿石
gregtech:ore_pyrite_0:2, 末地石黄铁矿矿石
gregtech:ore_pyrite_0:3, 沙子黄铁矿矿石
gregtech:ore_pyrite_0:4, 红沙黄铁矿矿石
gregtech:ore_pyrite_0:5, 花岗岩黄铁矿矿石
gregtech:ore_pyrite_0:6, 闪长岩黄铁矿矿石
gregtech:ore_pyrite_0:7, 安山岩黄铁矿矿石
gregtech:ore_pyrolusite_0:0, 软锰矿矿石
gregtech:ore_pyrolusite_0:1, 地狱岩软锰矿矿石
gregtech:ore_pyrolusite_0:2, 末地石软锰矿矿石
gregtech:ore_pyrolusite_0:3, 沙子软锰矿矿石
gregtech:ore_pyrolusite_0:4, 红沙软锰矿矿石
gregtech:ore_pyrolusite_0:5, 花岗岩软锰矿矿石
gregtech:ore_pyrolusite_0:6, 闪长岩软锰矿矿石
gregtech:ore_pyrolusite_0:7, 安山岩软锰矿矿石
gregtech:ore_pyrope_0:0, 镁铝榴石矿石
gregtech:ore_pyrope_0:1, 地狱岩镁铝榴石矿石
gregtech:ore_pyrope_0:2, 末地石镁铝榴石矿石
gregtech:ore_pyrope_0:3, 沙子镁铝榴石矿石
gregtech:ore_pyrope_0:4, 红沙镁铝榴石矿石
gregtech:ore_pyrope_0:5, 花岗岩镁铝榴石矿石
gregtech:ore_pyrope_0:6, 闪长岩镁铝榴石矿石
gregtech:ore_pyrope_0:7, 安山岩镁铝榴石矿石
gregtech:ore_rock_salt_0:0, 岩盐矿石
gregtech:ore_rock_salt_0:1, 地狱岩岩盐矿石
gregtech:ore_rock_salt_0:2, 末地石岩盐矿石
gregtech:ore_rock_salt_0:3, 沙子岩盐矿石
gregtech:ore_rock_salt_0:4, 红沙岩盐矿石
gregtech:ore_rock_salt_0:5, 花岗岩岩盐矿石
gregtech:ore_rock_salt_0:6, 闪长岩岩盐矿石
gregtech:ore_rock_salt_0:7, 安山岩岩盐矿石
gregtech:ore_ruby_0:0, 红宝石矿石
gregtech:ore_ruby_0:1, 地狱岩红宝石矿石
gregtech:ore_ruby_0:2, 末地石红宝石矿石
gregtech:ore_ruby_0:3, 沙子红宝石矿石
gregtech:ore_ruby_0:4, 红沙红宝石矿石
gregtech:ore_ruby_0:5, 花岗岩红宝石矿石
gregtech:ore_ruby_0:6, 闪长岩红宝石矿石
gregtech:ore_ruby_0:7, 安山岩红宝石矿石
gregtech:ore_salt_0:0, 盐矿石
gregtech:ore_salt_0:1, 地狱岩盐矿石
gregtech:ore_salt_0:2, 末地石盐矿石
gregtech:ore_salt_0:3, 沙子盐矿石
gregtech:ore_salt_0:4, 红沙盐矿石
gregtech:ore_salt_0:5, 花岗岩盐矿石
gregtech:ore_salt_0:6, 闪长岩盐矿石
gregtech:ore_salt_0:7, 安山岩盐矿石
gregtech:ore_saltpeter_0:0, 硝石矿石
gregtech:ore_saltpeter_0:1, 地狱岩硝石矿石
gregtech:ore_saltpeter_0:2, 末地石硝石矿石
gregtech:ore_saltpeter_0:3, 沙子硝石矿石
gregtech:ore_saltpeter_0:4, 红沙硝石矿石
gregtech:ore_saltpeter_0:5, 花岗岩硝石矿石
gregtech:ore_saltpeter_0:6, 闪长岩硝石矿石
gregtech:ore_saltpeter_0:7, 安山岩硝石矿石
gregtech:ore_sapphire_0:0, 蓝宝石矿石
gregtech:ore_sapphire_0:1, 地狱岩蓝宝石矿石
gregtech:ore_sapphire_0:2, 末地石蓝宝石矿石
gregtech:ore_sapphire_0:3, 沙子蓝宝石矿石
gregtech:ore_sapphire_0:4, 红沙蓝宝石矿石
gregtech:ore_sapphire_0:5, 花岗岩蓝宝石矿石
gregtech:ore_sapphire_0:6, 闪长岩蓝宝石矿石
gregtech:ore_sapphire_0:7, 安山岩蓝宝石矿石
gregtech:ore_scheelite_0:0, 白钨矿矿石
gregtech:ore_scheelite_0:1, 地狱岩白钨矿矿石
gregtech:ore_scheelite_0:2, 末地石白钨矿矿石
gregtech:ore_scheelite_0:3, 沙子白钨矿矿石
gregtech:ore_scheelite_0:4, 红沙白钨矿矿石
gregtech:ore_scheelite_0:5, 花岗岩白钨矿矿石
gregtech:ore_scheelite_0:6, 闪长岩白钨矿矿石
gregtech:ore_scheelite_0:7, 安山岩白钨矿矿石
gregtech:ore_sodalite_0:0, 方钠石矿石
gregtech:ore_sodalite_0:1, 地狱岩方钠石矿石
gregtech:ore_sodalite_0:2, 末地石方钠石矿石
gregtech:ore_sodalite_0:3, 沙子方钠石矿石
gregtech:ore_sodalite_0:4, 红沙方钠石矿石
gregtech:ore_sodalite_0:5, 花岗岩方钠石矿石
gregtech:ore_sodalite_0:6, 闪长岩方钠石矿石
gregtech:ore_sodalite_0:7, 安山岩方钠石矿石
gregtech:ore_tantalite_0:0, 钽铁矿矿石
gregtech:ore_tantalite_0:1, 地狱岩钽铁矿矿石
gregtech:ore_tantalite_0:2, 末地石钽铁矿矿石
gregtech:ore_tantalite_0:3, 沙子钽铁矿矿石
gregtech:ore_tantalite_0:4, 红沙钽铁矿矿石
gregtech:ore_tantalite_0:5, 花岗岩钽铁矿矿石
gregtech:ore_tantalite_0:6, 闪长岩钽铁矿矿石
gregtech:ore_tantalite_0:7, 安山岩钽铁矿矿石
gregtech:ore_spessartine_0:0, 锰铝榴石矿石
gregtech:ore_spessartine_0:1, 地狱岩锰铝榴石矿石
gregtech:ore_spessartine_0:2, 末地石锰铝榴石矿石
gregtech:ore_spessartine_0:3, 沙子锰铝榴石矿石
gregtech:ore_spessartine_0:4, 红沙锰铝榴石矿石
gregtech:ore_spessartine_0:5, 花岗岩锰铝榴石矿石
gregtech:ore_spessartine_0:6, 闪长岩锰铝榴石矿石
gregtech:ore_spessartine_0:7, 安山岩锰铝榴石矿石
gregtech:ore_sphalerite_0:0, 闪锌矿矿石
gregtech:ore_sphalerite_0:1, 地狱岩闪锌矿矿石
gregtech:ore_sphalerite_0:2, 末地石闪锌矿矿石
gregtech:ore_sphalerite_0:3, 沙子闪锌矿矿石
gregtech:ore_sphalerite_0:4, 红沙闪锌矿矿石
gregtech:ore_sphalerite_0:5, 花岗岩闪锌矿矿石
gregtech:ore_sphalerite_0:6, 闪长岩闪锌矿矿石
gregtech:ore_sphalerite_0:7, 安山岩闪锌矿矿石
gregtech:ore_stibnite_0:0, 辉锑矿矿石
gregtech:ore_stibnite_0:1, 地狱岩辉锑矿矿石
gregtech:ore_stibnite_0:2, 末地石辉锑矿矿石
gregtech:ore_stibnite_0:3, 沙子辉锑矿矿石
gregtech:ore_stibnite_0:4, 红沙辉锑矿矿石
gregtech:ore_stibnite_0:5, 花岗岩辉锑矿矿石
gregtech:ore_stibnite_0:6, 闪长岩辉锑矿矿石
gregtech:ore_stibnite_0:7, 安山岩辉锑矿矿石
gregtech:ore_tetrahedrite_0:0, 黝铜矿矿石
gregtech:ore_tetrahedrite_0:1, 地狱岩黝铜矿矿石
gregtech:ore_tetrahedrite_0:2, 末地石黝铜矿矿石
gregtech:ore_tetrahedrite_0:3, 沙子黝铜矿矿石
gregtech:ore_tetrahedrite_0:4, 红沙黝铜矿矿石
gregtech:ore_tetrahedrite_0:5, 花岗岩黝铜矿矿石
gregtech:ore_tetrahedrite_0:6, 闪长岩黝铜矿矿石
gregtech:ore_tetrahedrite_0:7, 安山岩黝铜矿矿石
gregtech:ore_topaz_0:0, 黄玉矿石
gregtech:ore_topaz_0:1, 地狱岩黄玉矿石
gregtech:ore_topaz_0:2, 末地石黄玉矿石
gregtech:ore_topaz_0:3, 沙子黄玉矿石
gregtech:ore_topaz_0:4, 红沙黄玉矿石
gregtech:ore_topaz_0:5, 花岗岩黄玉矿石
gregtech:ore_topaz_0:6, 闪长岩黄玉矿石
gregtech:ore_topaz_0:7, 安山岩黄玉矿石
gregtech:ore_tungstate_0:0, 钨酸锂矿石
gregtech:ore_tungstate_0:1, 地狱岩钨酸锂矿石
gregtech:ore_tungstate_0:2, 末地石钨酸锂矿石
gregtech:ore_tungstate_0:3, 沙子钨酸锂矿石
gregtech:ore_tungstate_0:4, 红沙钨酸锂矿石
gregtech:ore_tungstate_0:5, 花岗岩钨酸锂矿石
gregtech:ore_tungstate_0:6, 闪长岩钨酸锂矿石
gregtech:ore_tungstate_0:7, 安山岩钨酸锂矿石
gregtech:ore_uraninite_0:0, 晶质铀矿矿石
gregtech:ore_uraninite_0:1, 地狱岩晶质铀矿矿石
gregtech:ore_uraninite_0:2, 末地石晶质铀矿矿石
gregtech:ore_uraninite_0:3, 沙子晶质铀矿矿石
gregtech:ore_uraninite_0:4, 红沙晶质铀矿矿石
gregtech:ore_uraninite_0:5, 花岗岩晶质铀矿矿石
gregtech:ore_uraninite_0:6, 闪长岩晶质铀矿矿石
gregtech:ore_uraninite_0:7, 安山岩晶质铀矿矿石
gregtech:ore_wulfenite_0:0, 钼铅矿矿石
gregtech:ore_wulfenite_0:1, 地狱岩钼铅矿矿石
gregtech:ore_wulfenite_0:2, 末地石钼铅矿矿石
gregtech:ore_wulfenite_0:3, 沙子钼铅矿矿石
gregtech:ore_wulfenite_0:4, 红沙钼铅矿矿石
gregtech:ore_wulfenite_0:5, 花岗岩钼铅矿矿石
gregtech:ore_wulfenite_0:6, 闪长岩钼铅矿矿石
gregtech:ore_wulfenite_0:7, 安山岩钼铅矿矿石
gregtech:ore_yellow_limonite_0:0, 黄褐铁矿矿石
gregtech:ore_yellow_limonite_0:1, 地狱岩黄褐铁矿矿石
gregtech:ore_yellow_limonite_0:2, 末地石黄褐铁矿矿石
gregtech:ore_yellow_limonite_0:3, 沙子黄褐铁矿矿石
gregtech:ore_yellow_limonite_0:4, 红沙黄褐铁矿矿石
gregtech:ore_yellow_limonite_0:5, 花岗岩黄褐铁矿矿石
gregtech:ore_yellow_limonite_0:6, 闪长岩黄褐铁矿矿石
gregtech:ore_yellow_limonite_0:7, 安山岩黄褐铁矿矿石
gregtech:ore_nether_quartz_0:0, 下界石英矿石
gregtech:ore_nether_quartz_0:1, 下界石英矿石
gregtech:ore_nether_quartz_0:2, 末地石下界石英矿石
gregtech:ore_nether_quartz_0:3, 沙子下界石英矿石
gregtech:ore_nether_quartz_0:4, 红沙下界石英矿石
gregtech:ore_nether_quartz_0:5, 花岗岩下界石英矿石
gregtech:ore_nether_quartz_0:6, 闪长岩下界石英矿石
gregtech:ore_nether_quartz_0:7, 安山岩下界石英矿石
gregtech:ore_quartzite_0:0, 石英岩矿石
gregtech:ore_quartzite_0:1, 地狱岩石英岩矿石
gregtech:ore_quartzite_0:2, 末地石石英岩矿石
gregtech:ore_quartzite_0:3, 沙子石英岩矿石
gregtech:ore_quartzite_0:4, 红沙石英岩矿石
gregtech:ore_quartzite_0:5, 花岗岩石英岩矿石
gregtech:ore_quartzite_0:6, 闪长岩石英岩矿石
gregtech:ore_quartzite_0:7, 安山岩石英岩矿石
gregtech:ore_graphite_0:0, 石墨矿石
gregtech:ore_graphite_0:1, 地狱岩石墨矿石
gregtech:ore_graphite_0:2, 末地石石墨矿石
gregtech:ore_graphite_0:3, 沙子石墨矿石
gregtech:ore_graphite_0:4, 红沙石墨矿石
gregtech:ore_graphite_0:5, 花岗岩石墨矿石
gregtech:ore_graphite_0:6, 闪长岩石墨矿石
gregtech:ore_graphite_0:7, 安山岩石墨矿石
gregtech:ore_bornite_0:0, 斑铜矿矿石
gregtech:ore_bornite_0:1, 地狱岩斑铜矿矿石
gregtech:ore_bornite_0:2, 末地石斑铜矿矿石
gregtech:ore_bornite_0:3, 沙子斑铜矿矿石
gregtech:ore_bornite_0:4, 红沙斑铜矿矿石
gregtech:ore_bornite_0:5, 花岗岩斑铜矿矿石
gregtech:ore_bornite_0:6, 闪长岩斑铜矿矿石
gregtech:ore_bornite_0:7, 安山岩斑铜矿矿石
gregtech:ore_chalcocite_0:0, 辉铜矿矿石
gregtech:ore_chalcocite_0:1, 地狱岩辉铜矿矿石
gregtech:ore_chalcocite_0:2, 末地石辉铜矿矿石
gregtech:ore_chalcocite_0:3, 沙子辉铜矿矿石
gregtech:ore_chalcocite_0:4, 红沙辉铜矿矿石
gregtech:ore_chalcocite_0:5, 花岗岩辉铜矿矿石
gregtech:ore_chalcocite_0:6, 闪长岩辉铜矿矿石
gregtech:ore_chalcocite_0:7, 安山岩辉铜矿矿石
gregtech:ore_realgar_0:0, 雄黄矿石
gregtech:ore_realgar_0:1, 地狱岩雄黄矿石
gregtech:ore_realgar_0:2, 末地石雄黄矿石
gregtech:ore_realgar_0:3, 沙子雄黄矿石
gregtech:ore_realgar_0:4, 红沙雄黄矿石
gregtech:ore_realgar_0:5, 花岗岩雄黄矿石
gregtech:ore_realgar_0:6, 闪长岩雄黄矿石
gregtech:ore_realgar_0:7, 安山岩雄黄矿石
gregtech:ore_bastnasite_0:0, 氟碳镧铈矿矿石
gregtech:ore_bastnasite_0:1, 地狱岩氟碳镧铈矿矿石
gregtech:ore_bastnasite_0:2, 末地石氟碳镧铈矿矿石
gregtech:ore_bastnasite_0:3, 沙子氟碳镧铈矿矿石
gregtech:ore_bastnasite_0:4, 红沙氟碳镧铈矿矿石
gregtech:ore_bastnasite_0:5, 花岗岩氟碳镧铈矿矿石
gregtech:ore_bastnasite_0:6, 闪长岩氟碳镧铈矿矿石
gregtech:ore_bastnasite_0:7, 安山岩氟碳镧铈矿矿石
gregtech:ore_pentlandite_0:0, 镍黄铁矿矿石
gregtech:ore_pentlandite_0:1, 地狱岩镍黄铁矿矿石
gregtech:ore_pentlandite_0:2, 末地石镍黄铁矿矿石
gregtech:ore_pentlandite_0:3, 沙子镍黄铁矿矿石
gregtech:ore_pentlandite_0:4, 红沙镍黄铁矿矿石
gregtech:ore_pentlandite_0:5, 花岗岩镍黄铁矿矿石
gregtech:ore_pentlandite_0:6, 闪长岩镍黄铁矿矿石
gregtech:ore_pentlandite_0:7, 安山岩镍黄铁矿矿石
gregtech:ore_spodumene_0:0, 锂辉石矿石
gregtech:ore_spodumene_0:1, 地狱岩锂辉石矿石
gregtech:ore_spodumene_0:2, 末地石锂辉石矿石
gregtech:ore_spodumene_0:3, 沙子锂辉石矿石
gregtech:ore_spodumene_0:4, 红沙锂辉石矿石
gregtech:ore_spodumene_0:5, 花岗岩锂辉石矿石
gregtech:ore_spodumene_0:6, 闪长岩锂辉石矿石
gregtech:ore_spodumene_0:7, 安山岩锂辉石矿石
gregtech:ore_lepidolite_0:0, 锂云母矿石
gregtech:ore_lepidolite_0:1, 地狱岩锂云母矿石
gregtech:ore_lepidolite_0:2, 末地石锂云母矿石
gregtech:ore_lepidolite_0:3, 沙子锂云母矿石
gregtech:ore_lepidolite_0:4, 红沙锂云母矿石
gregtech:ore_lepidolite_0:5, 花岗岩锂云母矿石
gregtech:ore_lepidolite_0:6, 闪长岩锂云母矿石
gregtech:ore_lepidolite_0:7, 安山岩锂云母矿石
gregtech:ore_glauconite_sand_0:0, 海绿石矿砂矿石
gregtech:ore_glauconite_sand_0:1, 地狱岩海绿石矿砂矿石
gregtech:ore_glauconite_sand_0:2, 末地石海绿石矿砂矿石
gregtech:ore_glauconite_sand_0:3, 沙子海绿石矿砂矿石
gregtech:ore_glauconite_sand_0:4, 红沙海绿石矿砂矿石
gregtech:ore_glauconite_sand_0:5, 花岗岩海绿石矿砂矿石
gregtech:ore_glauconite_sand_0:6, 闪长岩海绿石矿砂矿石
gregtech:ore_glauconite_sand_0:7, 安山岩海绿石矿砂矿石
gregtech:ore_malachite_0:0, 孔雀石矿石
gregtech:ore_malachite_0:1, 地狱岩孔雀石矿石
gregtech:ore_malachite_0:2, 末地石孔雀石矿石
gregtech:ore_malachite_0:3, 沙子孔雀石矿石
gregtech:ore_malachite_0:4, 红沙孔雀石矿石
gregtech:ore_malachite_0:5, 花岗岩孔雀石矿石
gregtech:ore_malachite_0:6, 闪长岩孔雀石矿石
gregtech:ore_malachite_0:7, 安山岩孔雀石矿石
gregtech:ore_mica_0:0, 云母矿石
gregtech:ore_mica_0:1, 地狱岩云母矿石
gregtech:ore_mica_0:2, 末地石云母矿石
gregtech:ore_mica_0:3, 沙子云母矿石
gregtech:ore_mica_0:4, 红沙云母矿石
gregtech:ore_mica_0:5, 花岗岩云母矿石
gregtech:ore_mica_0:6, 闪长岩云母矿石
gregtech:ore_mica_0:7, 安山岩云母矿石
gregtech:ore_barite_0:0, 重晶石矿石
gregtech:ore_barite_0:1, 地狱岩重晶石矿石
gregtech:ore_barite_0:2, 末地石重晶石矿石
gregtech:ore_barite_0:3, 沙子重晶石矿石
gregtech:ore_barite_0:4, 红沙重晶石矿石
gregtech:ore_barite_0:5, 花岗岩重晶石矿石
gregtech:ore_barite_0:6, 闪长岩重晶石矿石
gregtech:ore_barite_0:7, 安山岩重晶石矿石
gregtech:ore_alunite_0:0, 明矾石矿石
gregtech:ore_alunite_0:1, 地狱岩明矾石矿石
gregtech:ore_alunite_0:2, 末地石明矾石矿石
gregtech:ore_alunite_0:3, 沙子明矾石矿石
gregtech:ore_alunite_0:4, 红沙明矾石矿石
gregtech:ore_alunite_0:5, 花岗岩明矾石矿石
gregtech:ore_alunite_0:6, 闪长岩明矾石矿石
gregtech:ore_alunite_0:7, 安山岩明矾石矿石
gregtech:ore_talc_0:0, 滑石矿石
gregtech:ore_talc_0:1, 地狱岩滑石矿石
gregtech:ore_talc_0:2, 末地石滑石矿石
gregtech:ore_talc_0:3, 沙子滑石矿石
gregtech:ore_talc_0:4, 红沙滑石矿石
gregtech:ore_talc_0:5, 花岗岩滑石矿石
gregtech:ore_talc_0:6, 闪长岩滑石矿石
gregtech:ore_talc_0:7, 安山岩滑石矿石
gregtech:ore_soapstone_0:0, 皂石矿石
gregtech:ore_soapstone_0:1, 地狱岩皂石矿石
gregtech:ore_soapstone_0:2, 末地石皂石矿石
gregtech:ore_soapstone_0:3, 沙子皂石矿石
gregtech:ore_soapstone_0:4, 红沙皂石矿石
gregtech:ore_soapstone_0:5, 花岗岩皂石矿石
gregtech:ore_soapstone_0:6, 闪长岩皂石矿石
gregtech:ore_soapstone_0:7, 安山岩皂石矿石
gregtech:ore_kyanite_0:0, 蓝晶石矿石
gregtech:ore_kyanite_0:1, 地狱岩蓝晶石矿石
gregtech:ore_kyanite_0:2, 末地石蓝晶石矿石
gregtech:ore_kyanite_0:3, 沙子蓝晶石矿石
gregtech:ore_kyanite_0:4, 红沙蓝晶石矿石
gregtech:ore_kyanite_0:5, 花岗岩蓝晶石矿石
gregtech:ore_kyanite_0:6, 闪长岩蓝晶石矿石
gregtech:ore_kyanite_0:7, 安山岩蓝晶石矿石
gregtech:ore_pyrochlore_0:0, 烧绿石矿石
gregtech:ore_pyrochlore_0:1, 地狱岩烧绿石矿石
gregtech:ore_pyrochlore_0:2, 末地石烧绿石矿石
gregtech:ore_pyrochlore_0:3, 沙子烧绿石矿石
gregtech:ore_pyrochlore_0:4, 红沙烧绿石矿石
gregtech:ore_pyrochlore_0:5, 花岗岩烧绿石矿石
gregtech:ore_pyrochlore_0:6, 闪长岩烧绿石矿石
gregtech:ore_pyrochlore_0:7, 安山岩烧绿石矿石
gregtech:ore_oilsands_0:0, 油砂矿石
gregtech:ore_oilsands_0:1, 地狱岩油砂矿石
gregtech:ore_oilsands_0:2, 末地石油砂矿石
gregtech:ore_oilsands_0:3, 沙子油砂矿石
gregtech:ore_oilsands_0:4, 红沙油砂矿石
gregtech:ore_oilsands_0:5, 花岗岩油砂矿石
gregtech:ore_oilsands_0:6, 闪长岩油砂矿石
gregtech:ore_oilsands_0:7, 安山岩油砂矿石
gregtech:ore_glowstone_0:0, 荧石矿石
gregtech:ore_glowstone_0:1, 地狱岩荧石矿石
gregtech:ore_glowstone_0:2, 末地石荧石矿石
gregtech:ore_glowstone_0:3, 沙子荧石矿石
gregtech:ore_glowstone_0:4, 红沙荧石矿石
gregtech:ore_glowstone_0:5, 花岗岩荧石矿石
gregtech:ore_glowstone_0:6, 闪长岩荧石矿石
gregtech:ore_glowstone_0:7, 安山岩荧石矿石
gregtech:ore_olivine_0:0, 橄榄石矿石
gregtech:ore_olivine_0:1, 地狱岩橄榄石矿石
gregtech:ore_olivine_0:2, 末地石橄榄石矿石
gregtech:ore_olivine_0:3, 沙子橄榄石矿石
gregtech:ore_olivine_0:4, 红沙橄榄石矿石
gregtech:ore_olivine_0:5, 花岗岩橄榄石矿石
gregtech:ore_olivine_0:6, 闪长岩橄榄石矿石
gregtech:ore_olivine_0:7, 安山岩橄榄石矿石
gregtech:ore_opal_0:0, 猫眼石矿石
gregtech:ore_opal_0:1, 地狱岩猫眼石矿石
gregtech:ore_opal_0:2, 末地石猫眼石矿石
gregtech:ore_opal_0:3, 沙子猫眼石矿石
gregtech:ore_opal_0:4, 红沙猫眼石矿石
gregtech:ore_opal_0:5, 花岗岩猫眼石矿石
gregtech:ore_opal_0:6, 闪长岩猫眼石矿石
gregtech:ore_opal_0:7, 安山岩猫眼石矿石
gregtech:ore_amethyst_0:0, 紫水晶矿石
gregtech:ore_amethyst_0:1, 地狱岩紫水晶矿石
gregtech:ore_amethyst_0:2, 末地石紫水晶矿石
gregtech:ore_amethyst_0:3, 沙子紫水晶矿石
gregtech:ore_amethyst_0:4, 红沙紫水晶矿石
gregtech:ore_amethyst_0:5, 花岗岩紫水晶矿石
gregtech:ore_amethyst_0:6, 闪长岩紫水晶矿石
gregtech:ore_amethyst_0:7, 安山岩紫水晶矿石
gregtech:ore_lapis_0:0, 青金石矿石
gregtech:ore_lapis_0:1, 地狱岩青金石矿石
gregtech:ore_lapis_0:2, 末地石青金石矿石
gregtech:ore_lapis_0:3, 沙子青金石矿石
gregtech:ore_lapis_0:4, 红沙青金石矿石
gregtech:ore_lapis_0:5, 花岗岩青金石矿石
gregtech:ore_lapis_0:6, 闪长岩青金石矿石
gregtech:ore_lapis_0:7, 安山岩青金石矿石
gregtech:ore_apatite_0:0, 磷灰石矿石
gregtech:ore_apatite_0:1, 地狱岩磷灰石矿石
gregtech:ore_apatite_0:2, 末地石磷灰石矿石
gregtech:ore_apatite_0:3, 沙子磷灰石矿石
gregtech:ore_apatite_0:4, 红沙磷灰石矿石
gregtech:ore_apatite_0:5, 花岗岩磷灰石矿石
gregtech:ore_apatite_0:6, 闪长岩磷灰石矿石
gregtech:ore_apatite_0:7, 安山岩磷灰石矿石
gregtech:ore_tricalcium_phosphate_0:0, 磷酸三钙矿石
gregtech:ore_tricalcium_phosphate_0:1, 地狱岩磷酸三钙矿石
gregtech:ore_tricalcium_phosphate_0:2, 末地石磷酸三钙矿石
gregtech:ore_tricalcium_phosphate_0:3, 沙子磷酸三钙矿石
gregtech:ore_tricalcium_phosphate_0:4, 红沙磷酸三钙矿石
gregtech:ore_tricalcium_phosphate_0:5, 花岗岩磷酸三钙矿石
gregtech:ore_tricalcium_phosphate_0:6, 闪长岩磷酸三钙矿石
gregtech:ore_tricalcium_phosphate_0:7, 安山岩磷酸三钙矿石
gregtech:ore_garnet_red_0:0, 红石榴石矿石
gregtech:ore_garnet_red_0:1, 地狱岩红石榴石矿石
gregtech:ore_garnet_red_0:2, 末地石红石榴石矿石
gregtech:ore_garnet_red_0:3, 沙子红石榴石矿石
gregtech:ore_garnet_red_0:4, 红沙红石榴石矿石
gregtech:ore_garnet_red_0:5, 花岗岩红石榴石矿石
gregtech:ore_garnet_red_0:6, 闪长岩红石榴石矿石
gregtech:ore_garnet_red_0:7, 安山岩红石榴石矿石
gregtech:ore_garnet_yellow_0:0, 黄石榴石矿石
gregtech:ore_garnet_yellow_0:1, 地狱岩黄石榴石矿石
gregtech:ore_garnet_yellow_0:2, 末地石黄石榴石矿石
gregtech:ore_garnet_yellow_0:3, 沙子黄石榴石矿石
gregtech:ore_garnet_yellow_0:4, 红沙黄石榴石矿石
gregtech:ore_garnet_yellow_0:5, 花岗岩黄石榴石矿石
gregtech:ore_garnet_yellow_0:6, 闪长岩黄石榴石矿石
gregtech:ore_garnet_yellow_0:7, 安山岩黄石榴石矿石
gregtech:ore_vanadium_magnetite_0:0, 钒磁铁矿矿石
gregtech:ore_vanadium_magnetite_0:1, 地狱岩钒磁铁矿矿石
gregtech:ore_vanadium_magnetite_0:2, 末地石钒磁铁矿矿石
gregtech:ore_vanadium_magnetite_0:3, 沙子钒磁铁矿矿石
gregtech:ore_vanadium_magnetite_0:4, 红沙钒磁铁矿矿石
gregtech:ore_vanadium_magnetite_0:5, 花岗岩钒磁铁矿矿石
gregtech:ore_vanadium_magnetite_0:6, 闪长岩钒磁铁矿矿石
gregtech:ore_vanadium_magnetite_0:7, 安山岩钒磁铁矿矿石
gregtech:ore_pollucite_0:0, 铯榴石矿石
gregtech:ore_pollucite_0:1, 地狱岩铯榴石矿石
gregtech:ore_pollucite_0:2, 末地石铯榴石矿石
gregtech:ore_pollucite_0:3, 沙子铯榴石矿石
gregtech:ore_pollucite_0:4, 红沙铯榴石矿石
gregtech:ore_pollucite_0:5, 花岗岩铯榴石矿石
gregtech:ore_pollucite_0:6, 闪长岩铯榴石矿石
gregtech:ore_pollucite_0:7, 安山岩铯榴石矿石
gregtech:ore_bentonite_0:0, 膨润土矿石
gregtech:ore_bentonite_0:1, 地狱岩膨润土矿石
gregtech:ore_bentonite_0:2, 末地石膨润土矿石
gregtech:ore_bentonite_0:3, 沙子膨润土矿石
gregtech:ore_bentonite_0:4, 红沙膨润土矿石
gregtech:ore_bentonite_0:5, 花岗岩膨润土矿石
gregtech:ore_bentonite_0:6, 闪长岩膨润土矿石
gregtech:ore_bentonite_0:7, 安山岩膨润土矿石
gregtech:ore_fullers_earth_0:0, 漂白土矿石
gregtech:ore_fullers_earth_0:1, 地狱岩漂白土矿石
gregtech:ore_fullers_earth_0:2, 末地石漂白土矿石
gregtech:ore_fullers_earth_0:3, 沙子漂白土矿石
gregtech:ore_fullers_earth_0:4, 红沙漂白土矿石
gregtech:ore_fullers_earth_0:5, 花岗岩漂白土矿石
gregtech:ore_fullers_earth_0:6, 闪长岩漂白土矿石
gregtech:ore_fullers_earth_0:7, 安山岩漂白土矿石
gregtech:ore_pitchblende_0:0, 沥青铀矿矿石
gregtech:ore_pitchblende_0:1, 地狱岩沥青铀矿矿石
gregtech:ore_pitchblende_0:2, 末地石沥青铀矿矿石
gregtech:ore_pitchblende_0:3, 沙子沥青铀矿矿石
gregtech:ore_pitchblende_0:4, 红沙沥青铀矿矿石
gregtech:ore_pitchblende_0:5, 花岗岩沥青铀矿矿石
gregtech:ore_pitchblende_0:6, 闪长岩沥青铀矿矿石
gregtech:ore_pitchblende_0:7, 安山岩沥青铀矿矿石
gregtech:ore_monazite_0:0, 独居石矿石
gregtech:ore_monazite_0:1, 地狱岩独居石矿石
gregtech:ore_monazite_0:2, 末地石独居石矿石
gregtech:ore_monazite_0:3, 沙子独居石矿石
gregtech:ore_monazite_0:4, 红沙独居石矿石
gregtech:ore_monazite_0:5, 花岗岩独居石矿石
gregtech:ore_monazite_0:6, 闪长岩独居石矿石
gregtech:ore_monazite_0:7, 安山岩独居石矿石
gregtech:ore_trona_0:0, 天然碱矿石
gregtech:ore_trona_0:1, 地狱岩天然碱矿石
gregtech:ore_trona_0:2, 末地石天然碱矿石
gregtech:ore_trona_0:3, 沙子天然碱矿石
gregtech:ore_trona_0:4, 红沙天然碱矿石
gregtech:ore_trona_0:5, 花岗岩天然碱矿石
gregtech:ore_trona_0:6, 闪长岩天然碱矿石
gregtech:ore_trona_0:7, 安山岩天然碱矿石
gregtech:ore_gypsum_0:0, 石膏矿石
gregtech:ore_gypsum_0:1, 地狱岩石膏矿石
gregtech:ore_gypsum_0:2, 末地石石膏矿石
gregtech:ore_gypsum_0:3, 沙子石膏矿石
gregtech:ore_gypsum_0:4, 红沙石膏矿石
gregtech:ore_gypsum_0:5, 花岗岩石膏矿石
gregtech:ore_gypsum_0:6, 闪长岩石膏矿石
gregtech:ore_gypsum_0:7, 安山岩石膏矿石
gregtech:ore_zeolite_0:0, 沸石矿石
gregtech:ore_zeolite_0:1, 地狱岩沸石矿石
gregtech:ore_zeolite_0:2, 末地石沸石矿石
gregtech:ore_zeolite_0:3, 沙子沸石矿石
gregtech:ore_zeolite_0:4, 红沙沸石矿石
gregtech:ore_zeolite_0:5, 花岗岩沸石矿石
gregtech:ore_zeolite_0:6, 闪长岩沸石矿石
gregtech:ore_zeolite_0:7, 安山岩沸石矿石
gregtech:ore_redstone_0:0, 红石矿石
gregtech:ore_redstone_0:1, 地狱岩红石矿石
gregtech:ore_redstone_0:2, 末地石红石矿石
gregtech:ore_redstone_0:3, 沙子红石矿石
gregtech:ore_redstone_0:4, 红沙红石矿石
gregtech:ore_redstone_0:5, 花岗岩红石矿石
gregtech:ore_redstone_0:6, 闪长岩红石矿石
gregtech:ore_redstone_0:7, 安山岩红石矿石
gregtech:ore_electrotine_0:0, 蓝石矿石
gregtech:ore_electrotine_0:1, 地狱岩蓝石矿石
gregtech:ore_electrotine_0:2, 末地石蓝石矿石
gregtech:ore_electrotine_0:3, 沙子蓝石矿石
gregtech:ore_electrotine_0:4, 红沙蓝石矿石
gregtech:ore_electrotine_0:5, 花岗岩蓝石矿石
gregtech:ore_electrotine_0:6, 闪长岩蓝石矿石
gregtech:ore_electrotine_0:7, 安山岩蓝石矿石
gregtech:ore_diatomite_0:0, 硅藻土矿石
gregtech:ore_diatomite_0:1, 地狱岩硅藻土矿石
gregtech:ore_diatomite_0:2, 末地石硅藻土矿石
gregtech:ore_diatomite_0:3, 沙子硅藻土矿石
gregtech:ore_diatomite_0:4, 红沙硅藻土矿石
gregtech:ore_diatomite_0:5, 花岗岩硅藻土矿石
gregtech:ore_diatomite_0:6, 闪长岩硅藻土矿石
gregtech:ore_diatomite_0:7, 安山岩硅藻土矿石
gregtech:ore_granitic_mineral_sand_0:0, 花岗岩矿砂矿石
gregtech:ore_granitic_mineral_sand_0:1, 地狱岩花岗岩矿砂矿石
gregtech:ore_granitic_mineral_sand_0:2, 末地石花岗岩矿砂矿石
gregtech:ore_granitic_mineral_sand_0:3, 沙子花岗岩矿砂矿石
gregtech:ore_granitic_mineral_sand_0:4, 红沙花岗岩矿砂矿石
gregtech:ore_granitic_mineral_sand_0:5, 花岗岩花岗岩矿砂矿石
gregtech:ore_granitic_mineral_sand_0:6, 闪长岩花岗岩矿砂矿石
gregtech:ore_granitic_mineral_sand_0:7, 安山岩花岗岩矿砂矿石
gregtech:ore_garnet_sand_0:0, 石榴石砂矿石
gregtech:ore_garnet_sand_0:1, 地狱岩石榴石砂矿石
gregtech:ore_garnet_sand_0:2, 末地石石榴石砂矿石
gregtech:ore_garnet_sand_0:3, 沙子石榴石砂矿石
gregtech:ore_garnet_sand_0:4, 红沙石榴石砂矿石
gregtech:ore_garnet_sand_0:5, 花岗岩石榴石砂矿石
gregtech:ore_garnet_sand_0:6, 闪长岩石榴石砂矿石
gregtech:ore_garnet_sand_0:7, 安山岩石榴石砂矿石
gregtech:ore_basaltic_mineral_sand_0:0, 玄武岩矿砂矿石
gregtech:ore_basaltic_mineral_sand_0:1, 地狱岩玄武岩矿砂矿石
gregtech:ore_basaltic_mineral_sand_0:2, 末地石玄武岩矿砂矿石
gregtech:ore_basaltic_mineral_sand_0:3, 沙子玄武岩矿砂矿石
gregtech:ore_basaltic_mineral_sand_0:4, 红沙玄武岩矿砂矿石
gregtech:ore_basaltic_mineral_sand_0:5, 花岗岩玄武岩矿砂矿石
gregtech:ore_basaltic_mineral_sand_0:6, 闪长岩玄武岩矿砂矿石
gregtech:ore_basaltic_mineral_sand_0:7, 安山岩玄武岩矿砂矿石
gregtech:ore_lean_actinium_0:0, 贫瘠锕矿石
gregtech:ore_lean_actinium_0:1, 贫瘠地狱岩锕矿石
gregtech:ore_lean_actinium_0:2, 贫瘠末地石锕矿石
gregtech:ore_lean_actinium_0:3, 贫瘠沙子锕矿石
gregtech:ore_lean_actinium_0:4, 贫瘠红沙锕矿石
gregtech:ore_lean_actinium_0:5, 贫瘠花岗岩锕矿石
gregtech:ore_lean_actinium_0:6, 贫瘠闪长岩锕矿石
gregtech:ore_lean_actinium_0:7, 贫瘠安山岩锕矿石
gregtech:ore_lean_aluminium_0:0, 贫瘠铝矿石
gregtech:ore_lean_aluminium_0:1, 贫瘠地狱岩铝矿石
gregtech:ore_lean_aluminium_0:2, 贫瘠末地石铝矿石
gregtech:ore_lean_aluminium_0:3, 贫瘠沙子铝矿石
gregtech:ore_lean_aluminium_0:4, 贫瘠红沙铝矿石
gregtech:ore_lean_aluminium_0:5, 贫瘠花岗岩铝矿石
gregtech:ore_lean_aluminium_0:6, 贫瘠闪长岩铝矿石
gregtech:ore_lean_aluminium_0:7, 贫瘠安山岩铝矿石
gregtech:ore_lean_americium_0:0, 贫瘠镅矿石
gregtech:ore_lean_americium_0:1, 贫瘠地狱岩镅矿石
gregtech:ore_lean_americium_0:2, 贫瘠末地石镅矿石
gregtech:ore_lean_americium_0:3, 贫瘠沙子镅矿石
gregtech:ore_lean_americium_0:4, 贫瘠红沙镅矿石
gregtech:ore_lean_americium_0:5, 贫瘠花岗岩镅矿石
gregtech:ore_lean_americium_0:6, 贫瘠闪长岩镅矿石
gregtech:ore_lean_americium_0:7, 贫瘠安山岩镅矿石
gregtech:ore_lean_antimony_0:0, 贫瘠锑矿石
gregtech:ore_lean_antimony_0:1, 贫瘠地狱岩锑矿石
gregtech:ore_lean_antimony_0:2, 贫瘠末地石锑矿石
gregtech:ore_lean_antimony_0:3, 贫瘠沙子锑矿石
gregtech:ore_lean_antimony_0:4, 贫瘠红沙锑矿石
gregtech:ore_lean_antimony_0:5, 贫瘠花岗岩锑矿石
gregtech:ore_lean_antimony_0:6, 贫瘠闪长岩锑矿石
gregtech:ore_lean_antimony_0:7, 贫瘠安山岩锑矿石
gregtech:ore_lean_arsenic_0:0, 贫瘠砷矿石
gregtech:ore_lean_arsenic_0:1, 贫瘠地狱岩砷矿石
gregtech:ore_lean_arsenic_0:2, 贫瘠末地石砷矿石
gregtech:ore_lean_arsenic_0:3, 贫瘠沙子砷矿石
gregtech:ore_lean_arsenic_0:4, 贫瘠红沙砷矿石
gregtech:ore_lean_arsenic_0:5, 贫瘠花岗岩砷矿石
gregtech:ore_lean_arsenic_0:6, 贫瘠闪长岩砷矿石
gregtech:ore_lean_arsenic_0:7, 贫瘠安山岩砷矿石
gregtech:ore_lean_astatine_0:0, 贫瘠砹矿石
gregtech:ore_lean_astatine_0:1, 贫瘠地狱岩砹矿石
gregtech:ore_lean_astatine_0:2, 贫瘠末地石砹矿石
gregtech:ore_lean_astatine_0:3, 贫瘠沙子砹矿石
gregtech:ore_lean_astatine_0:4, 贫瘠红沙砹矿石
gregtech:ore_lean_astatine_0:5, 贫瘠花岗岩砹矿石
gregtech:ore_lean_astatine_0:6, 贫瘠闪长岩砹矿石
gregtech:ore_lean_astatine_0:7, 贫瘠安山岩砹矿石
gregtech:ore_lean_barium_0:0, 贫瘠钡矿石
gregtech:ore_lean_barium_0:1, 贫瘠地狱岩钡矿石
gregtech:ore_lean_barium_0:2, 贫瘠末地石钡矿石
gregtech:ore_lean_barium_0:3, 贫瘠沙子钡矿石
gregtech:ore_lean_barium_0:4, 贫瘠红沙钡矿石
gregtech:ore_lean_barium_0:5, 贫瘠花岗岩钡矿石
gregtech:ore_lean_barium_0:6, 贫瘠闪长岩钡矿石
gregtech:ore_lean_barium_0:7, 贫瘠安山岩钡矿石
gregtech:ore_lean_berkelium_0:0, 贫瘠锫矿石
gregtech:ore_lean_berkelium_0:1, 贫瘠地狱岩锫矿石
gregtech:ore_lean_berkelium_0:2, 贫瘠末地石锫矿石
gregtech:ore_lean_berkelium_0:3, 贫瘠沙子锫矿石
gregtech:ore_lean_berkelium_0:4, 贫瘠红沙锫矿石
gregtech:ore_lean_berkelium_0:5, 贫瘠花岗岩锫矿石
gregtech:ore_lean_berkelium_0:6, 贫瘠闪长岩锫矿石
gregtech:ore_lean_berkelium_0:7, 贫瘠安山岩锫矿石
gregtech:ore_lean_beryllium_0:0, 贫瘠铍矿石
gregtech:ore_lean_beryllium_0:1, 贫瘠地狱岩铍矿石
gregtech:ore_lean_beryllium_0:2, 贫瘠末地石铍矿石
gregtech:ore_lean_beryllium_0:3, 贫瘠沙子铍矿石
gregtech:ore_lean_beryllium_0:4, 贫瘠红沙铍矿石
gregtech:ore_lean_beryllium_0:5, 贫瘠花岗岩铍矿石
gregtech:ore_lean_beryllium_0:6, 贫瘠闪长岩铍矿石
gregtech:ore_lean_beryllium_0:7, 贫瘠安山岩铍矿石
gregtech:ore_lean_bismuth_0:0, 贫瘠铋矿石
gregtech:ore_lean_bismuth_0:1, 贫瘠地狱岩铋矿石
gregtech:ore_lean_bismuth_0:2, 贫瘠末地石铋矿石
gregtech:ore_lean_bismuth_0:3, 贫瘠沙子铋矿石
gregtech:ore_lean_bismuth_0:4, 贫瘠红沙铋矿石
gregtech:ore_lean_bismuth_0:5, 贫瘠花岗岩铋矿石
gregtech:ore_lean_bismuth_0:6, 贫瘠闪长岩铋矿石
gregtech:ore_lean_bismuth_0:7, 贫瘠安山岩铋矿石
gregtech:ore_lean_bohrium_0:0, 贫瘠钅波矿石
gregtech:ore_lean_bohrium_0:1, 贫瘠地狱岩钅波矿石
gregtech:ore_lean_bohrium_0:2, 贫瘠末地石钅波矿石
gregtech:ore_lean_bohrium_0:3, 贫瘠沙子钅波矿石
gregtech:ore_lean_bohrium_0:4, 贫瘠红沙钅波矿石
gregtech:ore_lean_bohrium_0:5, 贫瘠花岗岩钅波矿石
gregtech:ore_lean_bohrium_0:6, 贫瘠闪长岩钅波矿石
gregtech:ore_lean_bohrium_0:7, 贫瘠安山岩钅波矿石
gregtech:ore_lean_boron_0:0, 贫瘠硼矿石
gregtech:ore_lean_boron_0:1, 贫瘠地狱岩硼矿石
gregtech:ore_lean_boron_0:2, 贫瘠末地石硼矿石
gregtech:ore_lean_boron_0:3, 贫瘠沙子硼矿石
gregtech:ore_lean_boron_0:4, 贫瘠红沙硼矿石
gregtech:ore_lean_boron_0:5, 贫瘠花岗岩硼矿石
gregtech:ore_lean_boron_0:6, 贫瘠闪长岩硼矿石
gregtech:ore_lean_boron_0:7, 贫瘠安山岩硼矿石
gregtech:ore_lean_bromine_0:0, 贫瘠溴矿石
gregtech:ore_lean_bromine_0:1, 贫瘠地狱岩溴矿石
gregtech:ore_lean_bromine_0:2, 贫瘠末地石溴矿石
gregtech:ore_lean_bromine_0:3, 贫瘠沙子溴矿石
gregtech:ore_lean_bromine_0:4, 贫瘠红沙溴矿石
gregtech:ore_lean_bromine_0:5, 贫瘠花岗岩溴矿石
gregtech:ore_lean_bromine_0:6, 贫瘠闪长岩溴矿石
gregtech:ore_lean_bromine_0:7, 贫瘠安山岩溴矿石
gregtech:ore_lean_caesium_0:0, 贫瘠铯矿石
gregtech:ore_lean_caesium_0:1, 贫瘠地狱岩铯矿石
gregtech:ore_lean_caesium_0:2, 贫瘠末地石铯矿石
gregtech:ore_lean_caesium_0:3, 贫瘠沙子铯矿石
gregtech:ore_lean_caesium_0:4, 贫瘠红沙铯矿石
gregtech:ore_lean_caesium_0:5, 贫瘠花岗岩铯矿石
gregtech:ore_lean_caesium_0:6, 贫瘠闪长岩铯矿石
gregtech:ore_lean_caesium_0:7, 贫瘠安山岩铯矿石
gregtech:ore_lean_calcium_0:0, 贫瘠钙矿石
gregtech:ore_lean_calcium_0:1, 贫瘠地狱岩钙矿石
gregtech:ore_lean_calcium_0:2, 贫瘠末地石钙矿石
gregtech:ore_lean_calcium_0:3, 贫瘠沙子钙矿石
gregtech:ore_lean_calcium_0:4, 贫瘠红沙钙矿石
gregtech:ore_lean_calcium_0:5, 贫瘠花岗岩钙矿石
gregtech:ore_lean_calcium_0:6, 贫瘠闪长岩钙矿石
gregtech:ore_lean_calcium_0:7, 贫瘠安山岩钙矿石
gregtech:ore_lean_californium_0:0, 贫瘠锎矿石
gregtech:ore_lean_californium_0:1, 贫瘠地狱岩锎矿石
gregtech:ore_lean_californium_0:2, 贫瘠末地石锎矿石
gregtech:ore_lean_californium_0:3, 贫瘠沙子锎矿石
gregtech:ore_lean_californium_0:4, 贫瘠红沙锎矿石
gregtech:ore_lean_californium_0:5, 贫瘠花岗岩锎矿石
gregtech:ore_lean_californium_0:6, 贫瘠闪长岩锎矿石
gregtech:ore_lean_californium_0:7, 贫瘠安山岩锎矿石
gregtech:ore_lean_carbon_0:0, 贫瘠碳矿石
gregtech:ore_lean_carbon_0:1, 贫瘠地狱岩碳矿石
gregtech:ore_lean_carbon_0:2, 贫瘠末地石碳矿石
gregtech:ore_lean_carbon_0:3, 贫瘠沙子碳矿石
gregtech:ore_lean_carbon_0:4, 贫瘠红沙碳矿石
gregtech:ore_lean_carbon_0:5, 贫瘠花岗岩碳矿石
gregtech:ore_lean_carbon_0:6, 贫瘠闪长岩碳矿石
gregtech:ore_lean_carbon_0:7, 贫瘠安山岩碳矿石
gregtech:ore_lean_cadmium_0:0, 贫瘠镉矿石
gregtech:ore_lean_cadmium_0:1, 贫瘠地狱岩镉矿石
gregtech:ore_lean_cadmium_0:2, 贫瘠末地石镉矿石
gregtech:ore_lean_cadmium_0:3, 贫瘠沙子镉矿石
gregtech:ore_lean_cadmium_0:4, 贫瘠红沙镉矿石
gregtech:ore_lean_cadmium_0:5, 贫瘠花岗岩镉矿石
gregtech:ore_lean_cadmium_0:6, 贫瘠闪长岩镉矿石
gregtech:ore_lean_cadmium_0:7, 贫瘠安山岩镉矿石
gregtech:ore_lean_cerium_0:0, 贫瘠铈矿石
gregtech:ore_lean_cerium_0:1, 贫瘠地狱岩铈矿石
gregtech:ore_lean_cerium_0:2, 贫瘠末地石铈矿石
gregtech:ore_lean_cerium_0:3, 贫瘠沙子铈矿石
gregtech:ore_lean_cerium_0:4, 贫瘠红沙铈矿石
gregtech:ore_lean_cerium_0:5, 贫瘠花岗岩铈矿石
gregtech:ore_lean_cerium_0:6, 贫瘠闪长岩铈矿石
gregtech:ore_lean_cerium_0:7, 贫瘠安山岩铈矿石
gregtech:ore_lean_chrome_0:0, 贫瘠铬矿石
gregtech:ore_lean_chrome_0:1, 贫瘠地狱岩铬矿石
gregtech:ore_lean_chrome_0:2, 贫瘠末地石铬矿石
gregtech:ore_lean_chrome_0:3, 贫瘠沙子铬矿石
gregtech:ore_lean_chrome_0:4, 贫瘠红沙铬矿石
gregtech:ore_lean_chrome_0:5, 贫瘠花岗岩铬矿石
gregtech:ore_lean_chrome_0:6, 贫瘠闪长岩铬矿石
gregtech:ore_lean_chrome_0:7, 贫瘠安山岩铬矿石
gregtech:ore_lean_cobalt_0:0, 贫瘠钴矿石
gregtech:ore_lean_cobalt_0:1, 贫瘠地狱岩钴矿石
gregtech:ore_lean_cobalt_0:2, 贫瘠末地石钴矿石
gregtech:ore_lean_cobalt_0:3, 贫瘠沙子钴矿石
gregtech:ore_lean_cobalt_0:4, 贫瘠红沙钴矿石
gregtech:ore_lean_cobalt_0:5, 贫瘠花岗岩钴矿石
gregtech:ore_lean_cobalt_0:6, 贫瘠闪长岩钴矿石
gregtech:ore_lean_cobalt_0:7, 贫瘠安山岩钴矿石
gregtech:ore_lean_copernicium_0:0, 贫瘠钅哥矿石
gregtech:ore_lean_copernicium_0:1, 贫瘠地狱岩钅哥矿石
gregtech:ore_lean_copernicium_0:2, 贫瘠末地石钅哥矿石
gregtech:ore_lean_copernicium_0:3, 贫瘠沙子钅哥矿石
gregtech:ore_lean_copernicium_0:4, 贫瘠红沙钅哥矿石
gregtech:ore_lean_copernicium_0:5, 贫瘠花岗岩钅哥矿石
gregtech:ore_lean_copernicium_0:6, 贫瘠闪长岩钅哥矿石
gregtech:ore_lean_copernicium_0:7, 贫瘠安山岩钅哥矿石
gregtech:ore_lean_copper_0:0, 贫瘠铜矿石
gregtech:ore_lean_copper_0:1, 贫瘠地狱岩铜矿石
gregtech:ore_lean_copper_0:2, 贫瘠末地石铜矿石
gregtech:ore_lean_copper_0:3, 贫瘠沙子铜矿石
gregtech:ore_lean_copper_0:4, 贫瘠红沙铜矿石
gregtech:ore_lean_copper_0:5, 贫瘠花岗岩铜矿石
gregtech:ore_lean_copper_0:6, 贫瘠闪长岩铜矿石
gregtech:ore_lean_copper_0:7, 贫瘠安山岩铜矿石
gregtech:ore_lean_curium_0:0, 贫瘠锔矿石
gregtech:ore_lean_curium_0:1, 贫瘠地狱岩锔矿石
gregtech:ore_lean_curium_0:2, 贫瘠末地石锔矿石
gregtech:ore_lean_curium_0:3, 贫瘠沙子锔矿石
gregtech:ore_lean_curium_0:4, 贫瘠红沙锔矿石
gregtech:ore_lean_curium_0:5, 贫瘠花岗岩锔矿石
gregtech:ore_lean_curium_0:6, 贫瘠闪长岩锔矿石
gregtech:ore_lean_curium_0:7, 贫瘠安山岩锔矿石
gregtech:ore_lean_darmstadtium_0:0, 贫瘠钅达矿石
gregtech:ore_lean_darmstadtium_0:1, 贫瘠地狱岩钅达矿石
gregtech:ore_lean_darmstadtium_0:2, 贫瘠末地石钅达矿石
gregtech:ore_lean_darmstadtium_0:3, 贫瘠沙子钅达矿石
gregtech:ore_lean_darmstadtium_0:4, 贫瘠红沙钅达矿石
gregtech:ore_lean_darmstadtium_0:5, 贫瘠花岗岩钅达矿石
gregtech:ore_lean_darmstadtium_0:6, 贫瘠闪长岩钅达矿石
gregtech:ore_lean_darmstadtium_0:7, 贫瘠安山岩钅达矿石
gregtech:ore_lean_dubnium_0:0, 贫瘠钅杜矿石
gregtech:ore_lean_dubnium_0:1, 贫瘠地狱岩钅杜矿石
gregtech:ore_lean_dubnium_0:2, 贫瘠末地石钅杜矿石
gregtech:ore_lean_dubnium_0:3, 贫瘠沙子钅杜矿石
gregtech:ore_lean_dubnium_0:4, 贫瘠红沙钅杜矿石
gregtech:ore_lean_dubnium_0:5, 贫瘠花岗岩钅杜矿石
gregtech:ore_lean_dubnium_0:6, 贫瘠闪长岩钅杜矿石
gregtech:ore_lean_dubnium_0:7, 贫瘠安山岩钅杜矿石
gregtech:ore_lean_dysprosium_0:0, 贫瘠镝矿石
gregtech:ore_lean_dysprosium_0:1, 贫瘠地狱岩镝矿石
gregtech:ore_lean_dysprosium_0:2, 贫瘠末地石镝矿石
gregtech:ore_lean_dysprosium_0:3, 贫瘠沙子镝矿石
gregtech:ore_lean_dysprosium_0:4, 贫瘠红沙镝矿石
gregtech:ore_lean_dysprosium_0:5, 贫瘠花岗岩镝矿石
gregtech:ore_lean_dysprosium_0:6, 贫瘠闪长岩镝矿石
gregtech:ore_lean_dysprosium_0:7, 贫瘠安山岩镝矿石
gregtech:ore_lean_einsteinium_0:0, 贫瘠锿矿石
gregtech:ore_lean_einsteinium_0:1, 贫瘠地狱岩锿矿石
gregtech:ore_lean_einsteinium_0:2, 贫瘠末地石锿矿石
gregtech:ore_lean_einsteinium_0:3, 贫瘠沙子锿矿石
gregtech:ore_lean_einsteinium_0:4, 贫瘠红沙锿矿石
gregtech:ore_lean_einsteinium_0:5, 贫瘠花岗岩锿矿石
gregtech:ore_lean_einsteinium_0:6, 贫瘠闪长岩锿矿石
gregtech:ore_lean_einsteinium_0:7, 贫瘠安山岩锿矿石
gregtech:ore_lean_erbium_0:0, 贫瘠铒矿石
gregtech:ore_lean_erbium_0:1, 贫瘠地狱岩铒矿石
gregtech:ore_lean_erbium_0:2, 贫瘠末地石铒矿石
gregtech:ore_lean_erbium_0:3, 贫瘠沙子铒矿石
gregtech:ore_lean_erbium_0:4, 贫瘠红沙铒矿石
gregtech:ore_lean_erbium_0:5, 贫瘠花岗岩铒矿石
gregtech:ore_lean_erbium_0:6, 贫瘠闪长岩铒矿石
gregtech:ore_lean_erbium_0:7, 贫瘠安山岩铒矿石
gregtech:ore_lean_europium_0:0, 贫瘠铕矿石
gregtech:ore_lean_europium_0:1, 贫瘠地狱岩铕矿石
gregtech:ore_lean_europium_0:2, 贫瘠末地石铕矿石
gregtech:ore_lean_europium_0:3, 贫瘠沙子铕矿石
gregtech:ore_lean_europium_0:4, 贫瘠红沙铕矿石
gregtech:ore_lean_europium_0:5, 贫瘠花岗岩铕矿石
gregtech:ore_lean_europium_0:6, 贫瘠闪长岩铕矿石
gregtech:ore_lean_europium_0:7, 贫瘠安山岩铕矿石
gregtech:ore_lean_fermium_0:0, 贫瘠镄矿石
gregtech:ore_lean_fermium_0:1, 贫瘠地狱岩镄矿石
gregtech:ore_lean_fermium_0:2, 贫瘠末地石镄矿石
gregtech:ore_lean_fermium_0:3, 贫瘠沙子镄矿石
gregtech:ore_lean_fermium_0:4, 贫瘠红沙镄矿石
gregtech:ore_lean_fermium_0:5, 贫瘠花岗岩镄矿石
gregtech:ore_lean_fermium_0:6, 贫瘠闪长岩镄矿石
gregtech:ore_lean_fermium_0:7, 贫瘠安山岩镄矿石
gregtech:ore_lean_flerovium_0:0, 贫瘠钅夫矿石
gregtech:ore_lean_flerovium_0:1, 贫瘠地狱岩钅夫矿石
gregtech:ore_lean_flerovium_0:2, 贫瘠末地石钅夫矿石
gregtech:ore_lean_flerovium_0:3, 贫瘠沙子钅夫矿石
gregtech:ore_lean_flerovium_0:4, 贫瘠红沙钅夫矿石
gregtech:ore_lean_flerovium_0:5, 贫瘠花岗岩钅夫矿石
gregtech:ore_lean_flerovium_0:6, 贫瘠闪长岩钅夫矿石
gregtech:ore_lean_flerovium_0:7, 贫瘠安山岩钅夫矿石
gregtech:ore_lean_francium_0:0, 贫瘠钫矿石
gregtech:ore_lean_francium_0:1, 贫瘠地狱岩钫矿石
gregtech:ore_lean_francium_0:2, 贫瘠末地石钫矿石
gregtech:ore_lean_francium_0:3, 贫瘠沙子钫矿石
gregtech:ore_lean_francium_0:4, 贫瘠红沙钫矿石
gregtech:ore_lean_francium_0:5, 贫瘠花岗岩钫矿石
gregtech:ore_lean_francium_0:6, 贫瘠闪长岩钫矿石
gregtech:ore_lean_francium_0:7, 贫瘠安山岩钫矿石
gregtech:ore_lean_gadolinium_0:0, 贫瘠钆矿石
gregtech:ore_lean_gadolinium_0:1, 贫瘠地狱岩钆矿石
gregtech:ore_lean_gadolinium_0:2, 贫瘠末地石钆矿石
gregtech:ore_lean_gadolinium_0:3, 贫瘠沙子钆矿石
gregtech:ore_lean_gadolinium_0:4, 贫瘠红沙钆矿石
gregtech:ore_lean_gadolinium_0:5, 贫瘠花岗岩钆矿石
gregtech:ore_lean_gadolinium_0:6, 贫瘠闪长岩钆矿石
gregtech:ore_lean_gadolinium_0:7, 贫瘠安山岩钆矿石
gregtech:ore_lean_gallium_0:0, 贫瘠镓矿石
gregtech:ore_lean_gallium_0:1, 贫瘠地狱岩镓矿石
gregtech:ore_lean_gallium_0:2, 贫瘠末地石镓矿石
gregtech:ore_lean_gallium_0:3, 贫瘠沙子镓矿石
gregtech:ore_lean_gallium_0:4, 贫瘠红沙镓矿石
gregtech:ore_lean_gallium_0:5, 贫瘠花岗岩镓矿石
gregtech:ore_lean_gallium_0:6, 贫瘠闪长岩镓矿石
gregtech:ore_lean_gallium_0:7, 贫瘠安山岩镓矿石
gregtech:ore_lean_germanium_0:0, 贫瘠锗矿石
gregtech:ore_lean_germanium_0:1, 贫瘠地狱岩锗矿石
gregtech:ore_lean_germanium_0:2, 贫瘠末地石锗矿石
gregtech:ore_lean_germanium_0:3, 贫瘠沙子锗矿石
gregtech:ore_lean_germanium_0:4, 贫瘠红沙锗矿石
gregtech:ore_lean_germanium_0:5, 贫瘠花岗岩锗矿石
gregtech:ore_lean_germanium_0:6, 贫瘠闪长岩锗矿石
gregtech:ore_lean_germanium_0:7, 贫瘠安山岩锗矿石
gregtech:ore_lean_gold_0:0, 贫瘠金矿石
gregtech:ore_lean_gold_0:1, 贫瘠地狱岩金矿石
gregtech:ore_lean_gold_0:2, 贫瘠末地石金矿石
gregtech:ore_lean_gold_0:3, 贫瘠沙子金矿石
gregtech:ore_lean_gold_0:4, 贫瘠红沙金矿石
gregtech:ore_lean_gold_0:5, 贫瘠花岗岩金矿石
gregtech:ore_lean_gold_0:6, 贫瘠闪长岩金矿石
gregtech:ore_lean_gold_0:7, 贫瘠安山岩金矿石
gregtech:ore_lean_hafnium_0:0, 贫瘠铪矿石
gregtech:ore_lean_hafnium_0:1, 贫瘠地狱岩铪矿石
gregtech:ore_lean_hafnium_0:2, 贫瘠末地石铪矿石
gregtech:ore_lean_hafnium_0:3, 贫瘠沙子铪矿石
gregtech:ore_lean_hafnium_0:4, 贫瘠红沙铪矿石
gregtech:ore_lean_hafnium_0:5, 贫瘠花岗岩铪矿石
gregtech:ore_lean_hafnium_0:6, 贫瘠闪长岩铪矿石
gregtech:ore_lean_hafnium_0:7, 贫瘠安山岩铪矿石
gregtech:ore_lean_hassium_0:0, 贫瘠钅黑矿石
gregtech:ore_lean_hassium_0:1, 贫瘠地狱岩钅黑矿石
gregtech:ore_lean_hassium_0:2, 贫瘠末地石钅黑矿石
gregtech:ore_lean_hassium_0:3, 贫瘠沙子钅黑矿石
gregtech:ore_lean_hassium_0:4, 贫瘠红沙钅黑矿石
gregtech:ore_lean_hassium_0:5, 贫瘠花岗岩钅黑矿石
gregtech:ore_lean_hassium_0:6, 贫瘠闪长岩钅黑矿石
gregtech:ore_lean_hassium_0:7, 贫瘠安山岩钅黑矿石
gregtech:ore_lean_holmium_0:0, 贫瘠钬矿石
gregtech:ore_lean_holmium_0:1, 贫瘠地狱岩钬矿石
gregtech:ore_lean_holmium_0:2, 贫瘠末地石钬矿石
gregtech:ore_lean_holmium_0:3, 贫瘠沙子钬矿石
gregtech:ore_lean_holmium_0:4, 贫瘠红沙钬矿石
gregtech:ore_lean_holmium_0:5, 贫瘠花岗岩钬矿石
gregtech:ore_lean_holmium_0:6, 贫瘠闪长岩钬矿石
gregtech:ore_lean_holmium_0:7, 贫瘠安山岩钬矿石
gregtech:ore_lean_indium_0:0, 贫瘠铟矿石
gregtech:ore_lean_indium_0:1, 贫瘠地狱岩铟矿石
gregtech:ore_lean_indium_0:2, 贫瘠末地石铟矿石
gregtech:ore_lean_indium_0:3, 贫瘠沙子铟矿石
gregtech:ore_lean_indium_0:4, 贫瘠红沙铟矿石
gregtech:ore_lean_indium_0:5, 贫瘠花岗岩铟矿石
gregtech:ore_lean_indium_0:6, 贫瘠闪长岩铟矿石
gregtech:ore_lean_indium_0:7, 贫瘠安山岩铟矿石
gregtech:ore_lean_iodine_0:0, 贫瘠碘矿石
gregtech:ore_lean_iodine_0:1, 贫瘠地狱岩碘矿石
gregtech:ore_lean_iodine_0:2, 贫瘠末地石碘矿石
gregtech:ore_lean_iodine_0:3, 贫瘠沙子碘矿石
gregtech:ore_lean_iodine_0:4, 贫瘠红沙碘矿石
gregtech:ore_lean_iodine_0:5, 贫瘠花岗岩碘矿石
gregtech:ore_lean_iodine_0:6, 贫瘠闪长岩碘矿石
gregtech:ore_lean_iodine_0:7, 贫瘠安山岩碘矿石
gregtech:ore_lean_iridium_0:0, 贫瘠铱矿石
gregtech:ore_lean_iridium_0:1, 贫瘠地狱岩铱矿石
gregtech:ore_lean_iridium_0:2, 贫瘠末地石铱矿石
gregtech:ore_lean_iridium_0:3, 贫瘠沙子铱矿石
gregtech:ore_lean_iridium_0:4, 贫瘠红沙铱矿石
gregtech:ore_lean_iridium_0:5, 贫瘠花岗岩铱矿石
gregtech:ore_lean_iridium_0:6, 贫瘠闪长岩铱矿石
gregtech:ore_lean_iridium_0:7, 贫瘠安山岩铱矿石
gregtech:ore_lean_iron_0:0, 贫瘠铁矿石
gregtech:ore_lean_iron_0:1, 贫瘠地狱岩铁矿石
gregtech:ore_lean_iron_0:2, 贫瘠末地石铁矿石
gregtech:ore_lean_iron_0:3, 贫瘠沙子铁矿石
gregtech:ore_lean_iron_0:4, 贫瘠红沙铁矿石
gregtech:ore_lean_iron_0:5, 贫瘠花岗岩铁矿石
gregtech:ore_lean_iron_0:6, 贫瘠闪长岩铁矿石
gregtech:ore_lean_iron_0:7, 贫瘠安山岩铁矿石
gregtech:ore_lean_lanthanum_0:0, 贫瘠镧矿石
gregtech:ore_lean_lanthanum_0:1, 贫瘠地狱岩镧矿石
gregtech:ore_lean_lanthanum_0:2, 贫瘠末地石镧矿石
gregtech:ore_lean_lanthanum_0:3, 贫瘠沙子镧矿石
gregtech:ore_lean_lanthanum_0:4, 贫瘠红沙镧矿石
gregtech:ore_lean_lanthanum_0:5, 贫瘠花岗岩镧矿石
gregtech:ore_lean_lanthanum_0:6, 贫瘠闪长岩镧矿石
gregtech:ore_lean_lanthanum_0:7, 贫瘠安山岩镧矿石
gregtech:ore_lean_lawrencium_0:0, 贫瘠铹矿石
gregtech:ore_lean_lawrencium_0:1, 贫瘠地狱岩铹矿石
gregtech:ore_lean_lawrencium_0:2, 贫瘠末地石铹矿石
gregtech:ore_lean_lawrencium_0:3, 贫瘠沙子铹矿石
gregtech:ore_lean_lawrencium_0:4, 贫瘠红沙铹矿石
gregtech:ore_lean_lawrencium_0:5, 贫瘠花岗岩铹矿石
gregtech:ore_lean_lawrencium_0:6, 贫瘠闪长岩铹矿石
gregtech:ore_lean_lawrencium_0:7, 贫瘠安山岩铹矿石
gregtech:ore_lean_lead_0:0, 贫瘠铅矿石
gregtech:ore_lean_lead_0:1, 贫瘠地狱岩铅矿石
gregtech:ore_lean_lead_0:2, 贫瘠末地石铅矿石
gregtech:ore_lean_lead_0:3, 贫瘠沙子铅矿石
gregtech:ore_lean_lead_0:4, 贫瘠红沙铅矿石
gregtech:ore_lean_lead_0:5, 贫瘠花岗岩铅矿石
gregtech:ore_lean_lead_0:6, 贫瘠闪长岩铅矿石
gregtech:ore_lean_lead_0:7, 贫瘠安山岩铅矿石
gregtech:ore_lean_lithium_0:0, 贫瘠锂矿石
gregtech:ore_lean_lithium_0:1, 贫瘠地狱岩锂矿石
gregtech:ore_lean_lithium_0:2, 贫瘠末地石锂矿石
gregtech:ore_lean_lithium_0:3, 贫瘠沙子锂矿石
gregtech:ore_lean_lithium_0:4, 贫瘠红沙锂矿石
gregtech:ore_lean_lithium_0:5, 贫瘠花岗岩锂矿石
gregtech:ore_lean_lithium_0:6, 贫瘠闪长岩锂矿石
gregtech:ore_lean_lithium_0:7, 贫瘠安山岩锂矿石
gregtech:ore_lean_livermorium_0:0, 贫瘠钅立矿石
gregtech:ore_lean_livermorium_0:1, 贫瘠地狱岩钅立矿石
gregtech:ore_lean_livermorium_0:2, 贫瘠末地石钅立矿石
gregtech:ore_lean_livermorium_0:3, 贫瘠沙子钅立矿石
gregtech:ore_lean_livermorium_0:4, 贫瘠红沙钅立矿石
gregtech:ore_lean_livermorium_0:5, 贫瘠花岗岩钅立矿石
gregtech:ore_lean_livermorium_0:6, 贫瘠闪长岩钅立矿石
gregtech:ore_lean_livermorium_0:7, 贫瘠安山岩钅立矿石
gregtech:ore_lean_lutetium_0:0, 贫瘠镥矿石
gregtech:ore_lean_lutetium_0:1, 贫瘠地狱岩镥矿石
gregtech:ore_lean_lutetium_0:2, 贫瘠末地石镥矿石
gregtech:ore_lean_lutetium_0:3, 贫瘠沙子镥矿石
gregtech:ore_lean_lutetium_0:4, 贫瘠红沙镥矿石
gregtech:ore_lean_lutetium_0:5, 贫瘠花岗岩镥矿石
gregtech:ore_lean_lutetium_0:6, 贫瘠闪长岩镥矿石
gregtech:ore_lean_lutetium_0:7, 贫瘠安山岩镥矿石
gregtech:ore_lean_magnesium_0:0, 贫瘠镁矿石
gregtech:ore_lean_magnesium_0:1, 贫瘠地狱岩镁矿石
gregtech:ore_lean_magnesium_0:2, 贫瘠末地石镁矿石
gregtech:ore_lean_magnesium_0:3, 贫瘠沙子镁矿石
gregtech:ore_lean_magnesium_0:4, 贫瘠红沙镁矿石
gregtech:ore_lean_magnesium_0:5, 贫瘠花岗岩镁矿石
gregtech:ore_lean_magnesium_0:6, 贫瘠闪长岩镁矿石
gregtech:ore_lean_magnesium_0:7, 贫瘠安山岩镁矿石
gregtech:ore_lean_mendelevium_0:0, 贫瘠钔矿石
gregtech:ore_lean_mendelevium_0:1, 贫瘠地狱岩钔矿石
gregtech:ore_lean_mendelevium_0:2, 贫瘠末地石钔矿石
gregtech:ore_lean_mendelevium_0:3, 贫瘠沙子钔矿石
gregtech:ore_lean_mendelevium_0:4, 贫瘠红沙钔矿石
gregtech:ore_lean_mendelevium_0:5, 贫瘠花岗岩钔矿石
gregtech:ore_lean_mendelevium_0:6, 贫瘠闪长岩钔矿石
gregtech:ore_lean_mendelevium_0:7, 贫瘠安山岩钔矿石
gregtech:ore_lean_manganese_0:0, 贫瘠锰矿石
gregtech:ore_lean_manganese_0:1, 贫瘠地狱岩锰矿石
gregtech:ore_lean_manganese_0:2, 贫瘠末地石锰矿石
gregtech:ore_lean_manganese_0:3, 贫瘠沙子锰矿石
gregtech:ore_lean_manganese_0:4, 贫瘠红沙锰矿石
gregtech:ore_lean_manganese_0:5, 贫瘠花岗岩锰矿石
gregtech:ore_lean_manganese_0:6, 贫瘠闪长岩锰矿石
gregtech:ore_lean_manganese_0:7, 贫瘠安山岩锰矿石
gregtech:ore_lean_meitnerium_0:0, 贫瘠钅麦矿石
gregtech:ore_lean_meitnerium_0:1, 贫瘠地狱岩钅麦矿石
gregtech:ore_lean_meitnerium_0:2, 贫瘠末地石钅麦矿石
gregtech:ore_lean_meitnerium_0:3, 贫瘠沙子钅麦矿石
gregtech:ore_lean_meitnerium_0:4, 贫瘠红沙钅麦矿石
gregtech:ore_lean_meitnerium_0:5, 贫瘠花岗岩钅麦矿石
gregtech:ore_lean_meitnerium_0:6, 贫瘠闪长岩钅麦矿石
gregtech:ore_lean_meitnerium_0:7, 贫瘠安山岩钅麦矿石
gregtech:ore_lean_molybdenum_0:0, 贫瘠钼矿石
gregtech:ore_lean_molybdenum_0:1, 贫瘠地狱岩钼矿石
gregtech:ore_lean_molybdenum_0:2, 贫瘠末地石钼矿石
gregtech:ore_lean_molybdenum_0:3, 贫瘠沙子钼矿石
gregtech:ore_lean_molybdenum_0:4, 贫瘠红沙钼矿石
gregtech:ore_lean_molybdenum_0:5, 贫瘠花岗岩钼矿石
gregtech:ore_lean_molybdenum_0:6, 贫瘠闪长岩钼矿石
gregtech:ore_lean_molybdenum_0:7, 贫瘠安山岩钼矿石
gregtech:ore_lean_moscovium_0:0, 贫瘠镆矿石
gregtech:ore_lean_moscovium_0:1, 贫瘠地狱岩镆矿石
gregtech:ore_lean_moscovium_0:2, 贫瘠末地石镆矿石
gregtech:ore_lean_moscovium_0:3, 贫瘠沙子镆矿石
gregtech:ore_lean_moscovium_0:4, 贫瘠红沙镆矿石
gregtech:ore_lean_moscovium_0:5, 贫瘠花岗岩镆矿石
gregtech:ore_lean_moscovium_0:6, 贫瘠闪长岩镆矿石
gregtech:ore_lean_moscovium_0:7, 贫瘠安山岩镆矿石
gregtech:ore_lean_neodymium_0:0, 贫瘠钕矿石
gregtech:ore_lean_neodymium_0:1, 贫瘠地狱岩钕矿石
gregtech:ore_lean_neodymium_0:2, 贫瘠末地石钕矿石
gregtech:ore_lean_neodymium_0:3, 贫瘠沙子钕矿石
gregtech:ore_lean_neodymium_0:4, 贫瘠红沙钕矿石
gregtech:ore_lean_neodymium_0:5, 贫瘠花岗岩钕矿石
gregtech:ore_lean_neodymium_0:6, 贫瘠闪长岩钕矿石
gregtech:ore_lean_neodymium_0:7, 贫瘠安山岩钕矿石
gregtech:ore_lean_neptunium_0:0, 贫瘠镎矿石
gregtech:ore_lean_neptunium_0:1, 贫瘠地狱岩镎矿石
gregtech:ore_lean_neptunium_0:2, 贫瘠末地石镎矿石
gregtech:ore_lean_neptunium_0:3, 贫瘠沙子镎矿石
gregtech:ore_lean_neptunium_0:4, 贫瘠红沙镎矿石
gregtech:ore_lean_neptunium_0:5, 贫瘠花岗岩镎矿石
gregtech:ore_lean_neptunium_0:6, 贫瘠闪长岩镎矿石
gregtech:ore_lean_neptunium_0:7, 贫瘠安山岩镎矿石
gregtech:ore_lean_nickel_0:0, 贫瘠镍矿石
gregtech:ore_lean_nickel_0:1, 贫瘠地狱岩镍矿石
gregtech:ore_lean_nickel_0:2, 贫瘠末地石镍矿石
gregtech:ore_lean_nickel_0:3, 贫瘠沙子镍矿石
gregtech:ore_lean_nickel_0:4, 贫瘠红沙镍矿石
gregtech:ore_lean_nickel_0:5, 贫瘠花岗岩镍矿石
gregtech:ore_lean_nickel_0:6, 贫瘠闪长岩镍矿石
gregtech:ore_lean_nickel_0:7, 贫瘠安山岩镍矿石
gregtech:ore_lean_nihonium_0:0, 贫瘠钅尔矿石
gregtech:ore_lean_nihonium_0:1, 贫瘠地狱岩钅尔矿石
gregtech:ore_lean_nihonium_0:2, 贫瘠末地石钅尔矿石
gregtech:ore_lean_nihonium_0:3, 贫瘠沙子钅尔矿石
gregtech:ore_lean_nihonium_0:4, 贫瘠红沙钅尔矿石
gregtech:ore_lean_nihonium_0:5, 贫瘠花岗岩钅尔矿石
gregtech:ore_lean_nihonium_0:6, 贫瘠闪长岩钅尔矿石
gregtech:ore_lean_nihonium_0:7, 贫瘠安山岩钅尔矿石
gregtech:ore_lean_niobium_0:0, 贫瘠铌矿石
gregtech:ore_lean_niobium_0:1, 贫瘠地狱岩铌矿石
gregtech:ore_lean_niobium_0:2, 贫瘠末地石铌矿石
gregtech:ore_lean_niobium_0:3, 贫瘠沙子铌矿石
gregtech:ore_lean_niobium_0:4, 贫瘠红沙铌矿石
gregtech:ore_lean_niobium_0:5, 贫瘠花岗岩铌矿石
gregtech:ore_lean_niobium_0:6, 贫瘠闪长岩铌矿石
gregtech:ore_lean_niobium_0:7, 贫瘠安山岩铌矿石
gregtech:ore_lean_nobelium_0:0, 贫瘠锘矿石
gregtech:ore_lean_nobelium_0:1, 贫瘠地狱岩锘矿石
gregtech:ore_lean_nobelium_0:2, 贫瘠末地石锘矿石
gregtech:ore_lean_nobelium_0:3, 贫瘠沙子锘矿石
gregtech:ore_lean_nobelium_0:4, 贫瘠红沙锘矿石
gregtech:ore_lean_nobelium_0:5, 贫瘠花岗岩锘矿石
gregtech:ore_lean_nobelium_0:6, 贫瘠闪长岩锘矿石
gregtech:ore_lean_nobelium_0:7, 贫瘠安山岩锘矿石
gregtech:ore_lean_oganesson_0:0, 贫瘠气奥矿石
gregtech:ore_lean_oganesson_0:1, 贫瘠地狱岩气奥矿石
gregtech:ore_lean_oganesson_0:2, 贫瘠末地石气奥矿石
gregtech:ore_lean_oganesson_0:3, 贫瘠沙子气奥矿石
gregtech:ore_lean_oganesson_0:4, 贫瘠红沙气奥矿石
gregtech:ore_lean_oganesson_0:5, 贫瘠花岗岩气奥矿石
gregtech:ore_lean_oganesson_0:6, 贫瘠闪长岩气奥矿石
gregtech:ore_lean_oganesson_0:7, 贫瘠安山岩气奥矿石
gregtech:ore_lean_osmium_0:0, 贫瘠锇矿石
gregtech:ore_lean_osmium_0:1, 贫瘠地狱岩锇矿石
gregtech:ore_lean_osmium_0:2, 贫瘠末地石锇矿石
gregtech:ore_lean_osmium_0:3, 贫瘠沙子锇矿石
gregtech:ore_lean_osmium_0:4, 贫瘠红沙锇矿石
gregtech:ore_lean_osmium_0:5, 贫瘠花岗岩锇矿石
gregtech:ore_lean_osmium_0:6, 贫瘠闪长岩锇矿石
gregtech:ore_lean_osmium_0:7, 贫瘠安山岩锇矿石
gregtech:ore_lean_palladium_0:0, 贫瘠钯矿石
gregtech:ore_lean_palladium_0:1, 贫瘠地狱岩钯矿石
gregtech:ore_lean_palladium_0:2, 贫瘠末地石钯矿石
gregtech:ore_lean_palladium_0:3, 贫瘠沙子钯矿石
gregtech:ore_lean_palladium_0:4, 贫瘠红沙钯矿石
gregtech:ore_lean_palladium_0:5, 贫瘠花岗岩钯矿石
gregtech:ore_lean_palladium_0:6, 贫瘠闪长岩钯矿石
gregtech:ore_lean_palladium_0:7, 贫瘠安山岩钯矿石
gregtech:ore_lean_phosphorus_0:0, 贫瘠磷矿石
gregtech:ore_lean_phosphorus_0:1, 贫瘠地狱岩磷矿石
gregtech:ore_lean_phosphorus_0:2, 贫瘠末地石磷矿石
gregtech:ore_lean_phosphorus_0:3, 贫瘠沙子磷矿石
gregtech:ore_lean_phosphorus_0:4, 贫瘠红沙磷矿石
gregtech:ore_lean_phosphorus_0:5, 贫瘠花岗岩磷矿石
gregtech:ore_lean_phosphorus_0:6, 贫瘠闪长岩磷矿石
gregtech:ore_lean_phosphorus_0:7, 贫瘠安山岩磷矿石
gregtech:ore_lean_polonium_0:0, 贫瘠钋矿石
gregtech:ore_lean_polonium_0:1, 贫瘠地狱岩钋矿石
gregtech:ore_lean_polonium_0:2, 贫瘠末地石钋矿石
gregtech:ore_lean_polonium_0:3, 贫瘠沙子钋矿石
gregtech:ore_lean_polonium_0:4, 贫瘠红沙钋矿石
gregtech:ore_lean_polonium_0:5, 贫瘠花岗岩钋矿石
gregtech:ore_lean_polonium_0:6, 贫瘠闪长岩钋矿石
gregtech:ore_lean_polonium_0:7, 贫瘠安山岩钋矿石
gregtech:ore_lean_platinum_0:0, 贫瘠铂矿石
gregtech:ore_lean_platinum_0:1, 贫瘠地狱岩铂矿石
gregtech:ore_lean_platinum_0:2, 贫瘠末地石铂矿石
gregtech:ore_lean_platinum_0:3, 贫瘠沙子铂矿石
gregtech:ore_lean_platinum_0:4, 贫瘠红沙铂矿石
gregtech:ore_lean_platinum_0:5, 贫瘠花岗岩铂矿石
gregtech:ore_lean_platinum_0:6, 贫瘠闪长岩铂矿石
gregtech:ore_lean_platinum_0:7, 贫瘠安山岩铂矿石
gregtech:ore_lean_plutonium_239_0:0, 贫瘠钚-239矿石
gregtech:ore_lean_plutonium_239_0:1, 贫瘠地狱岩钚-239矿石
gregtech:ore_lean_plutonium_239_0:2, 贫瘠末地石钚-239矿石
gregtech:ore_lean_plutonium_239_0:3, 贫瘠沙子钚-239矿石
gregtech:ore_lean_plutonium_239_0:4, 贫瘠红沙钚-239矿石
gregtech:ore_lean_plutonium_239_0:5, 贫瘠花岗岩钚-239矿石
gregtech:ore_lean_plutonium_239_0:6, 贫瘠闪长岩钚-239矿石
gregtech:ore_lean_plutonium_239_0:7, 贫瘠安山岩钚-239矿石
gregtech:ore_lean_plutonium_241_0:0, 贫瘠钚-241矿石
gregtech:ore_lean_plutonium_241_0:1, 贫瘠地狱岩钚-241矿石
gregtech:ore_lean_plutonium_241_0:2, 贫瘠末地石钚-241矿石
gregtech:ore_lean_plutonium_241_0:3, 贫瘠沙子钚-241矿石
gregtech:ore_lean_plutonium_241_0:4, 贫瘠红沙钚-241矿石
gregtech:ore_lean_plutonium_241_0:5, 贫瘠花岗岩钚-241矿石
gregtech:ore_lean_plutonium_241_0:6, 贫瘠闪长岩钚-241矿石
gregtech:ore_lean_plutonium_241_0:7, 贫瘠安山岩钚-241矿石
gregtech:ore_lean_potassium_0:0, 贫瘠钾矿石
gregtech:ore_lean_potassium_0:1, 贫瘠地狱岩钾矿石
gregtech:ore_lean_potassium_0:2, 贫瘠末地石钾矿石
gregtech:ore_lean_potassium_0:3, 贫瘠沙子钾矿石
gregtech:ore_lean_potassium_0:4, 贫瘠红沙钾矿石
gregtech:ore_lean_potassium_0:5, 贫瘠花岗岩钾矿石
gregtech:ore_lean_potassium_0:6, 贫瘠闪长岩钾矿石
gregtech:ore_lean_potassium_0:7, 贫瘠安山岩钾矿石
gregtech:ore_lean_praseodymium_0:0, 贫瘠镨矿石
gregtech:ore_lean_praseodymium_0:1, 贫瘠地狱岩镨矿石
gregtech:ore_lean_praseodymium_0:2, 贫瘠末地石镨矿石
gregtech:ore_lean_praseodymium_0:3, 贫瘠沙子镨矿石
gregtech:ore_lean_praseodymium_0:4, 贫瘠红沙镨矿石
gregtech:ore_lean_praseodymium_0:5, 贫瘠花岗岩镨矿石
gregtech:ore_lean_praseodymium_0:6, 贫瘠闪长岩镨矿石
gregtech:ore_lean_praseodymium_0:7, 贫瘠安山岩镨矿石
gregtech:ore_lean_promethium_0:0, 贫瘠钷矿石
gregtech:ore_lean_promethium_0:1, 贫瘠地狱岩钷矿石
gregtech:ore_lean_promethium_0:2, 贫瘠末地石钷矿石
gregtech:ore_lean_promethium_0:3, 贫瘠沙子钷矿石
gregtech:ore_lean_promethium_0:4, 贫瘠红沙钷矿石
gregtech:ore_lean_promethium_0:5, 贫瘠花岗岩钷矿石
gregtech:ore_lean_promethium_0:6, 贫瘠闪长岩钷矿石
gregtech:ore_lean_promethium_0:7, 贫瘠安山岩钷矿石
gregtech:ore_lean_protactinium_0:0, 贫瘠镤矿石
gregtech:ore_lean_protactinium_0:1, 贫瘠地狱岩镤矿石
gregtech:ore_lean_protactinium_0:2, 贫瘠末地石镤矿石
gregtech:ore_lean_protactinium_0:3, 贫瘠沙子镤矿石
gregtech:ore_lean_protactinium_0:4, 贫瘠红沙镤矿石
gregtech:ore_lean_protactinium_0:5, 贫瘠花岗岩镤矿石
gregtech:ore_lean_protactinium_0:6, 贫瘠闪长岩镤矿石
gregtech:ore_lean_protactinium_0:7, 贫瘠安山岩镤矿石
gregtech:ore_lean_radium_0:0, 贫瘠镭矿石
gregtech:ore_lean_radium_0:1, 贫瘠地狱岩镭矿石
gregtech:ore_lean_radium_0:2, 贫瘠末地石镭矿石
gregtech:ore_lean_radium_0:3, 贫瘠沙子镭矿石
gregtech:ore_lean_radium_0:4, 贫瘠红沙镭矿石
gregtech:ore_lean_radium_0:5, 贫瘠花岗岩镭矿石
gregtech:ore_lean_radium_0:6, 贫瘠闪长岩镭矿石
gregtech:ore_lean_radium_0:7, 贫瘠安山岩镭矿石
gregtech:ore_lean_rhenium_0:0, 贫瘠铼矿石
gregtech:ore_lean_rhenium_0:1, 贫瘠地狱岩铼矿石
gregtech:ore_lean_rhenium_0:2, 贫瘠末地石铼矿石
gregtech:ore_lean_rhenium_0:3, 贫瘠沙子铼矿石
gregtech:ore_lean_rhenium_0:4, 贫瘠红沙铼矿石
gregtech:ore_lean_rhenium_0:5, 贫瘠花岗岩铼矿石
gregtech:ore_lean_rhenium_0:6, 贫瘠闪长岩铼矿石
gregtech:ore_lean_rhenium_0:7, 贫瘠安山岩铼矿石
gregtech:ore_lean_rhodium_0:0, 贫瘠铑矿石
gregtech:ore_lean_rhodium_0:1, 贫瘠地狱岩铑矿石
gregtech:ore_lean_rhodium_0:2, 贫瘠末地石铑矿石
gregtech:ore_lean_rhodium_0:3, 贫瘠沙子铑矿石
gregtech:ore_lean_rhodium_0:4, 贫瘠红沙铑矿石
gregtech:ore_lean_rhodium_0:5, 贫瘠花岗岩铑矿石
gregtech:ore_lean_rhodium_0:6, 贫瘠闪长岩铑矿石
gregtech:ore_lean_rhodium_0:7, 贫瘠安山岩铑矿石
gregtech:ore_lean_roentgenium_0:0, 贫瘠钅仑矿石
gregtech:ore_lean_roentgenium_0:1, 贫瘠地狱岩钅仑矿石
gregtech:ore_lean_roentgenium_0:2, 贫瘠末地石钅仑矿石
gregtech:ore_lean_roentgenium_0:3, 贫瘠沙子钅仑矿石
gregtech:ore_lean_roentgenium_0:4, 贫瘠红沙钅仑矿石
gregtech:ore_lean_roentgenium_0:5, 贫瘠花岗岩钅仑矿石
gregtech:ore_lean_roentgenium_0:6, 贫瘠闪长岩钅仑矿石
gregtech:ore_lean_roentgenium_0:7, 贫瘠安山岩钅仑矿石
gregtech:ore_lean_rubidium_0:0, 贫瘠铷矿石
gregtech:ore_lean_rubidium_0:1, 贫瘠地狱岩铷矿石
gregtech:ore_lean_rubidium_0:2, 贫瘠末地石铷矿石
gregtech:ore_lean_rubidium_0:3, 贫瘠沙子铷矿石
gregtech:ore_lean_rubidium_0:4, 贫瘠红沙铷矿石
gregtech:ore_lean_rubidium_0:5, 贫瘠花岗岩铷矿石
gregtech:ore_lean_rubidium_0:6, 贫瘠闪长岩铷矿石
gregtech:ore_lean_rubidium_0:7, 贫瘠安山岩铷矿石
gregtech:ore_lean_ruthenium_0:0, 贫瘠钌矿石
gregtech:ore_lean_ruthenium_0:1, 贫瘠地狱岩钌矿石
gregtech:ore_lean_ruthenium_0:2, 贫瘠末地石钌矿石
gregtech:ore_lean_ruthenium_0:3, 贫瘠沙子钌矿石
gregtech:ore_lean_ruthenium_0:4, 贫瘠红沙钌矿石
gregtech:ore_lean_ruthenium_0:5, 贫瘠花岗岩钌矿石
gregtech:ore_lean_ruthenium_0:6, 贫瘠闪长岩钌矿石
gregtech:ore_lean_ruthenium_0:7, 贫瘠安山岩钌矿石
gregtech:ore_lean_rutherfordium_0:0, 贫瘠钅卢矿石
gregtech:ore_lean_rutherfordium_0:1, 贫瘠地狱岩钅卢矿石
gregtech:ore_lean_rutherfordium_0:2, 贫瘠末地石钅卢矿石
gregtech:ore_lean_rutherfordium_0:3, 贫瘠沙子钅卢矿石
gregtech:ore_lean_rutherfordium_0:4, 贫瘠红沙钅卢矿石
gregtech:ore_lean_rutherfordium_0:5, 贫瘠花岗岩钅卢矿石
gregtech:ore_lean_rutherfordium_0:6, 贫瘠闪长岩钅卢矿石
gregtech:ore_lean_rutherfordium_0:7, 贫瘠安山岩钅卢矿石
gregtech:ore_lean_samarium_0:0, 贫瘠钐矿石
gregtech:ore_lean_samarium_0:1, 贫瘠地狱岩钐矿石
gregtech:ore_lean_samarium_0:2, 贫瘠末地石钐矿石
gregtech:ore_lean_samarium_0:3, 贫瘠沙子钐矿石
gregtech:ore_lean_samarium_0:4, 贫瘠红沙钐矿石
gregtech:ore_lean_samarium_0:5, 贫瘠花岗岩钐矿石
gregtech:ore_lean_samarium_0:6, 贫瘠闪长岩钐矿石
gregtech:ore_lean_samarium_0:7, 贫瘠安山岩钐矿石
gregtech:ore_lean_scandium_0:0, 贫瘠钪矿石
gregtech:ore_lean_scandium_0:1, 贫瘠地狱岩钪矿石
gregtech:ore_lean_scandium_0:2, 贫瘠末地石钪矿石
gregtech:ore_lean_scandium_0:3, 贫瘠沙子钪矿石
gregtech:ore_lean_scandium_0:4, 贫瘠红沙钪矿石
gregtech:ore_lean_scandium_0:5, 贫瘠花岗岩钪矿石
gregtech:ore_lean_scandium_0:6, 贫瘠闪长岩钪矿石
gregtech:ore_lean_scandium_0:7, 贫瘠安山岩钪矿石
gregtech:ore_lean_seaborgium_0:0, 贫瘠钅喜矿石
gregtech:ore_lean_seaborgium_0:1, 贫瘠地狱岩钅喜矿石
gregtech:ore_lean_seaborgium_0:2, 贫瘠末地石钅喜矿石
gregtech:ore_lean_seaborgium_0:3, 贫瘠沙子钅喜矿石
gregtech:ore_lean_seaborgium_0:4, 贫瘠红沙钅喜矿石
gregtech:ore_lean_seaborgium_0:5, 贫瘠花岗岩钅喜矿石
gregtech:ore_lean_seaborgium_0:6, 贫瘠闪长岩钅喜矿石
gregtech:ore_lean_seaborgium_0:7, 贫瘠安山岩钅喜矿石
gregtech:ore_lean_selenium_0:0, 贫瘠硒矿石
gregtech:ore_lean_selenium_0:1, 贫瘠地狱岩硒矿石
gregtech:ore_lean_selenium_0:2, 贫瘠末地石硒矿石
gregtech:ore_lean_selenium_0:3, 贫瘠沙子硒矿石
gregtech:ore_lean_selenium_0:4, 贫瘠红沙硒矿石
gregtech:ore_lean_selenium_0:5, 贫瘠花岗岩硒矿石
gregtech:ore_lean_selenium_0:6, 贫瘠闪长岩硒矿石
gregtech:ore_lean_selenium_0:7, 贫瘠安山岩硒矿石
gregtech:ore_lean_silicon_0:0, 贫瘠硅矿石
gregtech:ore_lean_silicon_0:1, 贫瘠地狱岩硅矿石
gregtech:ore_lean_silicon_0:2, 贫瘠末地石硅矿石
gregtech:ore_lean_silicon_0:3, 贫瘠沙子硅矿石
gregtech:ore_lean_silicon_0:4, 贫瘠红沙硅矿石
gregtech:ore_lean_silicon_0:5, 贫瘠花岗岩硅矿石
gregtech:ore_lean_silicon_0:6, 贫瘠闪长岩硅矿石
gregtech:ore_lean_silicon_0:7, 贫瘠安山岩硅矿石
gregtech:ore_lean_silver_0:0, 贫瘠银矿石
gregtech:ore_lean_silver_0:1, 贫瘠地狱岩银矿石
gregtech:ore_lean_silver_0:2, 贫瘠末地石银矿石
gregtech:ore_lean_silver_0:3, 贫瘠沙子银矿石
gregtech:ore_lean_silver_0:4, 贫瘠红沙银矿石
gregtech:ore_lean_silver_0:5, 贫瘠花岗岩银矿石
gregtech:ore_lean_silver_0:6, 贫瘠闪长岩银矿石
gregtech:ore_lean_silver_0:7, 贫瘠安山岩银矿石
gregtech:ore_lean_sodium_0:0, 贫瘠钠矿石
gregtech:ore_lean_sodium_0:1, 贫瘠地狱岩钠矿石
gregtech:ore_lean_sodium_0:2, 贫瘠末地石钠矿石
gregtech:ore_lean_sodium_0:3, 贫瘠沙子钠矿石
gregtech:ore_lean_sodium_0:4, 贫瘠红沙钠矿石
gregtech:ore_lean_sodium_0:5, 贫瘠花岗岩钠矿石
gregtech:ore_lean_sodium_0:6, 贫瘠闪长岩钠矿石
gregtech:ore_lean_sodium_0:7, 贫瘠安山岩钠矿石
gregtech:ore_lean_strontium_0:0, 贫瘠锶矿石
gregtech:ore_lean_strontium_0:1, 贫瘠地狱岩锶矿石
gregtech:ore_lean_strontium_0:2, 贫瘠末地石锶矿石
gregtech:ore_lean_strontium_0:3, 贫瘠沙子锶矿石
gregtech:ore_lean_strontium_0:4, 贫瘠红沙锶矿石
gregtech:ore_lean_strontium_0:5, 贫瘠花岗岩锶矿石
gregtech:ore_lean_strontium_0:6, 贫瘠闪长岩锶矿石
gregtech:ore_lean_strontium_0:7, 贫瘠安山岩锶矿石
gregtech:ore_lean_sulfur_0:0, 贫瘠硫矿石
gregtech:ore_lean_sulfur_0:1, 贫瘠地狱岩硫矿石
gregtech:ore_lean_sulfur_0:2, 贫瘠末地石硫矿石
gregtech:ore_lean_sulfur_0:3, 贫瘠沙子硫矿石
gregtech:ore_lean_sulfur_0:4, 贫瘠红沙硫矿石
gregtech:ore_lean_sulfur_0:5, 贫瘠花岗岩硫矿石
gregtech:ore_lean_sulfur_0:6, 贫瘠闪长岩硫矿石
gregtech:ore_lean_sulfur_0:7, 贫瘠安山岩硫矿石
gregtech:ore_lean_tantalum_0:0, 贫瘠钽矿石
gregtech:ore_lean_tantalum_0:1, 贫瘠地狱岩钽矿石
gregtech:ore_lean_tantalum_0:2, 贫瘠末地石钽矿石
gregtech:ore_lean_tantalum_0:3, 贫瘠沙子钽矿石
gregtech:ore_lean_tantalum_0:4, 贫瘠红沙钽矿石
gregtech:ore_lean_tantalum_0:5, 贫瘠花岗岩钽矿石
gregtech:ore_lean_tantalum_0:6, 贫瘠闪长岩钽矿石
gregtech:ore_lean_tantalum_0:7, 贫瘠安山岩钽矿石
gregtech:ore_lean_technetium_0:0, 贫瘠锝矿石
gregtech:ore_lean_technetium_0:1, 贫瘠地狱岩锝矿石
gregtech:ore_lean_technetium_0:2, 贫瘠末地石锝矿石
gregtech:ore_lean_technetium_0:3, 贫瘠沙子锝矿石
gregtech:ore_lean_technetium_0:4, 贫瘠红沙锝矿石
gregtech:ore_lean_technetium_0:5, 贫瘠花岗岩锝矿石
gregtech:ore_lean_technetium_0:6, 贫瘠闪长岩锝矿石
gregtech:ore_lean_technetium_0:7, 贫瘠安山岩锝矿石
gregtech:ore_lean_tellurium_0:0, 贫瘠碲矿石
gregtech:ore_lean_tellurium_0:1, 贫瘠地狱岩碲矿石
gregtech:ore_lean_tellurium_0:2, 贫瘠末地石碲矿石
gregtech:ore_lean_tellurium_0:3, 贫瘠沙子碲矿石
gregtech:ore_lean_tellurium_0:4, 贫瘠红沙碲矿石
gregtech:ore_lean_tellurium_0:5, 贫瘠花岗岩碲矿石
gregtech:ore_lean_tellurium_0:6, 贫瘠闪长岩碲矿石
gregtech:ore_lean_tellurium_0:7, 贫瘠安山岩碲矿石
gregtech:ore_lean_tennessine_0:0, 贫瘠石田矿石
gregtech:ore_lean_tennessine_0:1, 贫瘠地狱岩石田矿石
gregtech:ore_lean_tennessine_0:2, 贫瘠末地石石田矿石
gregtech:ore_lean_tennessine_0:3, 贫瘠沙子石田矿石
gregtech:ore_lean_tennessine_0:4, 贫瘠红沙石田矿石
gregtech:ore_lean_tennessine_0:5, 贫瘠花岗岩石田矿石
gregtech:ore_lean_tennessine_0:6, 贫瘠闪长岩石田矿石
gregtech:ore_lean_tennessine_0:7, 贫瘠安山岩石田矿石
gregtech:ore_lean_terbium_0:0, 贫瘠铽矿石
gregtech:ore_lean_terbium_0:1, 贫瘠地狱岩铽矿石
gregtech:ore_lean_terbium_0:2, 贫瘠末地石铽矿石
gregtech:ore_lean_terbium_0:3, 贫瘠沙子铽矿石
gregtech:ore_lean_terbium_0:4, 贫瘠红沙铽矿石
gregtech:ore_lean_terbium_0:5, 贫瘠花岗岩铽矿石
gregtech:ore_lean_terbium_0:6, 贫瘠闪长岩铽矿石
gregtech:ore_lean_terbium_0:7, 贫瘠安山岩铽矿石
gregtech:ore_lean_thorium_0:0, 贫瘠钍矿石
gregtech:ore_lean_thorium_0:1, 贫瘠地狱岩钍矿石
gregtech:ore_lean_thorium_0:2, 贫瘠末地石钍矿石
gregtech:ore_lean_thorium_0:3, 贫瘠沙子钍矿石
gregtech:ore_lean_thorium_0:4, 贫瘠红沙钍矿石
gregtech:ore_lean_thorium_0:5, 贫瘠花岗岩钍矿石
gregtech:ore_lean_thorium_0:6, 贫瘠闪长岩钍矿石
gregtech:ore_lean_thorium_0:7, 贫瘠安山岩钍矿石
gregtech:ore_lean_thallium_0:0, 贫瘠铊矿石
gregtech:ore_lean_thallium_0:1, 贫瘠地狱岩铊矿石
gregtech:ore_lean_thallium_0:2, 贫瘠末地石铊矿石
gregtech:ore_lean_thallium_0:3, 贫瘠沙子铊矿石
gregtech:ore_lean_thallium_0:4, 贫瘠红沙铊矿石
gregtech:ore_lean_thallium_0:5, 贫瘠花岗岩铊矿石
gregtech:ore_lean_thallium_0:6, 贫瘠闪长岩铊矿石
gregtech:ore_lean_thallium_0:7, 贫瘠安山岩铊矿石
gregtech:ore_lean_thulium_0:0, 贫瘠铥矿石
gregtech:ore_lean_thulium_0:1, 贫瘠地狱岩铥矿石
gregtech:ore_lean_thulium_0:2, 贫瘠末地石铥矿石
gregtech:ore_lean_thulium_0:3, 贫瘠沙子铥矿石
gregtech:ore_lean_thulium_0:4, 贫瘠红沙铥矿石
gregtech:ore_lean_thulium_0:5, 贫瘠花岗岩铥矿石
gregtech:ore_lean_thulium_0:6, 贫瘠闪长岩铥矿石
gregtech:ore_lean_thulium_0:7, 贫瘠安山岩铥矿石
gregtech:ore_lean_tin_0:0, 贫瘠锡矿石
gregtech:ore_lean_tin_0:1, 贫瘠地狱岩锡矿石
gregtech:ore_lean_tin_0:2, 贫瘠末地石锡矿石
gregtech:ore_lean_tin_0:3, 贫瘠沙子锡矿石
gregtech:ore_lean_tin_0:4, 贫瘠红沙锡矿石
gregtech:ore_lean_tin_0:5, 贫瘠花岗岩锡矿石
gregtech:ore_lean_tin_0:6, 贫瘠闪长岩锡矿石
gregtech:ore_lean_tin_0:7, 贫瘠安山岩锡矿石
gregtech:ore_lean_titanium_0:0, 贫瘠钛矿石
gregtech:ore_lean_titanium_0:1, 贫瘠地狱岩钛矿石
gregtech:ore_lean_titanium_0:2, 贫瘠末地石钛矿石
gregtech:ore_lean_titanium_0:3, 贫瘠沙子钛矿石
gregtech:ore_lean_titanium_0:4, 贫瘠红沙钛矿石
gregtech:ore_lean_titanium_0:5, 贫瘠花岗岩钛矿石
gregtech:ore_lean_titanium_0:6, 贫瘠闪长岩钛矿石
gregtech:ore_lean_titanium_0:7, 贫瘠安山岩钛矿石
gregtech:ore_lean_tungsten_0:0, 贫瘠钨矿石
gregtech:ore_lean_tungsten_0:1, 贫瘠地狱岩钨矿石
gregtech:ore_lean_tungsten_0:2, 贫瘠末地石钨矿石
gregtech:ore_lean_tungsten_0:3, 贫瘠沙子钨矿石
gregtech:ore_lean_tungsten_0:4, 贫瘠红沙钨矿石
gregtech:ore_lean_tungsten_0:5, 贫瘠花岗岩钨矿石
gregtech:ore_lean_tungsten_0:6, 贫瘠闪长岩钨矿石
gregtech:ore_lean_tungsten_0:7, 贫瘠安山岩钨矿石
gregtech:ore_lean_uranium_0:0, 贫瘠铀矿石
gregtech:ore_lean_uranium_0:1, 贫瘠地狱岩铀矿石
gregtech:ore_lean_uranium_0:2, 贫瘠末地石铀矿石
gregtech:ore_lean_uranium_0:3, 贫瘠沙子铀矿石
gregtech:ore_lean_uranium_0:4, 贫瘠红沙铀矿石
gregtech:ore_lean_uranium_0:5, 贫瘠花岗岩铀矿石
gregtech:ore_lean_uranium_0:6, 贫瘠闪长岩铀矿石
gregtech:ore_lean_uranium_0:7, 贫瘠安山岩铀矿石
gregtech:ore_lean_uranium_235_0:0, 贫瘠铀-235矿石
gregtech:ore_lean_uranium_235_0:1, 贫瘠地狱岩铀-235矿石
gregtech:ore_lean_uranium_235_0:2, 贫瘠末地石铀-235矿石
gregtech:ore_lean_uranium_235_0:3, 贫瘠沙子铀-235矿石
gregtech:ore_lean_uranium_235_0:4, 贫瘠红沙铀-235矿石
gregtech:ore_lean_uranium_235_0:5, 贫瘠花岗岩铀-235矿石
gregtech:ore_lean_uranium_235_0:6, 贫瘠闪长岩铀-235矿石
gregtech:ore_lean_uranium_235_0:7, 贫瘠安山岩铀-235矿石
gregtech:ore_lean_vanadium_0:0, 贫瘠钒矿石
gregtech:ore_lean_vanadium_0:1, 贫瘠地狱岩钒矿石
gregtech:ore_lean_vanadium_0:2, 贫瘠末地石钒矿石
gregtech:ore_lean_vanadium_0:3, 贫瘠沙子钒矿石
gregtech:ore_lean_vanadium_0:4, 贫瘠红沙钒矿石
gregtech:ore_lean_vanadium_0:5, 贫瘠花岗岩钒矿石
gregtech:ore_lean_vanadium_0:6, 贫瘠闪长岩钒矿石
gregtech:ore_lean_vanadium_0:7, 贫瘠安山岩钒矿石
gregtech:ore_lean_ytterbium_0:0, 贫瘠镱矿石
gregtech:ore_lean_ytterbium_0:1, 贫瘠地狱岩镱矿石
gregtech:ore_lean_ytterbium_0:2, 贫瘠末地石镱矿石
gregtech:ore_lean_ytterbium_0:3, 贫瘠沙子镱矿石
gregtech:ore_lean_ytterbium_0:4, 贫瘠红沙镱矿石
gregtech:ore_lean_ytterbium_0:5, 贫瘠花岗岩镱矿石
gregtech:ore_lean_ytterbium_0:6, 贫瘠闪长岩镱矿石
gregtech:ore_lean_ytterbium_0:7, 贫瘠安山岩镱矿石
gregtech:ore_lean_yttrium_0:0, 贫瘠钇矿石
gregtech:ore_lean_yttrium_0:1, 贫瘠地狱岩钇矿石
gregtech:ore_lean_yttrium_0:2, 贫瘠末地石钇矿石
gregtech:ore_lean_yttrium_0:3, 贫瘠沙子钇矿石
gregtech:ore_lean_yttrium_0:4, 贫瘠红沙钇矿石
gregtech:ore_lean_yttrium_0:5, 贫瘠花岗岩钇矿石
gregtech:ore_lean_yttrium_0:6, 贫瘠闪长岩钇矿石
gregtech:ore_lean_yttrium_0:7, 贫瘠安山岩钇矿石
gregtech:ore_lean_zinc_0:0, 贫瘠锌矿石
gregtech:ore_lean_zinc_0:1, 贫瘠地狱岩锌矿石
gregtech:ore_lean_zinc_0:2, 贫瘠末地石锌矿石
gregtech:ore_lean_zinc_0:3, 贫瘠沙子锌矿石
gregtech:ore_lean_zinc_0:4, 贫瘠红沙锌矿石
gregtech:ore_lean_zinc_0:5, 贫瘠花岗岩锌矿石
gregtech:ore_lean_zinc_0:6, 贫瘠闪长岩锌矿石
gregtech:ore_lean_zinc_0:7, 贫瘠安山岩锌矿石
gregtech:ore_lean_zirconium_0:0, 贫瘠锆矿石
gregtech:ore_lean_zirconium_0:1, 贫瘠地狱岩锆矿石
gregtech:ore_lean_zirconium_0:2, 贫瘠末地石锆矿石
gregtech:ore_lean_zirconium_0:3, 贫瘠沙子锆矿石
gregtech:ore_lean_zirconium_0:4, 贫瘠红沙锆矿石
gregtech:ore_lean_zirconium_0:5, 贫瘠花岗岩锆矿石
gregtech:ore_lean_zirconium_0:6, 贫瘠闪长岩锆矿石
gregtech:ore_lean_zirconium_0:7, 贫瘠安山岩锆矿石
gregtech:ore_lean_naquadah_0:0, 贫瘠硅岩矿石
gregtech:ore_lean_naquadah_0:1, 贫瘠地狱岩硅岩矿石
gregtech:ore_lean_naquadah_0:2, 贫瘠末地石硅岩矿石
gregtech:ore_lean_naquadah_0:3, 贫瘠沙子硅岩矿石
gregtech:ore_lean_naquadah_0:4, 贫瘠红沙硅岩矿石
gregtech:ore_lean_naquadah_0:5, 贫瘠花岗岩硅岩矿石
gregtech:ore_lean_naquadah_0:6, 贫瘠闪长岩硅岩矿石
gregtech:ore_lean_naquadah_0:7, 贫瘠安山岩硅岩矿石
gregtech:ore_lean_naquadah_enriched_0:0, 贫瘠富集硅岩矿石
gregtech:ore_lean_naquadah_enriched_0:1, 贫瘠地狱岩富集硅岩矿石
gregtech:ore_lean_naquadah_enriched_0:2, 贫瘠末地石富集硅岩矿石
gregtech:ore_lean_naquadah_enriched_0:3, 贫瘠沙子富集硅岩矿石
gregtech:ore_lean_naquadah_enriched_0:4, 贫瘠红沙富集硅岩矿石
gregtech:ore_lean_naquadah_enriched_0:5, 贫瘠花岗岩富集硅岩矿石
gregtech:ore_lean_naquadah_enriched_0:6, 贫瘠闪长岩富集硅岩矿石
gregtech:ore_lean_naquadah_enriched_0:7, 贫瘠安山岩富集硅岩矿石
gregtech:ore_lean_naquadria_0:0, 贫瘠超能硅岩矿石
gregtech:ore_lean_naquadria_0:1, 贫瘠地狱岩超能硅岩矿石
gregtech:ore_lean_naquadria_0:2, 贫瘠末地石超能硅岩矿石
gregtech:ore_lean_naquadria_0:3, 贫瘠沙子超能硅岩矿石
gregtech:ore_lean_naquadria_0:4, 贫瘠红沙超能硅岩矿石
gregtech:ore_lean_naquadria_0:5, 贫瘠花岗岩超能硅岩矿石
gregtech:ore_lean_naquadria_0:6, 贫瘠闪长岩超能硅岩矿石
gregtech:ore_lean_naquadria_0:7, 贫瘠安山岩超能硅岩矿石
gregtech:ore_lean_neutronium_0:0, 贫瘠中子素矿石
gregtech:ore_lean_neutronium_0:1, 贫瘠地狱岩中子素矿石
gregtech:ore_lean_neutronium_0:2, 贫瘠末地石中子素矿石
gregtech:ore_lean_neutronium_0:3, 贫瘠沙子中子素矿石
gregtech:ore_lean_neutronium_0:4, 贫瘠红沙中子素矿石
gregtech:ore_lean_neutronium_0:5, 贫瘠花岗岩中子素矿石
gregtech:ore_lean_neutronium_0:6, 贫瘠闪长岩中子素矿石
gregtech:ore_lean_neutronium_0:7, 贫瘠安山岩中子素矿石
gregtech:ore_lean_tritanium_0:0, 贫瘠三钛合金矿石
gregtech:ore_lean_tritanium_0:1, 贫瘠地狱岩三钛合金矿石
gregtech:ore_lean_tritanium_0:2, 贫瘠末地石三钛合金矿石
gregtech:ore_lean_tritanium_0:3, 贫瘠沙子三钛合金矿石
gregtech:ore_lean_tritanium_0:4, 贫瘠红沙三钛合金矿石
gregtech:ore_lean_tritanium_0:5, 贫瘠花岗岩三钛合金矿石
gregtech:ore_lean_tritanium_0:6, 贫瘠闪长岩三钛合金矿石
gregtech:ore_lean_tritanium_0:7, 贫瘠安山岩三钛合金矿石
gregtech:ore_lean_duranium_0:0, 贫瘠铿铀矿石
gregtech:ore_lean_duranium_0:1, 贫瘠地狱岩铿铀矿石
gregtech:ore_lean_duranium_0:2, 贫瘠末地石铿铀矿石
gregtech:ore_lean_duranium_0:3, 贫瘠沙子铿铀矿石
gregtech:ore_lean_duranium_0:4, 贫瘠红沙铿铀矿石
gregtech:ore_lean_duranium_0:5, 贫瘠花岗岩铿铀矿石
gregtech:ore_lean_duranium_0:6, 贫瘠闪长岩铿铀矿石
gregtech:ore_lean_duranium_0:7, 贫瘠安山岩铿铀矿石
gregtech:ore_lean_trinium_0:0, 贫瘠凯金矿石
gregtech:ore_lean_trinium_0:1, 贫瘠地狱岩凯金矿石
gregtech:ore_lean_trinium_0:2, 贫瘠末地石凯金矿石
gregtech:ore_lean_trinium_0:3, 贫瘠沙子凯金矿石
gregtech:ore_lean_trinium_0:4, 贫瘠红沙凯金矿石
gregtech:ore_lean_trinium_0:5, 贫瘠花岗岩凯金矿石
gregtech:ore_lean_trinium_0:6, 贫瘠闪长岩凯金矿石
gregtech:ore_lean_trinium_0:7, 贫瘠安山岩凯金矿石
gregtech:ore_lean_uranium_238_0:0, 贫瘠铀-238矿石
gregtech:ore_lean_uranium_238_0:1, 贫瘠地狱岩铀-238矿石
gregtech:ore_lean_uranium_238_0:2, 贫瘠末地石铀-238矿石
gregtech:ore_lean_uranium_238_0:3, 贫瘠沙子铀-238矿石
gregtech:ore_lean_uranium_238_0:4, 贫瘠红沙铀-238矿石
gregtech:ore_lean_uranium_238_0:5, 贫瘠花岗岩铀-238矿石
gregtech:ore_lean_uranium_238_0:6, 贫瘠闪长岩铀-238矿石
gregtech:ore_lean_uranium_238_0:7, 贫瘠安山岩铀-238矿石
gregtech:ore_lean_plutonium_0:0, 贫瘠钚矿石
gregtech:ore_lean_plutonium_0:1, 贫瘠地狱岩钚矿石
gregtech:ore_lean_plutonium_0:2, 贫瘠末地石钚矿石
gregtech:ore_lean_plutonium_0:3, 贫瘠沙子钚矿石
gregtech:ore_lean_plutonium_0:4, 贫瘠红沙钚矿石
gregtech:ore_lean_plutonium_0:5, 贫瘠花岗岩钚矿石
gregtech:ore_lean_plutonium_0:6, 贫瘠闪长岩钚矿石
gregtech:ore_lean_plutonium_0:7, 贫瘠安山岩钚矿石
gregtech:ore_lean_radium_225_0:0, 贫瘠镭-225矿石
gregtech:ore_lean_radium_225_0:1, 贫瘠地狱岩镭-225矿石
gregtech:ore_lean_radium_225_0:2, 贫瘠末地石镭-225矿石
gregtech:ore_lean_radium_225_0:3, 贫瘠沙子镭-225矿石
gregtech:ore_lean_radium_225_0:4, 贫瘠红沙镭-225矿石
gregtech:ore_lean_radium_225_0:5, 贫瘠花岗岩镭-225矿石
gregtech:ore_lean_radium_225_0:6, 贫瘠闪长岩镭-225矿石
gregtech:ore_lean_radium_225_0:7, 贫瘠安山岩镭-225矿石
gregtech:ore_lean_radium_226_0:0, 贫瘠镭-226矿石
gregtech:ore_lean_radium_226_0:1, 贫瘠地狱岩镭-226矿石
gregtech:ore_lean_radium_226_0:2, 贫瘠末地石镭-226矿石
gregtech:ore_lean_radium_226_0:3, 贫瘠沙子镭-226矿石
gregtech:ore_lean_radium_226_0:4, 贫瘠红沙镭-226矿石
gregtech:ore_lean_radium_226_0:5, 贫瘠花岗岩镭-226矿石
gregtech:ore_lean_radium_226_0:6, 贫瘠闪长岩镭-226矿石
gregtech:ore_lean_radium_226_0:7, 贫瘠安山岩镭-226矿石
gregtech:ore_lean_protactinium_231_0:0, 贫瘠镤-231矿石
gregtech:ore_lean_protactinium_231_0:1, 贫瘠地狱岩镤-231矿石
gregtech:ore_lean_protactinium_231_0:2, 贫瘠末地石镤-231矿石
gregtech:ore_lean_protactinium_231_0:3, 贫瘠沙子镤-231矿石
gregtech:ore_lean_protactinium_231_0:4, 贫瘠红沙镤-231矿石
gregtech:ore_lean_protactinium_231_0:5, 贫瘠花岗岩镤-231矿石
gregtech:ore_lean_protactinium_231_0:6, 贫瘠闪长岩镤-231矿石
gregtech:ore_lean_protactinium_231_0:7, 贫瘠安山岩镤-231矿石
gregtech:ore_lean_protactinium_233_0:0, 贫瘠镤-233矿石
gregtech:ore_lean_protactinium_233_0:1, 贫瘠地狱岩镤-233矿石
gregtech:ore_lean_protactinium_233_0:2, 贫瘠末地石镤-233矿石
gregtech:ore_lean_protactinium_233_0:3, 贫瘠沙子镤-233矿石
gregtech:ore_lean_protactinium_233_0:4, 贫瘠红沙镤-233矿石
gregtech:ore_lean_protactinium_233_0:5, 贫瘠花岗岩镤-233矿石
gregtech:ore_lean_protactinium_233_0:6, 贫瘠闪长岩镤-233矿石
gregtech:ore_lean_protactinium_233_0:7, 贫瘠安山岩镤-233矿石
gregtech:ore_lean_uranium_232_0:0, 贫瘠铀-232矿石
gregtech:ore_lean_uranium_232_0:1, 贫瘠地狱岩铀-232矿石
gregtech:ore_lean_uranium_232_0:2, 贫瘠末地石铀-232矿石
gregtech:ore_lean_uranium_232_0:3, 贫瘠沙子铀-232矿石
gregtech:ore_lean_uranium_232_0:4, 贫瘠红沙铀-232矿石
gregtech:ore_lean_uranium_232_0:5, 贫瘠花岗岩铀-232矿石
gregtech:ore_lean_uranium_232_0:6, 贫瘠闪长岩铀-232矿石
gregtech:ore_lean_uranium_232_0:7, 贫瘠安山岩铀-232矿石
gregtech:ore_lean_uranium_233_0:0, 贫瘠铀-233矿石
gregtech:ore_lean_uranium_233_0:1, 贫瘠地狱岩铀-233矿石
gregtech:ore_lean_uranium_233_0:2, 贫瘠末地石铀-233矿石
gregtech:ore_lean_uranium_233_0:3, 贫瘠沙子铀-233矿石
gregtech:ore_lean_uranium_233_0:4, 贫瘠红沙铀-233矿石
gregtech:ore_lean_uranium_233_0:5, 贫瘠花岗岩铀-233矿石
gregtech:ore_lean_uranium_233_0:6, 贫瘠闪长岩铀-233矿石
gregtech:ore_lean_uranium_233_0:7, 贫瘠安山岩铀-233矿石
gregtech:ore_lean_uranium_234_0:0, 贫瘠铀-234矿石
gregtech:ore_lean_uranium_234_0:1, 贫瘠地狱岩铀-234矿石
gregtech:ore_lean_uranium_234_0:2, 贫瘠末地石铀-234矿石
gregtech:ore_lean_uranium_234_0:3, 贫瘠沙子铀-234矿石
gregtech:ore_lean_uranium_234_0:4, 贫瘠红沙铀-234矿石
gregtech:ore_lean_uranium_234_0:5, 贫瘠花岗岩铀-234矿石
gregtech:ore_lean_uranium_234_0:6, 贫瘠闪长岩铀-234矿石
gregtech:ore_lean_uranium_234_0:7, 贫瘠安山岩铀-234矿石
gregtech:ore_lean_uranium_236_0:0, 贫瘠铀-236矿石
gregtech:ore_lean_uranium_236_0:1, 贫瘠地狱岩铀-236矿石
gregtech:ore_lean_uranium_236_0:2, 贫瘠末地石铀-236矿石
gregtech:ore_lean_uranium_236_0:3, 贫瘠沙子铀-236矿石
gregtech:ore_lean_uranium_236_0:4, 贫瘠红沙铀-236矿石
gregtech:ore_lean_uranium_236_0:5, 贫瘠花岗岩铀-236矿石
gregtech:ore_lean_uranium_236_0:6, 贫瘠闪长岩铀-236矿石
gregtech:ore_lean_uranium_236_0:7, 贫瘠安山岩铀-236矿石
gregtech:ore_lean_uranium_237_0:0, 贫瘠铀-237矿石
gregtech:ore_lean_uranium_237_0:1, 贫瘠地狱岩铀-237矿石
gregtech:ore_lean_uranium_237_0:2, 贫瘠末地石铀-237矿石
gregtech:ore_lean_uranium_237_0:3, 贫瘠沙子铀-237矿石
gregtech:ore_lean_uranium_237_0:4, 贫瘠红沙铀-237矿石
gregtech:ore_lean_uranium_237_0:5, 贫瘠花岗岩铀-237矿石
gregtech:ore_lean_uranium_237_0:6, 贫瘠闪长岩铀-237矿石
gregtech:ore_lean_uranium_237_0:7, 贫瘠安山岩铀-237矿石
gregtech:ore_lean_uranium_239_0:0, 贫瘠铀-239矿石
gregtech:ore_lean_uranium_239_0:1, 贫瘠地狱岩铀-239矿石
gregtech:ore_lean_uranium_239_0:2, 贫瘠末地石铀-239矿石
gregtech:ore_lean_uranium_239_0:3, 贫瘠沙子铀-239矿石
gregtech:ore_lean_uranium_239_0:4, 贫瘠红沙铀-239矿石
gregtech:ore_lean_uranium_239_0:5, 贫瘠花岗岩铀-239矿石
gregtech:ore_lean_uranium_239_0:6, 贫瘠闪长岩铀-239矿石
gregtech:ore_lean_uranium_239_0:7, 贫瘠安山岩铀-239矿石
gregtech:ore_lean_neptunium_235_0:0, 贫瘠镎-235矿石
gregtech:ore_lean_neptunium_235_0:1, 贫瘠地狱岩镎-235矿石
gregtech:ore_lean_neptunium_235_0:2, 贫瘠末地石镎-235矿石
gregtech:ore_lean_neptunium_235_0:3, 贫瘠沙子镎-235矿石
gregtech:ore_lean_neptunium_235_0:4, 贫瘠红沙镎-235矿石
gregtech:ore_lean_neptunium_235_0:5, 贫瘠花岗岩镎-235矿石
gregtech:ore_lean_neptunium_235_0:6, 贫瘠闪长岩镎-235矿石
gregtech:ore_lean_neptunium_235_0:7, 贫瘠安山岩镎-235矿石
gregtech:ore_lean_neptunium_236_0:0, 贫瘠镎-236矿石
gregtech:ore_lean_neptunium_236_0:1, 贫瘠地狱岩镎-236矿石
gregtech:ore_lean_neptunium_236_0:2, 贫瘠末地石镎-236矿石
gregtech:ore_lean_neptunium_236_0:3, 贫瘠沙子镎-236矿石
gregtech:ore_lean_neptunium_236_0:4, 贫瘠红沙镎-236矿石
gregtech:ore_lean_neptunium_236_0:5, 贫瘠花岗岩镎-236矿石
gregtech:ore_lean_neptunium_236_0:6, 贫瘠闪长岩镎-236矿石
gregtech:ore_lean_neptunium_236_0:7, 贫瘠安山岩镎-236矿石
gregtech:ore_lean_neptunium_237_0:0, 贫瘠镎-237矿石
gregtech:ore_lean_neptunium_237_0:1, 贫瘠地狱岩镎-237矿石
gregtech:ore_lean_neptunium_237_0:2, 贫瘠末地石镎-237矿石
gregtech:ore_lean_neptunium_237_0:3, 贫瘠沙子镎-237矿石
gregtech:ore_lean_neptunium_237_0:4, 贫瘠红沙镎-237矿石
gregtech:ore_lean_neptunium_237_0:5, 贫瘠花岗岩镎-237矿石
gregtech:ore_lean_neptunium_237_0:6, 贫瘠闪长岩镎-237矿石
gregtech:ore_lean_neptunium_237_0:7, 贫瘠安山岩镎-237矿石
gregtech:ore_lean_neptunium_238_0:0, 贫瘠镎-238矿石
gregtech:ore_lean_neptunium_238_0:1, 贫瘠地狱岩镎-238矿石
gregtech:ore_lean_neptunium_238_0:2, 贫瘠末地石镎-238矿石
gregtech:ore_lean_neptunium_238_0:3, 贫瘠沙子镎-238矿石
gregtech:ore_lean_neptunium_238_0:4, 贫瘠红沙镎-238矿石
gregtech:ore_lean_neptunium_238_0:5, 贫瘠花岗岩镎-238矿石
gregtech:ore_lean_neptunium_238_0:6, 贫瘠闪长岩镎-238矿石
gregtech:ore_lean_neptunium_238_0:7, 贫瘠安山岩镎-238矿石
gregtech:ore_lean_neptunium_239_0:0, 贫瘠镎-239矿石
gregtech:ore_lean_neptunium_239_0:1, 贫瘠地狱岩镎-239矿石
gregtech:ore_lean_neptunium_239_0:2, 贫瘠末地石镎-239矿石
gregtech:ore_lean_neptunium_239_0:3, 贫瘠沙子镎-239矿石
gregtech:ore_lean_neptunium_239_0:4, 贫瘠红沙镎-239矿石
gregtech:ore_lean_neptunium_239_0:5, 贫瘠花岗岩镎-239矿石
gregtech:ore_lean_neptunium_239_0:6, 贫瘠闪长岩镎-239矿石
gregtech:ore_lean_neptunium_239_0:7, 贫瘠安山岩镎-239矿石
gregtech:ore_lean_plutonium_236_0:0, 贫瘠钚-236矿石
gregtech:ore_lean_plutonium_236_0:1, 贫瘠地狱岩钚-236矿石
gregtech:ore_lean_plutonium_236_0:2, 贫瘠末地石钚-236矿石
gregtech:ore_lean_plutonium_236_0:3, 贫瘠沙子钚-236矿石
gregtech:ore_lean_plutonium_236_0:4, 贫瘠红沙钚-236矿石
gregtech:ore_lean_plutonium_236_0:5, 贫瘠花岗岩钚-236矿石
gregtech:ore_lean_plutonium_236_0:6, 贫瘠闪长岩钚-236矿石
gregtech:ore_lean_plutonium_236_0:7, 贫瘠安山岩钚-236矿石
gregtech:ore_lean_plutonium_237_0:0, 贫瘠钚-237矿石
gregtech:ore_lean_plutonium_237_0:1, 贫瘠地狱岩钚-237矿石
gregtech:ore_lean_plutonium_237_0:2, 贫瘠末地石钚-237矿石
gregtech:ore_lean_plutonium_237_0:3, 贫瘠沙子钚-237矿石
gregtech:ore_lean_plutonium_237_0:4, 贫瘠红沙钚-237矿石
gregtech:ore_lean_plutonium_237_0:5, 贫瘠花岗岩钚-237矿石
gregtech:ore_lean_plutonium_237_0:6, 贫瘠闪长岩钚-237矿石
gregtech:ore_lean_plutonium_237_0:7, 贫瘠安山岩钚-237矿石
gregtech:ore_lean_plutonium_238_0:0, 贫瘠钚-238矿石
gregtech:ore_lean_plutonium_238_0:1, 贫瘠地狱岩钚-238矿石
gregtech:ore_lean_plutonium_238_0:2, 贫瘠末地石钚-238矿石
gregtech:ore_lean_plutonium_238_0:3, 贫瘠沙子钚-238矿石
gregtech:ore_lean_plutonium_238_0:4, 贫瘠红沙钚-238矿石
gregtech:ore_lean_plutonium_238_0:5, 贫瘠花岗岩钚-238矿石
gregtech:ore_lean_plutonium_238_0:6, 贫瘠闪长岩钚-238矿石
gregtech:ore_lean_plutonium_238_0:7, 贫瘠安山岩钚-238矿石
gregtech:ore_lean_plutonium_240_0:0, 贫瘠钚-240矿石
gregtech:ore_lean_plutonium_240_0:1, 贫瘠地狱岩钚-240矿石
gregtech:ore_lean_plutonium_240_0:2, 贫瘠末地石钚-240矿石
gregtech:ore_lean_plutonium_240_0:3, 贫瘠沙子钚-240矿石
gregtech:ore_lean_plutonium_240_0:4, 贫瘠红沙钚-240矿石
gregtech:ore_lean_plutonium_240_0:5, 贫瘠花岗岩钚-240矿石
gregtech:ore_lean_plutonium_240_0:6, 贫瘠闪长岩钚-240矿石
gregtech:ore_lean_plutonium_240_0:7, 贫瘠安山岩钚-240矿石
gregtech:ore_lean_plutonium_242_0:0, 贫瘠钚-242矿石
gregtech:ore_lean_plutonium_242_0:1, 贫瘠地狱岩钚-242矿石
gregtech:ore_lean_plutonium_242_0:2, 贫瘠末地石钚-242矿石
gregtech:ore_lean_plutonium_242_0:3, 贫瘠沙子钚-242矿石
gregtech:ore_lean_plutonium_242_0:4, 贫瘠红沙钚-242矿石
gregtech:ore_lean_plutonium_242_0:5, 贫瘠花岗岩钚-242矿石
gregtech:ore_lean_plutonium_242_0:6, 贫瘠闪长岩钚-242矿石
gregtech:ore_lean_plutonium_242_0:7, 贫瘠安山岩钚-242矿石
gregtech:ore_lean_plutonium_243_0:0, 贫瘠钚-243矿石
gregtech:ore_lean_plutonium_243_0:1, 贫瘠地狱岩钚-243矿石
gregtech:ore_lean_plutonium_243_0:2, 贫瘠末地石钚-243矿石
gregtech:ore_lean_plutonium_243_0:3, 贫瘠沙子钚-243矿石
gregtech:ore_lean_plutonium_243_0:4, 贫瘠红沙钚-243矿石
gregtech:ore_lean_plutonium_243_0:5, 贫瘠花岗岩钚-243矿石
gregtech:ore_lean_plutonium_243_0:6, 贫瘠闪长岩钚-243矿石
gregtech:ore_lean_plutonium_243_0:7, 贫瘠安山岩钚-243矿石
gregtech:ore_lean_plutonium_244_0:0, 贫瘠钚-244矿石
gregtech:ore_lean_plutonium_244_0:1, 贫瘠地狱岩钚-244矿石
gregtech:ore_lean_plutonium_244_0:2, 贫瘠末地石钚-244矿石
gregtech:ore_lean_plutonium_244_0:3, 贫瘠沙子钚-244矿石
gregtech:ore_lean_plutonium_244_0:4, 贫瘠红沙钚-244矿石
gregtech:ore_lean_plutonium_244_0:5, 贫瘠花岗岩钚-244矿石
gregtech:ore_lean_plutonium_244_0:6, 贫瘠闪长岩钚-244矿石
gregtech:ore_lean_plutonium_244_0:7, 贫瘠安山岩钚-244矿石
gregtech:ore_lean_thorium_228_0:0, 贫瘠钍-228矿石
gregtech:ore_lean_thorium_228_0:1, 贫瘠地狱岩钍-228矿石
gregtech:ore_lean_thorium_228_0:2, 贫瘠末地石钍-228矿石
gregtech:ore_lean_thorium_228_0:3, 贫瘠沙子钍-228矿石
gregtech:ore_lean_thorium_228_0:4, 贫瘠红沙钍-228矿石
gregtech:ore_lean_thorium_228_0:5, 贫瘠花岗岩钍-228矿石
gregtech:ore_lean_thorium_228_0:6, 贫瘠闪长岩钍-228矿石
gregtech:ore_lean_thorium_228_0:7, 贫瘠安山岩钍-228矿石
gregtech:ore_lean_thorium_229_0:0, 贫瘠钍-229矿石
gregtech:ore_lean_thorium_229_0:1, 贫瘠地狱岩钍-229矿石
gregtech:ore_lean_thorium_229_0:2, 贫瘠末地石钍-229矿石
gregtech:ore_lean_thorium_229_0:3, 贫瘠沙子钍-229矿石
gregtech:ore_lean_thorium_229_0:4, 贫瘠红沙钍-229矿石
gregtech:ore_lean_thorium_229_0:5, 贫瘠花岗岩钍-229矿石
gregtech:ore_lean_thorium_229_0:6, 贫瘠闪长岩钍-229矿石
gregtech:ore_lean_thorium_229_0:7, 贫瘠安山岩钍-229矿石
gregtech:ore_lean_thorium_230_0:0, 贫瘠钍-230矿石
gregtech:ore_lean_thorium_230_0:1, 贫瘠地狱岩钍-230矿石
gregtech:ore_lean_thorium_230_0:2, 贫瘠末地石钍-230矿石
gregtech:ore_lean_thorium_230_0:3, 贫瘠沙子钍-230矿石
gregtech:ore_lean_thorium_230_0:4, 贫瘠红沙钍-230矿石
gregtech:ore_lean_thorium_230_0:5, 贫瘠花岗岩钍-230矿石
gregtech:ore_lean_thorium_230_0:6, 贫瘠闪长岩钍-230矿石
gregtech:ore_lean_thorium_230_0:7, 贫瘠安山岩钍-230矿石
gregtech:ore_lean_thorium_232_0:0, 贫瘠钍-232矿石
gregtech:ore_lean_thorium_232_0:1, 贫瘠地狱岩钍-232矿石
gregtech:ore_lean_thorium_232_0:2, 贫瘠末地石钍-232矿石
gregtech:ore_lean_thorium_232_0:3, 贫瘠沙子钍-232矿石
gregtech:ore_lean_thorium_232_0:4, 贫瘠红沙钍-232矿石
gregtech:ore_lean_thorium_232_0:5, 贫瘠花岗岩钍-232矿石
gregtech:ore_lean_thorium_232_0:6, 贫瘠闪长岩钍-232矿石
gregtech:ore_lean_thorium_232_0:7, 贫瘠安山岩钍-232矿石
gregtech:ore_lean_thorium_233_0:0, 贫瘠钍-233矿石
gregtech:ore_lean_thorium_233_0:1, 贫瘠地狱岩钍-233矿石
gregtech:ore_lean_thorium_233_0:2, 贫瘠末地石钍-233矿石
gregtech:ore_lean_thorium_233_0:3, 贫瘠沙子钍-233矿石
gregtech:ore_lean_thorium_233_0:4, 贫瘠红沙钍-233矿石
gregtech:ore_lean_thorium_233_0:5, 贫瘠花岗岩钍-233矿石
gregtech:ore_lean_thorium_233_0:6, 贫瘠闪长岩钍-233矿石
gregtech:ore_lean_thorium_233_0:7, 贫瘠安山岩钍-233矿石
gregtech:ore_lean_americium_240_0:0, 贫瘠镅-240矿石
gregtech:ore_lean_americium_240_0:1, 贫瘠地狱岩镅-240矿石
gregtech:ore_lean_americium_240_0:2, 贫瘠末地石镅-240矿石
gregtech:ore_lean_americium_240_0:3, 贫瘠沙子镅-240矿石
gregtech:ore_lean_americium_240_0:4, 贫瘠红沙镅-240矿石
gregtech:ore_lean_americium_240_0:5, 贫瘠花岗岩镅-240矿石
gregtech:ore_lean_americium_240_0:6, 贫瘠闪长岩镅-240矿石
gregtech:ore_lean_americium_240_0:7, 贫瘠安山岩镅-240矿石
gregtech:ore_lean_americium_241_0:0, 贫瘠镅-241矿石
gregtech:ore_lean_americium_241_0:1, 贫瘠地狱岩镅-241矿石
gregtech:ore_lean_americium_241_0:2, 贫瘠末地石镅-241矿石
gregtech:ore_lean_americium_241_0:3, 贫瘠沙子镅-241矿石
gregtech:ore_lean_americium_241_0:4, 贫瘠红沙镅-241矿石
gregtech:ore_lean_americium_241_0:5, 贫瘠花岗岩镅-241矿石
gregtech:ore_lean_americium_241_0:6, 贫瘠闪长岩镅-241矿石
gregtech:ore_lean_americium_241_0:7, 贫瘠安山岩镅-241矿石
gregtech:ore_lean_americium_242_0:0, 贫瘠镅-242矿石
gregtech:ore_lean_americium_242_0:1, 贫瘠地狱岩镅-242矿石
gregtech:ore_lean_americium_242_0:2, 贫瘠末地石镅-242矿石
gregtech:ore_lean_americium_242_0:3, 贫瘠沙子镅-242矿石
gregtech:ore_lean_americium_242_0:4, 贫瘠红沙镅-242矿石
gregtech:ore_lean_americium_242_0:5, 贫瘠花岗岩镅-242矿石
gregtech:ore_lean_americium_242_0:6, 贫瘠闪长岩镅-242矿石
gregtech:ore_lean_americium_242_0:7, 贫瘠安山岩镅-242矿石
gregtech:ore_lean_americium_243_0:0, 贫瘠镅-243矿石
gregtech:ore_lean_americium_243_0:1, 贫瘠地狱岩镅-243矿石
gregtech:ore_lean_americium_243_0:2, 贫瘠末地石镅-243矿石
gregtech:ore_lean_americium_243_0:3, 贫瘠沙子镅-243矿石
gregtech:ore_lean_americium_243_0:4, 贫瘠红沙镅-243矿石
gregtech:ore_lean_americium_243_0:5, 贫瘠花岗岩镅-243矿石
gregtech:ore_lean_americium_243_0:6, 贫瘠闪长岩镅-243矿石
gregtech:ore_lean_americium_243_0:7, 贫瘠安山岩镅-243矿石
gregtech:ore_lean_curium_242_0:0, 贫瘠锔-242矿石
gregtech:ore_lean_curium_242_0:1, 贫瘠地狱岩锔-242矿石
gregtech:ore_lean_curium_242_0:2, 贫瘠末地石锔-242矿石
gregtech:ore_lean_curium_242_0:3, 贫瘠沙子锔-242矿石
gregtech:ore_lean_curium_242_0:4, 贫瘠红沙锔-242矿石
gregtech:ore_lean_curium_242_0:5, 贫瘠花岗岩锔-242矿石
gregtech:ore_lean_curium_242_0:6, 贫瘠闪长岩锔-242矿石
gregtech:ore_lean_curium_242_0:7, 贫瘠安山岩锔-242矿石
gregtech:ore_lean_curium_243_0:0, 贫瘠锔-243矿石
gregtech:ore_lean_curium_243_0:1, 贫瘠地狱岩锔-243矿石
gregtech:ore_lean_curium_243_0:2, 贫瘠末地石锔-243矿石
gregtech:ore_lean_curium_243_0:3, 贫瘠沙子锔-243矿石
gregtech:ore_lean_curium_243_0:4, 贫瘠红沙锔-243矿石
gregtech:ore_lean_curium_243_0:5, 贫瘠花岗岩锔-243矿石
gregtech:ore_lean_curium_243_0:6, 贫瘠闪长岩锔-243矿石
gregtech:ore_lean_curium_243_0:7, 贫瘠安山岩锔-243矿石
gregtech:ore_lean_curium_244_0:0, 贫瘠锔-244矿石
gregtech:ore_lean_curium_244_0:1, 贫瘠地狱岩锔-244矿石
gregtech:ore_lean_curium_244_0:2, 贫瘠末地石锔-244矿石
gregtech:ore_lean_curium_244_0:3, 贫瘠沙子锔-244矿石
gregtech:ore_lean_curium_244_0:4, 贫瘠红沙锔-244矿石
gregtech:ore_lean_curium_244_0:5, 贫瘠花岗岩锔-244矿石
gregtech:ore_lean_curium_244_0:6, 贫瘠闪长岩锔-244矿石
gregtech:ore_lean_curium_244_0:7, 贫瘠安山岩锔-244矿石
gregtech:ore_lean_curium_245_0:0, 贫瘠锔-245矿石
gregtech:ore_lean_curium_245_0:1, 贫瘠地狱岩锔-245矿石
gregtech:ore_lean_curium_245_0:2, 贫瘠末地石锔-245矿石
gregtech:ore_lean_curium_245_0:3, 贫瘠沙子锔-245矿石
gregtech:ore_lean_curium_245_0:4, 贫瘠红沙锔-245矿石
gregtech:ore_lean_curium_245_0:5, 贫瘠花岗岩锔-245矿石
gregtech:ore_lean_curium_245_0:6, 贫瘠闪长岩锔-245矿石
gregtech:ore_lean_curium_245_0:7, 贫瘠安山岩锔-245矿石
gregtech:ore_lean_curium_246_0:0, 贫瘠锔-246矿石
gregtech:ore_lean_curium_246_0:1, 贫瘠地狱岩锔-246矿石
gregtech:ore_lean_curium_246_0:2, 贫瘠末地石锔-246矿石
gregtech:ore_lean_curium_246_0:3, 贫瘠沙子锔-246矿石
gregtech:ore_lean_curium_246_0:4, 贫瘠红沙锔-246矿石
gregtech:ore_lean_curium_246_0:5, 贫瘠花岗岩锔-246矿石
gregtech:ore_lean_curium_246_0:6, 贫瘠闪长岩锔-246矿石
gregtech:ore_lean_curium_246_0:7, 贫瘠安山岩锔-246矿石
gregtech:ore_lean_curium_247_0:0, 贫瘠锔-247矿石
gregtech:ore_lean_curium_247_0:1, 贫瘠地狱岩锔-247矿石
gregtech:ore_lean_curium_247_0:2, 贫瘠末地石锔-247矿石
gregtech:ore_lean_curium_247_0:3, 贫瘠沙子锔-247矿石
gregtech:ore_lean_curium_247_0:4, 贫瘠红沙锔-247矿石
gregtech:ore_lean_curium_247_0:5, 贫瘠花岗岩锔-247矿石
gregtech:ore_lean_curium_247_0:6, 贫瘠闪长岩锔-247矿石
gregtech:ore_lean_curium_247_0:7, 贫瘠安山岩锔-247矿石
gregtech:ore_lean_curium_248_0:0, 贫瘠锔-248矿石
gregtech:ore_lean_curium_248_0:1, 贫瘠地狱岩锔-248矿石
gregtech:ore_lean_curium_248_0:2, 贫瘠末地石锔-248矿石
gregtech:ore_lean_curium_248_0:3, 贫瘠沙子锔-248矿石
gregtech:ore_lean_curium_248_0:4, 贫瘠红沙锔-248矿石
gregtech:ore_lean_curium_248_0:5, 贫瘠花岗岩锔-248矿石
gregtech:ore_lean_curium_248_0:6, 贫瘠闪长岩锔-248矿石
gregtech:ore_lean_curium_248_0:7, 贫瘠安山岩锔-248矿石
gregtech:ore_lean_curium_250_0:0, 贫瘠锔-250矿石
gregtech:ore_lean_curium_250_0:1, 贫瘠地狱岩锔-250矿石
gregtech:ore_lean_curium_250_0:2, 贫瘠末地石锔-250矿石
gregtech:ore_lean_curium_250_0:3, 贫瘠沙子锔-250矿石
gregtech:ore_lean_curium_250_0:4, 贫瘠红沙锔-250矿石
gregtech:ore_lean_curium_250_0:5, 贫瘠花岗岩锔-250矿石
gregtech:ore_lean_curium_250_0:6, 贫瘠闪长岩锔-250矿石
gregtech:ore_lean_curium_250_0:7, 贫瘠安山岩锔-250矿石
gregtech:ore_lean_berkelium_249_0:0, 贫瘠锫-249矿石
gregtech:ore_lean_berkelium_249_0:1, 贫瘠地狱岩锫-249矿石
gregtech:ore_lean_berkelium_249_0:2, 贫瘠末地石锫-249矿石
gregtech:ore_lean_berkelium_249_0:3, 贫瘠沙子锫-249矿石
gregtech:ore_lean_berkelium_249_0:4, 贫瘠红沙锫-249矿石
gregtech:ore_lean_berkelium_249_0:5, 贫瘠花岗岩锫-249矿石
gregtech:ore_lean_berkelium_249_0:6, 贫瘠闪长岩锫-249矿石
gregtech:ore_lean_berkelium_249_0:7, 贫瘠安山岩锫-249矿石
gregtech:ore_lean_californium_249_0:0, 贫瘠锎-249矿石
gregtech:ore_lean_californium_249_0:1, 贫瘠地狱岩锎-249矿石
gregtech:ore_lean_californium_249_0:2, 贫瘠末地石锎-249矿石
gregtech:ore_lean_californium_249_0:3, 贫瘠沙子锎-249矿石
gregtech:ore_lean_californium_249_0:4, 贫瘠红沙锎-249矿石
gregtech:ore_lean_californium_249_0:5, 贫瘠花岗岩锎-249矿石
gregtech:ore_lean_californium_249_0:6, 贫瘠闪长岩锎-249矿石
gregtech:ore_lean_californium_249_0:7, 贫瘠安山岩锎-249矿石
gregtech:ore_lean_californium_252_0:0, 贫瘠锎-252矿石
gregtech:ore_lean_californium_252_0:1, 贫瘠地狱岩锎-252矿石
gregtech:ore_lean_californium_252_0:2, 贫瘠末地石锎-252矿石
gregtech:ore_lean_californium_252_0:3, 贫瘠沙子锎-252矿石
gregtech:ore_lean_californium_252_0:4, 贫瘠红沙锎-252矿石
gregtech:ore_lean_californium_252_0:5, 贫瘠花岗岩锎-252矿石
gregtech:ore_lean_californium_252_0:6, 贫瘠闪长岩锎-252矿石
gregtech:ore_lean_californium_252_0:7, 贫瘠安山岩锎-252矿石
gregtech:ore_lean_certus_quartz_0:0, 贫瘠赛特斯石英矿石
gregtech:ore_lean_certus_quartz_0:1, 贫瘠地狱岩赛特斯石英矿石
gregtech:ore_lean_certus_quartz_0:2, 贫瘠末地石赛特斯石英矿石
gregtech:ore_lean_certus_quartz_0:3, 贫瘠沙子赛特斯石英矿石
gregtech:ore_lean_certus_quartz_0:4, 贫瘠红沙赛特斯石英矿石
gregtech:ore_lean_certus_quartz_0:5, 贫瘠花岗岩赛特斯石英矿石
gregtech:ore_lean_certus_quartz_0:6, 贫瘠闪长岩赛特斯石英矿石
gregtech:ore_lean_certus_quartz_0:7, 贫瘠安山岩赛特斯石英矿石
gregtech:ore_lean_almandine_0:0, 贫瘠铁铝榴石矿石
gregtech:ore_lean_almandine_0:1, 贫瘠地狱岩铁铝榴石矿石
gregtech:ore_lean_almandine_0:2, 贫瘠末地石铁铝榴石矿石
gregtech:ore_lean_almandine_0:3, 贫瘠沙子铁铝榴石矿石
gregtech:ore_lean_almandine_0:4, 贫瘠红沙铁铝榴石矿石
gregtech:ore_lean_almandine_0:5, 贫瘠花岗岩铁铝榴石矿石
gregtech:ore_lean_almandine_0:6, 贫瘠闪长岩铁铝榴石矿石
gregtech:ore_lean_almandine_0:7, 贫瘠安山岩铁铝榴石矿石
gregtech:ore_lean_asbestos_0:0, 贫瘠石棉矿石
gregtech:ore_lean_asbestos_0:1, 贫瘠地狱岩石棉矿石
gregtech:ore_lean_asbestos_0:2, 贫瘠末地石石棉矿石
gregtech:ore_lean_asbestos_0:3, 贫瘠沙子石棉矿石
gregtech:ore_lean_asbestos_0:4, 贫瘠红沙石棉矿石
gregtech:ore_lean_asbestos_0:5, 贫瘠花岗岩石棉矿石
gregtech:ore_lean_asbestos_0:6, 贫瘠闪长岩石棉矿石
gregtech:ore_lean_asbestos_0:7, 贫瘠安山岩石棉矿石
gregtech:ore_lean_banded_iron_0:0, 贫瘠带状铁矿矿石
gregtech:ore_lean_banded_iron_0:1, 贫瘠地狱岩带状铁矿矿石
gregtech:ore_lean_banded_iron_0:2, 贫瘠末地石带状铁矿矿石
gregtech:ore_lean_banded_iron_0:3, 贫瘠沙子带状铁矿矿石
gregtech:ore_lean_banded_iron_0:4, 贫瘠红沙带状铁矿矿石
gregtech:ore_lean_banded_iron_0:5, 贫瘠花岗岩带状铁矿矿石
gregtech:ore_lean_banded_iron_0:6, 贫瘠闪长岩带状铁矿矿石
gregtech:ore_lean_banded_iron_0:7, 贫瘠安山岩带状铁矿矿石
gregtech:ore_lean_blue_topaz_0:0, 贫瘠蓝黄玉矿石
gregtech:ore_lean_blue_topaz_0:1, 贫瘠地狱岩蓝黄玉矿石
gregtech:ore_lean_blue_topaz_0:2, 贫瘠末地石蓝黄玉矿石
gregtech:ore_lean_blue_topaz_0:3, 贫瘠沙子蓝黄玉矿石
gregtech:ore_lean_blue_topaz_0:4, 贫瘠红沙蓝黄玉矿石
gregtech:ore_lean_blue_topaz_0:5, 贫瘠花岗岩蓝黄玉矿石
gregtech:ore_lean_blue_topaz_0:6, 贫瘠闪长岩蓝黄玉矿石
gregtech:ore_lean_blue_topaz_0:7, 贫瘠安山岩蓝黄玉矿石
gregtech:ore_lean_brown_limonite_0:0, 贫瘠棕褐铁矿矿石
gregtech:ore_lean_brown_limonite_0:1, 贫瘠地狱岩棕褐铁矿矿石
gregtech:ore_lean_brown_limonite_0:2, 贫瘠末地石棕褐铁矿矿石
gregtech:ore_lean_brown_limonite_0:3, 贫瘠沙子棕褐铁矿矿石
gregtech:ore_lean_brown_limonite_0:4, 贫瘠红沙棕褐铁矿矿石
gregtech:ore_lean_brown_limonite_0:5, 贫瘠花岗岩棕褐铁矿矿石
gregtech:ore_lean_brown_limonite_0:6, 贫瘠闪长岩棕褐铁矿矿石
gregtech:ore_lean_brown_limonite_0:7, 贫瘠安山岩棕褐铁矿矿石
gregtech:ore_lean_calcite_0:0, 贫瘠方解石矿石
gregtech:ore_lean_calcite_0:1, 贫瘠地狱岩方解石矿石
gregtech:ore_lean_calcite_0:2, 贫瘠末地石方解石矿石
gregtech:ore_lean_calcite_0:3, 贫瘠沙子方解石矿石
gregtech:ore_lean_calcite_0:4, 贫瘠红沙方解石矿石
gregtech:ore_lean_calcite_0:5, 贫瘠花岗岩方解石矿石
gregtech:ore_lean_calcite_0:6, 贫瘠闪长岩方解石矿石
gregtech:ore_lean_calcite_0:7, 贫瘠安山岩方解石矿石
gregtech:ore_lean_cassiterite_0:0, 贫瘠锡石矿石
gregtech:ore_lean_cassiterite_0:1, 贫瘠地狱岩锡石矿石
gregtech:ore_lean_cassiterite_0:2, 贫瘠末地石锡石矿石
gregtech:ore_lean_cassiterite_0:3, 贫瘠沙子锡石矿石
gregtech:ore_lean_cassiterite_0:4, 贫瘠红沙锡石矿石
gregtech:ore_lean_cassiterite_0:5, 贫瘠花岗岩锡石矿石
gregtech:ore_lean_cassiterite_0:6, 贫瘠闪长岩锡石矿石
gregtech:ore_lean_cassiterite_0:7, 贫瘠安山岩锡石矿石
gregtech:ore_lean_cassiterite_sand_0:0, 贫瘠锡石矿砂矿石
gregtech:ore_lean_cassiterite_sand_0:1, 贫瘠地狱岩锡石矿砂矿石
gregtech:ore_lean_cassiterite_sand_0:2, 贫瘠末地石锡石矿砂矿石
gregtech:ore_lean_cassiterite_sand_0:3, 贫瘠沙子锡石矿砂矿石
gregtech:ore_lean_cassiterite_sand_0:4, 贫瘠红沙锡石矿砂矿石
gregtech:ore_lean_cassiterite_sand_0:5, 贫瘠花岗岩锡石矿砂矿石
gregtech:ore_lean_cassiterite_sand_0:6, 贫瘠闪长岩锡石矿砂矿石
gregtech:ore_lean_cassiterite_sand_0:7, 贫瘠安山岩锡石矿砂矿石
gregtech:ore_lean_chalcopyrite_0:0, 贫瘠黄铜矿矿石
gregtech:ore_lean_chalcopyrite_0:1, 贫瘠地狱岩黄铜矿矿石
gregtech:ore_lean_chalcopyrite_0:2, 贫瘠末地石黄铜矿矿石
gregtech:ore_lean_chalcopyrite_0:3, 贫瘠沙子黄铜矿矿石
gregtech:ore_lean_chalcopyrite_0:4, 贫瘠红沙黄铜矿矿石
gregtech:ore_lean_chalcopyrite_0:5, 贫瘠花岗岩黄铜矿矿石
gregtech:ore_lean_chalcopyrite_0:6, 贫瘠闪长岩黄铜矿矿石
gregtech:ore_lean_chalcopyrite_0:7, 贫瘠安山岩黄铜矿矿石
gregtech:ore_lean_chromite_0:0, 贫瘠铬铁矿矿石
gregtech:ore_lean_chromite_0:1, 贫瘠地狱岩铬铁矿矿石
gregtech:ore_lean_chromite_0:2, 贫瘠末地石铬铁矿矿石
gregtech:ore_lean_chromite_0:3, 贫瘠沙子铬铁矿矿石
gregtech:ore_lean_chromite_0:4, 贫瘠红沙铬铁矿矿石
gregtech:ore_lean_chromite_0:5, 贫瘠花岗岩铬铁矿矿石
gregtech:ore_lean_chromite_0:6, 贫瘠闪长岩铬铁矿矿石
gregtech:ore_lean_chromite_0:7, 贫瘠安山岩铬铁矿矿石
gregtech:ore_lean_cinnabar_0:0, 贫瘠朱砂矿石
gregtech:ore_lean_cinnabar_0:1, 贫瘠地狱岩朱砂矿石
gregtech:ore_lean_cinnabar_0:2, 贫瘠末地石朱砂矿石
gregtech:ore_lean_cinnabar_0:3, 贫瘠沙子朱砂矿石
gregtech:ore_lean_cinnabar_0:4, 贫瘠红沙朱砂矿石
gregtech:ore_lean_cinnabar_0:5, 贫瘠花岗岩朱砂矿石
gregtech:ore_lean_cinnabar_0:6, 贫瘠闪长岩朱砂矿石
gregtech:ore_lean_cinnabar_0:7, 贫瘠安山岩朱砂矿石
gregtech:ore_lean_zircon_0:0, 贫瘠锆石矿石
gregtech:ore_lean_zircon_0:1, 贫瘠地狱岩锆石矿石
gregtech:ore_lean_zircon_0:2, 贫瘠末地石锆石矿石
gregtech:ore_lean_zircon_0:3, 贫瘠沙子锆石矿石
gregtech:ore_lean_zircon_0:4, 贫瘠红沙锆石矿石
gregtech:ore_lean_zircon_0:5, 贫瘠花岗岩锆石矿石
gregtech:ore_lean_zircon_0:6, 贫瘠闪长岩锆石矿石
gregtech:ore_lean_zircon_0:7, 贫瘠安山岩锆石矿石
gregtech:ore_lean_coal_0:0, 贫瘠煤炭矿石
gregtech:ore_lean_coal_0:1, 贫瘠地狱岩煤炭矿石
gregtech:ore_lean_coal_0:2, 贫瘠末地石煤炭矿石
gregtech:ore_lean_coal_0:3, 贫瘠沙子煤炭矿石
gregtech:ore_lean_coal_0:4, 贫瘠红沙煤炭矿石
gregtech:ore_lean_coal_0:5, 贫瘠花岗岩煤炭矿石
gregtech:ore_lean_coal_0:6, 贫瘠闪长岩煤炭矿石
gregtech:ore_lean_coal_0:7, 贫瘠安山岩煤炭矿石
gregtech:ore_lean_cobaltite_0:0, 贫瘠辉钴矿矿石
gregtech:ore_lean_cobaltite_0:1, 贫瘠地狱岩辉钴矿矿石
gregtech:ore_lean_cobaltite_0:2, 贫瘠末地石辉钴矿矿石
gregtech:ore_lean_cobaltite_0:3, 贫瘠沙子辉钴矿矿石
gregtech:ore_lean_cobaltite_0:4, 贫瘠红沙辉钴矿矿石
gregtech:ore_lean_cobaltite_0:5, 贫瘠花岗岩辉钴矿矿石
gregtech:ore_lean_cobaltite_0:6, 贫瘠闪长岩辉钴矿矿石
gregtech:ore_lean_cobaltite_0:7, 贫瘠安山岩辉钴矿矿石
gregtech:ore_lean_cooperite_0:0, 贫瘠谢尔顿矿矿石
gregtech:ore_lean_cooperite_0:1, 贫瘠地狱岩谢尔顿矿矿石
gregtech:ore_lean_cooperite_0:2, 贫瘠末地石谢尔顿矿矿石
gregtech:ore_lean_cooperite_0:3, 贫瘠沙子谢尔顿矿矿石
gregtech:ore_lean_cooperite_0:4, 贫瘠红沙谢尔顿矿矿石
gregtech:ore_lean_cooperite_0:5, 贫瘠花岗岩谢尔顿矿矿石
gregtech:ore_lean_cooperite_0:6, 贫瘠闪长岩谢尔顿矿矿石
gregtech:ore_lean_cooperite_0:7, 贫瘠安山岩谢尔顿矿矿石
gregtech:ore_lean_diamond_0:0, 贫瘠钻石矿石
gregtech:ore_lean_diamond_0:1, 贫瘠地狱岩钻石矿石
gregtech:ore_lean_diamond_0:2, 贫瘠末地石钻石矿石
gregtech:ore_lean_diamond_0:3, 贫瘠沙子钻石矿石
gregtech:ore_lean_diamond_0:4, 贫瘠红沙钻石矿石
gregtech:ore_lean_diamond_0:5, 贫瘠花岗岩钻石矿石
gregtech:ore_lean_diamond_0:6, 贫瘠闪长岩钻石矿石
gregtech:ore_lean_diamond_0:7, 贫瘠安山岩钻石矿石
gregtech:ore_lean_emerald_0:0, 贫瘠绿宝石矿石
gregtech:ore_lean_emerald_0:1, 贫瘠地狱岩绿宝石矿石
gregtech:ore_lean_emerald_0:2, 贫瘠末地石绿宝石矿石
gregtech:ore_lean_emerald_0:3, 贫瘠沙子绿宝石矿石
gregtech:ore_lean_emerald_0:4, 贫瘠红沙绿宝石矿石
gregtech:ore_lean_emerald_0:5, 贫瘠花岗岩绿宝石矿石
gregtech:ore_lean_emerald_0:6, 贫瘠闪长岩绿宝石矿石
gregtech:ore_lean_emerald_0:7, 贫瘠安山岩绿宝石矿石
gregtech:ore_lean_galena_0:0, 贫瘠方铅矿矿石
gregtech:ore_lean_galena_0:1, 贫瘠地狱岩方铅矿矿石
gregtech:ore_lean_galena_0:2, 贫瘠末地石方铅矿矿石
gregtech:ore_lean_galena_0:3, 贫瘠沙子方铅矿矿石
gregtech:ore_lean_galena_0:4, 贫瘠红沙方铅矿矿石
gregtech:ore_lean_galena_0:5, 贫瘠花岗岩方铅矿矿石
gregtech:ore_lean_galena_0:6, 贫瘠闪长岩方铅矿矿石
gregtech:ore_lean_galena_0:7, 贫瘠安山岩方铅矿矿石
gregtech:ore_lean_garnierite_0:0, 贫瘠硅镁镍矿矿石
gregtech:ore_lean_garnierite_0:1, 贫瘠地狱岩硅镁镍矿矿石
gregtech:ore_lean_garnierite_0:2, 贫瘠末地石硅镁镍矿矿石
gregtech:ore_lean_garnierite_0:3, 贫瘠沙子硅镁镍矿矿石
gregtech:ore_lean_garnierite_0:4, 贫瘠红沙硅镁镍矿矿石
gregtech:ore_lean_garnierite_0:5, 贫瘠花岗岩硅镁镍矿矿石
gregtech:ore_lean_garnierite_0:6, 贫瘠闪长岩硅镁镍矿矿石
gregtech:ore_lean_garnierite_0:7, 贫瘠安山岩硅镁镍矿矿石
gregtech:ore_lean_green_sapphire_0:0, 贫瘠绿色蓝宝石矿石
gregtech:ore_lean_green_sapphire_0:1, 贫瘠地狱岩绿色蓝宝石矿石
gregtech:ore_lean_green_sapphire_0:2, 贫瘠末地石绿色蓝宝石矿石
gregtech:ore_lean_green_sapphire_0:3, 贫瘠沙子绿色蓝宝石矿石
gregtech:ore_lean_green_sapphire_0:4, 贫瘠红沙绿色蓝宝石矿石
gregtech:ore_lean_green_sapphire_0:5, 贫瘠花岗岩绿色蓝宝石矿石
gregtech:ore_lean_green_sapphire_0:6, 贫瘠闪长岩绿色蓝宝石矿石
gregtech:ore_lean_green_sapphire_0:7, 贫瘠安山岩绿色蓝宝石矿石
gregtech:ore_lean_grossular_0:0, 贫瘠钙铝榴石矿石
gregtech:ore_lean_grossular_0:1, 贫瘠地狱岩钙铝榴石矿石
gregtech:ore_lean_grossular_0:2, 贫瘠末地石钙铝榴石矿石
gregtech:ore_lean_grossular_0:3, 贫瘠沙子钙铝榴石矿石
gregtech:ore_lean_grossular_0:4, 贫瘠红沙钙铝榴石矿石
gregtech:ore_lean_grossular_0:5, 贫瘠花岗岩钙铝榴石矿石
gregtech:ore_lean_grossular_0:6, 贫瘠闪长岩钙铝榴石矿石
gregtech:ore_lean_grossular_0:7, 贫瘠安山岩钙铝榴石矿石
gregtech:ore_lean_ilmenite_0:0, 贫瘠钛铁矿矿石
gregtech:ore_lean_ilmenite_0:1, 贫瘠地狱岩钛铁矿矿石
gregtech:ore_lean_ilmenite_0:2, 贫瘠末地石钛铁矿矿石
gregtech:ore_lean_ilmenite_0:3, 贫瘠沙子钛铁矿矿石
gregtech:ore_lean_ilmenite_0:4, 贫瘠红沙钛铁矿矿石
gregtech:ore_lean_ilmenite_0:5, 贫瘠花岗岩钛铁矿矿石
gregtech:ore_lean_ilmenite_0:6, 贫瘠闪长岩钛铁矿矿石
gregtech:ore_lean_ilmenite_0:7, 贫瘠安山岩钛铁矿矿石
gregtech:ore_lean_bauxite_0:0, 贫瘠铝土矿矿石
gregtech:ore_lean_bauxite_0:1, 贫瘠地狱岩铝土矿矿石
gregtech:ore_lean_bauxite_0:2, 贫瘠末地石铝土矿矿石
gregtech:ore_lean_bauxite_0:3, 贫瘠沙子铝土矿矿石
gregtech:ore_lean_bauxite_0:4, 贫瘠红沙铝土矿矿石
gregtech:ore_lean_bauxite_0:5, 贫瘠花岗岩铝土矿矿石
gregtech:ore_lean_bauxite_0:6, 贫瘠闪长岩铝土矿矿石
gregtech:ore_lean_bauxite_0:7, 贫瘠安山岩铝土矿矿石
gregtech:ore_lean_lazurite_0:0, 贫瘠蓝金石矿石
gregtech:ore_lean_lazurite_0:1, 贫瘠地狱岩蓝金石矿石
gregtech:ore_lean_lazurite_0:2, 贫瘠末地石蓝金石矿石
gregtech:ore_lean_lazurite_0:3, 贫瘠沙子蓝金石矿石
gregtech:ore_lean_lazurite_0:4, 贫瘠红沙蓝金石矿石
gregtech:ore_lean_lazurite_0:5, 贫瘠花岗岩蓝金石矿石
gregtech:ore_lean_lazurite_0:6, 贫瘠闪长岩蓝金石矿石
gregtech:ore_lean_lazurite_0:7, 贫瘠安山岩蓝金石矿石
gregtech:ore_lean_magnesite_0:0, 贫瘠菱镁矿矿石
gregtech:ore_lean_magnesite_0:1, 贫瘠地狱岩菱镁矿矿石
gregtech:ore_lean_magnesite_0:2, 贫瘠末地石菱镁矿矿石
gregtech:ore_lean_magnesite_0:3, 贫瘠沙子菱镁矿矿石
gregtech:ore_lean_magnesite_0:4, 贫瘠红沙菱镁矿矿石
gregtech:ore_lean_magnesite_0:5, 贫瘠花岗岩菱镁矿矿石
gregtech:ore_lean_magnesite_0:6, 贫瘠闪长岩菱镁矿矿石
gregtech:ore_lean_magnesite_0:7, 贫瘠安山岩菱镁矿矿石
gregtech:ore_lean_magnetite_0:0, 贫瘠磁铁矿矿石
gregtech:ore_lean_magnetite_0:1, 贫瘠地狱岩磁铁矿矿石
gregtech:ore_lean_magnetite_0:2, 贫瘠末地石磁铁矿矿石
gregtech:ore_lean_magnetite_0:3, 贫瘠沙子磁铁矿矿石
gregtech:ore_lean_magnetite_0:4, 贫瘠红沙磁铁矿矿石
gregtech:ore_lean_magnetite_0:5, 贫瘠花岗岩磁铁矿矿石
gregtech:ore_lean_magnetite_0:6, 贫瘠闪长岩磁铁矿矿石
gregtech:ore_lean_magnetite_0:7, 贫瘠安山岩磁铁矿矿石
gregtech:ore_lean_molybdenite_0:0, 贫瘠辉钼矿矿石
gregtech:ore_lean_molybdenite_0:1, 贫瘠地狱岩辉钼矿矿石
gregtech:ore_lean_molybdenite_0:2, 贫瘠末地石辉钼矿矿石
gregtech:ore_lean_molybdenite_0:3, 贫瘠沙子辉钼矿矿石
gregtech:ore_lean_molybdenite_0:4, 贫瘠红沙辉钼矿矿石
gregtech:ore_lean_molybdenite_0:5, 贫瘠花岗岩辉钼矿矿石
gregtech:ore_lean_molybdenite_0:6, 贫瘠闪长岩辉钼矿矿石
gregtech:ore_lean_molybdenite_0:7, 贫瘠安山岩辉钼矿矿石
gregtech:ore_lean_powellite_0:0, 贫瘠钼钙矿矿石
gregtech:ore_lean_powellite_0:1, 贫瘠地狱岩钼钙矿矿石
gregtech:ore_lean_powellite_0:2, 贫瘠末地石钼钙矿矿石
gregtech:ore_lean_powellite_0:3, 贫瘠沙子钼钙矿矿石
gregtech:ore_lean_powellite_0:4, 贫瘠红沙钼钙矿矿石
gregtech:ore_lean_powellite_0:5, 贫瘠花岗岩钼钙矿矿石
gregtech:ore_lean_powellite_0:6, 贫瘠闪长岩钼钙矿矿石
gregtech:ore_lean_powellite_0:7, 贫瘠安山岩钼钙矿矿石
gregtech:ore_lean_pyrite_0:0, 贫瘠黄铁矿矿石
gregtech:ore_lean_pyrite_0:1, 贫瘠地狱岩黄铁矿矿石
gregtech:ore_lean_pyrite_0:2, 贫瘠末地石黄铁矿矿石
gregtech:ore_lean_pyrite_0:3, 贫瘠沙子黄铁矿矿石
gregtech:ore_lean_pyrite_0:4, 贫瘠红沙黄铁矿矿石
gregtech:ore_lean_pyrite_0:5, 贫瘠花岗岩黄铁矿矿石
gregtech:ore_lean_pyrite_0:6, 贫瘠闪长岩黄铁矿矿石
gregtech:ore_lean_pyrite_0:7, 贫瘠安山岩黄铁矿矿石
gregtech:ore_lean_pyrolusite_0:0, 贫瘠软锰矿矿石
gregtech:ore_lean_pyrolusite_0:1, 贫瘠地狱岩软锰矿矿石
gregtech:ore_lean_pyrolusite_0:2, 贫瘠末地石软锰矿矿石
gregtech:ore_lean_pyrolusite_0:3, 贫瘠沙子软锰矿矿石
gregtech:ore_lean_pyrolusite_0:4, 贫瘠红沙软锰矿矿石
gregtech:ore_lean_pyrolusite_0:5, 贫瘠花岗岩软锰矿矿石
gregtech:ore_lean_pyrolusite_0:6, 贫瘠闪长岩软锰矿矿石
gregtech:ore_lean_pyrolusite_0:7, 贫瘠安山岩软锰矿矿石
gregtech:ore_lean_pyrope_0:0, 贫瘠镁铝榴石矿石
gregtech:ore_lean_pyrope_0:1, 贫瘠地狱岩镁铝榴石矿石
gregtech:ore_lean_pyrope_0:2, 贫瘠末地石镁铝榴石矿石
gregtech:ore_lean_pyrope_0:3, 贫瘠沙子镁铝榴石矿石
gregtech:ore_lean_pyrope_0:4, 贫瘠红沙镁铝榴石矿石
gregtech:ore_lean_pyrope_0:5, 贫瘠花岗岩镁铝榴石矿石
gregtech:ore_lean_pyrope_0:6, 贫瘠闪长岩镁铝榴石矿石
gregtech:ore_lean_pyrope_0:7, 贫瘠安山岩镁铝榴石矿石
gregtech:ore_lean_rock_salt_0:0, 贫瘠岩盐矿石
gregtech:ore_lean_rock_salt_0:1, 贫瘠地狱岩岩盐矿石
gregtech:ore_lean_rock_salt_0:2, 贫瘠末地石岩盐矿石
gregtech:ore_lean_rock_salt_0:3, 贫瘠沙子岩盐矿石
gregtech:ore_lean_rock_salt_0:4, 贫瘠红沙岩盐矿石
gregtech:ore_lean_rock_salt_0:5, 贫瘠花岗岩岩盐矿石
gregtech:ore_lean_rock_salt_0:6, 贫瘠闪长岩岩盐矿石
gregtech:ore_lean_rock_salt_0:7, 贫瘠安山岩岩盐矿石
gregtech:ore_lean_ruby_0:0, 贫瘠红宝石矿石
gregtech:ore_lean_ruby_0:1, 贫瘠地狱岩红宝石矿石
gregtech:ore_lean_ruby_0:2, 贫瘠末地石红宝石矿石
gregtech:ore_lean_ruby_0:3, 贫瘠沙子红宝石矿石
gregtech:ore_lean_ruby_0:4, 贫瘠红沙红宝石矿石
gregtech:ore_lean_ruby_0:5, 贫瘠花岗岩红宝石矿石
gregtech:ore_lean_ruby_0:6, 贫瘠闪长岩红宝石矿石
gregtech:ore_lean_ruby_0:7, 贫瘠安山岩红宝石矿石
gregtech:ore_lean_salt_0:0, 贫瘠盐矿石
gregtech:ore_lean_salt_0:1, 贫瘠地狱岩盐矿石
gregtech:ore_lean_salt_0:2, 贫瘠末地石盐矿石
gregtech:ore_lean_salt_0:3, 贫瘠沙子盐矿石
gregtech:ore_lean_salt_0:4, 贫瘠红沙盐矿石
gregtech:ore_lean_salt_0:5, 贫瘠花岗岩盐矿石
gregtech:ore_lean_salt_0:6, 贫瘠闪长岩盐矿石
gregtech:ore_lean_salt_0:7, 贫瘠安山岩盐矿石
gregtech:ore_lean_saltpeter_0:0, 贫瘠硝石矿石
gregtech:ore_lean_saltpeter_0:1, 贫瘠地狱岩硝石矿石
gregtech:ore_lean_saltpeter_0:2, 贫瘠末地石硝石矿石
gregtech:ore_lean_saltpeter_0:3, 贫瘠沙子硝石矿石
gregtech:ore_lean_saltpeter_0:4, 贫瘠红沙硝石矿石
gregtech:ore_lean_saltpeter_0:5, 贫瘠花岗岩硝石矿石
gregtech:ore_lean_saltpeter_0:6, 贫瘠闪长岩硝石矿石
gregtech:ore_lean_saltpeter_0:7, 贫瘠安山岩硝石矿石
gregtech:ore_lean_sapphire_0:0, 贫瘠蓝宝石矿石
gregtech:ore_lean_sapphire_0:1, 贫瘠地狱岩蓝宝石矿石
gregtech:ore_lean_sapphire_0:2, 贫瘠末地石蓝宝石矿石
gregtech:ore_lean_sapphire_0:3, 贫瘠沙子蓝宝石矿石
gregtech:ore_lean_sapphire_0:4, 贫瘠红沙蓝宝石矿石
gregtech:ore_lean_sapphire_0:5, 贫瘠花岗岩蓝宝石矿石
gregtech:ore_lean_sapphire_0:6, 贫瘠闪长岩蓝宝石矿石
gregtech:ore_lean_sapphire_0:7, 贫瘠安山岩蓝宝石矿石
gregtech:ore_lean_scheelite_0:0, 贫瘠白钨矿矿石
gregtech:ore_lean_scheelite_0:1, 贫瘠地狱岩白钨矿矿石
gregtech:ore_lean_scheelite_0:2, 贫瘠末地石白钨矿矿石
gregtech:ore_lean_scheelite_0:3, 贫瘠沙子白钨矿矿石
gregtech:ore_lean_scheelite_0:4, 贫瘠红沙白钨矿矿石
gregtech:ore_lean_scheelite_0:5, 贫瘠花岗岩白钨矿矿石
gregtech:ore_lean_scheelite_0:6, 贫瘠闪长岩白钨矿矿石
gregtech:ore_lean_scheelite_0:7, 贫瘠安山岩白钨矿矿石
gregtech:ore_lean_sodalite_0:0, 贫瘠方钠石矿石
gregtech:ore_lean_sodalite_0:1, 贫瘠地狱岩方钠石矿石
gregtech:ore_lean_sodalite_0:2, 贫瘠末地石方钠石矿石
gregtech:ore_lean_sodalite_0:3, 贫瘠沙子方钠石矿石
gregtech:ore_lean_sodalite_0:4, 贫瘠红沙方钠石矿石
gregtech:ore_lean_sodalite_0:5, 贫瘠花岗岩方钠石矿石
gregtech:ore_lean_sodalite_0:6, 贫瘠闪长岩方钠石矿石
gregtech:ore_lean_sodalite_0:7, 贫瘠安山岩方钠石矿石
gregtech:ore_lean_tantalite_0:0, 贫瘠钽铁矿矿石
gregtech:ore_lean_tantalite_0:1, 贫瘠地狱岩钽铁矿矿石
gregtech:ore_lean_tantalite_0:2, 贫瘠末地石钽铁矿矿石
gregtech:ore_lean_tantalite_0:3, 贫瘠沙子钽铁矿矿石
gregtech:ore_lean_tantalite_0:4, 贫瘠红沙钽铁矿矿石
gregtech:ore_lean_tantalite_0:5, 贫瘠花岗岩钽铁矿矿石
gregtech:ore_lean_tantalite_0:6, 贫瘠闪长岩钽铁矿矿石
gregtech:ore_lean_tantalite_0:7, 贫瘠安山岩钽铁矿矿石
gregtech:ore_lean_spessartine_0:0, 贫瘠锰铝榴石矿石
gregtech:ore_lean_spessartine_0:1, 贫瘠地狱岩锰铝榴石矿石
gregtech:ore_lean_spessartine_0:2, 贫瘠末地石锰铝榴石矿石
gregtech:ore_lean_spessartine_0:3, 贫瘠沙子锰铝榴石矿石
gregtech:ore_lean_spessartine_0:4, 贫瘠红沙锰铝榴石矿石
gregtech:ore_lean_spessartine_0:5, 贫瘠花岗岩锰铝榴石矿石
gregtech:ore_lean_spessartine_0:6, 贫瘠闪长岩锰铝榴石矿石
gregtech:ore_lean_spessartine_0:7, 贫瘠安山岩锰铝榴石矿石
gregtech:ore_lean_sphalerite_0:0, 贫瘠闪锌矿矿石
gregtech:ore_lean_sphalerite_0:1, 贫瘠地狱岩闪锌矿矿石
gregtech:ore_lean_sphalerite_0:2, 贫瘠末地石闪锌矿矿石
gregtech:ore_lean_sphalerite_0:3, 贫瘠沙子闪锌矿矿石
gregtech:ore_lean_sphalerite_0:4, 贫瘠红沙闪锌矿矿石
gregtech:ore_lean_sphalerite_0:5, 贫瘠花岗岩闪锌矿矿石
gregtech:ore_lean_sphalerite_0:6, 贫瘠闪长岩闪锌矿矿石
gregtech:ore_lean_sphalerite_0:7, 贫瘠安山岩闪锌矿矿石
gregtech:ore_lean_stibnite_0:0, 贫瘠辉锑矿矿石
gregtech:ore_lean_stibnite_0:1, 贫瘠地狱岩辉锑矿矿石
gregtech:ore_lean_stibnite_0:2, 贫瘠末地石辉锑矿矿石
gregtech:ore_lean_stibnite_0:3, 贫瘠沙子辉锑矿矿石
gregtech:ore_lean_stibnite_0:4, 贫瘠红沙辉锑矿矿石
gregtech:ore_lean_stibnite_0:5, 贫瘠花岗岩辉锑矿矿石
gregtech:ore_lean_stibnite_0:6, 贫瘠闪长岩辉锑矿矿石
gregtech:ore_lean_stibnite_0:7, 贫瘠安山岩辉锑矿矿石
gregtech:ore_lean_tetrahedrite_0:0, 贫瘠黝铜矿矿石
gregtech:ore_lean_tetrahedrite_0:1, 贫瘠地狱岩黝铜矿矿石
gregtech:ore_lean_tetrahedrite_0:2, 贫瘠末地石黝铜矿矿石
gregtech:ore_lean_tetrahedrite_0:3, 贫瘠沙子黝铜矿矿石
gregtech:ore_lean_tetrahedrite_0:4, 贫瘠红沙黝铜矿矿石
gregtech:ore_lean_tetrahedrite_0:5, 贫瘠花岗岩黝铜矿矿石
gregtech:ore_lean_tetrahedrite_0:6, 贫瘠闪长岩黝铜矿矿石
gregtech:ore_lean_tetrahedrite_0:7, 贫瘠安山岩黝铜矿矿石
gregtech:ore_lean_topaz_0:0, 贫瘠黄玉矿石
gregtech:ore_lean_topaz_0:1, 贫瘠地狱岩黄玉矿石
gregtech:ore_lean_topaz_0:2, 贫瘠末地石黄玉矿石
gregtech:ore_lean_topaz_0:3, 贫瘠沙子黄玉矿石
gregtech:ore_lean_topaz_0:4, 贫瘠红沙黄玉矿石
gregtech:ore_lean_topaz_0:5, 贫瘠花岗岩黄玉矿石
gregtech:ore_lean_topaz_0:6, 贫瘠闪长岩黄玉矿石
gregtech:ore_lean_topaz_0:7, 贫瘠安山岩黄玉矿石
gregtech:ore_lean_tungstate_0:0, 贫瘠钨酸锂矿石
gregtech:ore_lean_tungstate_0:1, 贫瘠地狱岩钨酸锂矿石
gregtech:ore_lean_tungstate_0:2, 贫瘠末地石钨酸锂矿石
gregtech:ore_lean_tungstate_0:3, 贫瘠沙子钨酸锂矿石
gregtech:ore_lean_tungstate_0:4, 贫瘠红沙钨酸锂矿石
gregtech:ore_lean_tungstate_0:5, 贫瘠花岗岩钨酸锂矿石
gregtech:ore_lean_tungstate_0:6, 贫瘠闪长岩钨酸锂矿石
gregtech:ore_lean_tungstate_0:7, 贫瘠安山岩钨酸锂矿石
gregtech:ore_lean_uraninite_0:0, 贫瘠晶质铀矿矿石
gregtech:ore_lean_uraninite_0:1, 贫瘠地狱岩晶质铀矿矿石
gregtech:ore_lean_uraninite_0:2, 贫瘠末地石晶质铀矿矿石
gregtech:ore_lean_uraninite_0:3, 贫瘠沙子晶质铀矿矿石
gregtech:ore_lean_uraninite_0:4, 贫瘠红沙晶质铀矿矿石
gregtech:ore_lean_uraninite_0:5, 贫瘠花岗岩晶质铀矿矿石
gregtech:ore_lean_uraninite_0:6, 贫瘠闪长岩晶质铀矿矿石
gregtech:ore_lean_uraninite_0:7, 贫瘠安山岩晶质铀矿矿石
gregtech:ore_lean_wulfenite_0:0, 贫瘠钼铅矿矿石
gregtech:ore_lean_wulfenite_0:1, 贫瘠地狱岩钼铅矿矿石
gregtech:ore_lean_wulfenite_0:2, 贫瘠末地石钼铅矿矿石
gregtech:ore_lean_wulfenite_0:3, 贫瘠沙子钼铅矿矿石
gregtech:ore_lean_wulfenite_0:4, 贫瘠红沙钼铅矿矿石
gregtech:ore_lean_wulfenite_0:5, 贫瘠花岗岩钼铅矿矿石
gregtech:ore_lean_wulfenite_0:6, 贫瘠闪长岩钼铅矿矿石
gregtech:ore_lean_wulfenite_0:7, 贫瘠安山岩钼铅矿矿石
gregtech:ore_lean_yellow_limonite_0:0, 贫瘠黄褐铁矿矿石
gregtech:ore_lean_yellow_limonite_0:1, 贫瘠地狱岩黄褐铁矿矿石
gregtech:ore_lean_yellow_limonite_0:2, 贫瘠末地石黄褐铁矿矿石
gregtech:ore_lean_yellow_limonite_0:3, 贫瘠沙子黄褐铁矿矿石
gregtech:ore_lean_yellow_limonite_0:4, 贫瘠红沙黄褐铁矿矿石
gregtech:ore_lean_yellow_limonite_0:5, 贫瘠花岗岩黄褐铁矿矿石
gregtech:ore_lean_yellow_limonite_0:6, 贫瘠闪长岩黄褐铁矿矿石
gregtech:ore_lean_yellow_limonite_0:7, 贫瘠安山岩黄褐铁矿矿石
gregtech:ore_lean_nether_quartz_0:0, 贫瘠下界石英矿石
gregtech:ore_lean_nether_quartz_0:1, 贫瘠地狱岩下界石英矿石
gregtech:ore_lean_nether_quartz_0:2, 贫瘠末地石下界石英矿石
gregtech:ore_lean_nether_quartz_0:3, 贫瘠沙子下界石英矿石
gregtech:ore_lean_nether_quartz_0:4, 贫瘠红沙下界石英矿石
gregtech:ore_lean_nether_quartz_0:5, 贫瘠花岗岩下界石英矿石
gregtech:ore_lean_nether_quartz_0:6, 贫瘠闪长岩下界石英矿石
gregtech:ore_lean_nether_quartz_0:7, 贫瘠安山岩下界石英矿石
gregtech:ore_lean_quartzite_0:0, 贫瘠石英岩矿石
gregtech:ore_lean_quartzite_0:1, 贫瘠地狱岩石英岩矿石
gregtech:ore_lean_quartzite_0:2, 贫瘠末地石石英岩矿石
gregtech:ore_lean_quartzite_0:3, 贫瘠沙子石英岩矿石
gregtech:ore_lean_quartzite_0:4, 贫瘠红沙石英岩矿石
gregtech:ore_lean_quartzite_0:5, 贫瘠花岗岩石英岩矿石
gregtech:ore_lean_quartzite_0:6, 贫瘠闪长岩石英岩矿石
gregtech:ore_lean_quartzite_0:7, 贫瘠安山岩石英岩矿石
gregtech:ore_lean_graphite_0:0, 贫瘠石墨矿石
gregtech:ore_lean_graphite_0:1, 贫瘠地狱岩石墨矿石
gregtech:ore_lean_graphite_0:2, 贫瘠末地石石墨矿石
gregtech:ore_lean_graphite_0:3, 贫瘠沙子石墨矿石
gregtech:ore_lean_graphite_0:4, 贫瘠红沙石墨矿石
gregtech:ore_lean_graphite_0:5, 贫瘠花岗岩石墨矿石
gregtech:ore_lean_graphite_0:6, 贫瘠闪长岩石墨矿石
gregtech:ore_lean_graphite_0:7, 贫瘠安山岩石墨矿石
gregtech:ore_lean_bornite_0:0, 贫瘠斑铜矿矿石
gregtech:ore_lean_bornite_0:1, 贫瘠地狱岩斑铜矿矿石
gregtech:ore_lean_bornite_0:2, 贫瘠末地石斑铜矿矿石
gregtech:ore_lean_bornite_0:3, 贫瘠沙子斑铜矿矿石
gregtech:ore_lean_bornite_0:4, 贫瘠红沙斑铜矿矿石
gregtech:ore_lean_bornite_0:5, 贫瘠花岗岩斑铜矿矿石
gregtech:ore_lean_bornite_0:6, 贫瘠闪长岩斑铜矿矿石
gregtech:ore_lean_bornite_0:7, 贫瘠安山岩斑铜矿矿石
gregtech:ore_lean_chalcocite_0:0, 贫瘠辉铜矿矿石
gregtech:ore_lean_chalcocite_0:1, 贫瘠地狱岩辉铜矿矿石
gregtech:ore_lean_chalcocite_0:2, 贫瘠末地石辉铜矿矿石
gregtech:ore_lean_chalcocite_0:3, 贫瘠沙子辉铜矿矿石
gregtech:ore_lean_chalcocite_0:4, 贫瘠红沙辉铜矿矿石
gregtech:ore_lean_chalcocite_0:5, 贫瘠花岗岩辉铜矿矿石
gregtech:ore_lean_chalcocite_0:6, 贫瘠闪长岩辉铜矿矿石
gregtech:ore_lean_chalcocite_0:7, 贫瘠安山岩辉铜矿矿石
gregtech:ore_lean_realgar_0:0, 贫瘠雄黄矿石
gregtech:ore_lean_realgar_0:1, 贫瘠地狱岩雄黄矿石
gregtech:ore_lean_realgar_0:2, 贫瘠末地石雄黄矿石
gregtech:ore_lean_realgar_0:3, 贫瘠沙子雄黄矿石
gregtech:ore_lean_realgar_0:4, 贫瘠红沙雄黄矿石
gregtech:ore_lean_realgar_0:5, 贫瘠花岗岩雄黄矿石
gregtech:ore_lean_realgar_0:6, 贫瘠闪长岩雄黄矿石
gregtech:ore_lean_realgar_0:7, 贫瘠安山岩雄黄矿石
gregtech:ore_lean_bastnasite_0:0, 贫瘠氟碳镧铈矿矿石
gregtech:ore_lean_bastnasite_0:1, 贫瘠地狱岩氟碳镧铈矿矿石
gregtech:ore_lean_bastnasite_0:2, 贫瘠末地石氟碳镧铈矿矿石
gregtech:ore_lean_bastnasite_0:3, 贫瘠沙子氟碳镧铈矿矿石
gregtech:ore_lean_bastnasite_0:4, 贫瘠红沙氟碳镧铈矿矿石
gregtech:ore_lean_bastnasite_0:5, 贫瘠花岗岩氟碳镧铈矿矿石
gregtech:ore_lean_bastnasite_0:6, 贫瘠闪长岩氟碳镧铈矿矿石
gregtech:ore_lean_bastnasite_0:7, 贫瘠安山岩氟碳镧铈矿矿石
gregtech:ore_lean_pentlandite_0:0, 贫瘠镍黄铁矿矿石
gregtech:ore_lean_pentlandite_0:1, 贫瘠地狱岩镍黄铁矿矿石
gregtech:ore_lean_pentlandite_0:2, 贫瘠末地石镍黄铁矿矿石
gregtech:ore_lean_pentlandite_0:3, 贫瘠沙子镍黄铁矿矿石
gregtech:ore_lean_pentlandite_0:4, 贫瘠红沙镍黄铁矿矿石
gregtech:ore_lean_pentlandite_0:5, 贫瘠花岗岩镍黄铁矿矿石
gregtech:ore_lean_pentlandite_0:6, 贫瘠闪长岩镍黄铁矿矿石
gregtech:ore_lean_pentlandite_0:7, 贫瘠安山岩镍黄铁矿矿石
gregtech:ore_lean_spodumene_0:0, 贫瘠锂辉石矿石
gregtech:ore_lean_spodumene_0:1, 贫瘠地狱岩锂辉石矿石
gregtech:ore_lean_spodumene_0:2, 贫瘠末地石锂辉石矿石
gregtech:ore_lean_spodumene_0:3, 贫瘠沙子锂辉石矿石
gregtech:ore_lean_spodumene_0:4, 贫瘠红沙锂辉石矿石
gregtech:ore_lean_spodumene_0:5, 贫瘠花岗岩锂辉石矿石
gregtech:ore_lean_spodumene_0:6, 贫瘠闪长岩锂辉石矿石
gregtech:ore_lean_spodumene_0:7, 贫瘠安山岩锂辉石矿石
gregtech:ore_lean_lepidolite_0:0, 贫瘠锂云母矿石
gregtech:ore_lean_lepidolite_0:1, 贫瘠地狱岩锂云母矿石
gregtech:ore_lean_lepidolite_0:2, 贫瘠末地石锂云母矿石
gregtech:ore_lean_lepidolite_0:3, 贫瘠沙子锂云母矿石
gregtech:ore_lean_lepidolite_0:4, 贫瘠红沙锂云母矿石
gregtech:ore_lean_lepidolite_0:5, 贫瘠花岗岩锂云母矿石
gregtech:ore_lean_lepidolite_0:6, 贫瘠闪长岩锂云母矿石
gregtech:ore_lean_lepidolite_0:7, 贫瘠安山岩锂云母矿石
gregtech:ore_lean_glauconite_sand_0:0, 贫瘠海绿石矿砂矿石
gregtech:ore_lean_glauconite_sand_0:1, 贫瘠地狱岩海绿石矿砂矿石
gregtech:ore_lean_glauconite_sand_0:2, 贫瘠末地石海绿石矿砂矿石
gregtech:ore_lean_glauconite_sand_0:3, 贫瘠沙子海绿石矿砂矿石
gregtech:ore_lean_glauconite_sand_0:4, 贫瘠红沙海绿石矿砂矿石
gregtech:ore_lean_glauconite_sand_0:5, 贫瘠花岗岩海绿石矿砂矿石
gregtech:ore_lean_glauconite_sand_0:6, 贫瘠闪长岩海绿石矿砂矿石
gregtech:ore_lean_glauconite_sand_0:7, 贫瘠安山岩海绿石矿砂矿石
gregtech:ore_lean_malachite_0:0, 贫瘠孔雀石矿石
gregtech:ore_lean_malachite_0:1, 贫瘠地狱岩孔雀石矿石
gregtech:ore_lean_malachite_0:2, 贫瘠末地石孔雀石矿石
gregtech:ore_lean_malachite_0:3, 贫瘠沙子孔雀石矿石
gregtech:ore_lean_malachite_0:4, 贫瘠红沙孔雀石矿石
gregtech:ore_lean_malachite_0:5, 贫瘠花岗岩孔雀石矿石
gregtech:ore_lean_malachite_0:6, 贫瘠闪长岩孔雀石矿石
gregtech:ore_lean_malachite_0:7, 贫瘠安山岩孔雀石矿石
gregtech:ore_lean_mica_0:0, 贫瘠云母矿石
gregtech:ore_lean_mica_0:1, 贫瘠地狱岩云母矿石
gregtech:ore_lean_mica_0:2, 贫瘠末地石云母矿石
gregtech:ore_lean_mica_0:3, 贫瘠沙子云母矿石
gregtech:ore_lean_mica_0:4, 贫瘠红沙云母矿石
gregtech:ore_lean_mica_0:5, 贫瘠花岗岩云母矿石
gregtech:ore_lean_mica_0:6, 贫瘠闪长岩云母矿石
gregtech:ore_lean_mica_0:7, 贫瘠安山岩云母矿石
gregtech:ore_lean_barite_0:0, 贫瘠重晶石矿石
gregtech:ore_lean_barite_0:1, 贫瘠地狱岩重晶石矿石
gregtech:ore_lean_barite_0:2, 贫瘠末地石重晶石矿石
gregtech:ore_lean_barite_0:3, 贫瘠沙子重晶石矿石
gregtech:ore_lean_barite_0:4, 贫瘠红沙重晶石矿石
gregtech:ore_lean_barite_0:5, 贫瘠花岗岩重晶石矿石
gregtech:ore_lean_barite_0:6, 贫瘠闪长岩重晶石矿石
gregtech:ore_lean_barite_0:7, 贫瘠安山岩重晶石矿石
gregtech:ore_lean_alunite_0:0, 贫瘠明矾石矿石
gregtech:ore_lean_alunite_0:1, 贫瘠地狱岩明矾石矿石
gregtech:ore_lean_alunite_0:2, 贫瘠末地石明矾石矿石
gregtech:ore_lean_alunite_0:3, 贫瘠沙子明矾石矿石
gregtech:ore_lean_alunite_0:4, 贫瘠红沙明矾石矿石
gregtech:ore_lean_alunite_0:5, 贫瘠花岗岩明矾石矿石
gregtech:ore_lean_alunite_0:6, 贫瘠闪长岩明矾石矿石
gregtech:ore_lean_alunite_0:7, 贫瘠安山岩明矾石矿石
gregtech:ore_lean_talc_0:0, 贫瘠滑石矿石
gregtech:ore_lean_talc_0:1, 贫瘠地狱岩滑石矿石
gregtech:ore_lean_talc_0:2, 贫瘠末地石滑石矿石
gregtech:ore_lean_talc_0:3, 贫瘠沙子滑石矿石
gregtech:ore_lean_talc_0:4, 贫瘠红沙滑石矿石
gregtech:ore_lean_talc_0:5, 贫瘠花岗岩滑石矿石
gregtech:ore_lean_talc_0:6, 贫瘠闪长岩滑石矿石
gregtech:ore_lean_talc_0:7, 贫瘠安山岩滑石矿石
gregtech:ore_lean_soapstone_0:0, 贫瘠皂石矿石
gregtech:ore_lean_soapstone_0:1, 贫瘠地狱岩皂石矿石
gregtech:ore_lean_soapstone_0:2, 贫瘠末地石皂石矿石
gregtech:ore_lean_soapstone_0:3, 贫瘠沙子皂石矿石
gregtech:ore_lean_soapstone_0:4, 贫瘠红沙皂石矿石
gregtech:ore_lean_soapstone_0:5, 贫瘠花岗岩皂石矿石
gregtech:ore_lean_soapstone_0:6, 贫瘠闪长岩皂石矿石
gregtech:ore_lean_soapstone_0:7, 贫瘠安山岩皂石矿石
gregtech:ore_lean_kyanite_0:0, 贫瘠蓝晶石矿石
gregtech:ore_lean_kyanite_0:1, 贫瘠地狱岩蓝晶石矿石
gregtech:ore_lean_kyanite_0:2, 贫瘠末地石蓝晶石矿石
gregtech:ore_lean_kyanite_0:3, 贫瘠沙子蓝晶石矿石
gregtech:ore_lean_kyanite_0:4, 贫瘠红沙蓝晶石矿石
gregtech:ore_lean_kyanite_0:5, 贫瘠花岗岩蓝晶石矿石
gregtech:ore_lean_kyanite_0:6, 贫瘠闪长岩蓝晶石矿石
gregtech:ore_lean_kyanite_0:7, 贫瘠安山岩蓝晶石矿石
gregtech:ore_lean_pyrochlore_0:0, 贫瘠烧绿石矿石
gregtech:ore_lean_pyrochlore_0:1, 贫瘠地狱岩烧绿石矿石
gregtech:ore_lean_pyrochlore_0:2, 贫瘠末地石烧绿石矿石
gregtech:ore_lean_pyrochlore_0:3, 贫瘠沙子烧绿石矿石
gregtech:ore_lean_pyrochlore_0:4, 贫瘠红沙烧绿石矿石
gregtech:ore_lean_pyrochlore_0:5, 贫瘠花岗岩烧绿石矿石
gregtech:ore_lean_pyrochlore_0:6, 贫瘠闪长岩烧绿石矿石
gregtech:ore_lean_pyrochlore_0:7, 贫瘠安山岩烧绿石矿石
gregtech:ore_lean_oilsands_0:0, 贫瘠油砂矿石
gregtech:ore_lean_oilsands_0:1, 贫瘠地狱岩油砂矿石
gregtech:ore_lean_oilsands_0:2, 贫瘠末地石油砂矿石
gregtech:ore_lean_oilsands_0:3, 贫瘠沙子油砂矿石
gregtech:ore_lean_oilsands_0:4, 贫瘠红沙油砂矿石
gregtech:ore_lean_oilsands_0:5, 贫瘠花岗岩油砂矿石
gregtech:ore_lean_oilsands_0:6, 贫瘠闪长岩油砂矿石
gregtech:ore_lean_oilsands_0:7, 贫瘠安山岩油砂矿石
gregtech:ore_lean_glowstone_0:0, 贫瘠荧石矿石
gregtech:ore_lean_glowstone_0:1, 贫瘠地狱岩荧石矿石
gregtech:ore_lean_glowstone_0:2, 贫瘠末地石荧石矿石
gregtech:ore_lean_glowstone_0:3, 贫瘠沙子荧石矿石
gregtech:ore_lean_glowstone_0:4, 贫瘠红沙荧石矿石
gregtech:ore_lean_glowstone_0:5, 贫瘠花岗岩荧石矿石
gregtech:ore_lean_glowstone_0:6, 贫瘠闪长岩荧石矿石
gregtech:ore_lean_glowstone_0:7, 贫瘠安山岩荧石矿石
gregtech:ore_lean_olivine_0:0, 贫瘠橄榄石矿石
gregtech:ore_lean_olivine_0:1, 贫瘠地狱岩橄榄石矿石
gregtech:ore_lean_olivine_0:2, 贫瘠末地石橄榄石矿石
gregtech:ore_lean_olivine_0:3, 贫瘠沙子橄榄石矿石
gregtech:ore_lean_olivine_0:4, 贫瘠红沙橄榄石矿石
gregtech:ore_lean_olivine_0:5, 贫瘠花岗岩橄榄石矿石
gregtech:ore_lean_olivine_0:6, 贫瘠闪长岩橄榄石矿石
gregtech:ore_lean_olivine_0:7, 贫瘠安山岩橄榄石矿石
gregtech:ore_lean_opal_0:0, 贫瘠猫眼石矿石
gregtech:ore_lean_opal_0:1, 贫瘠地狱岩猫眼石矿石
gregtech:ore_lean_opal_0:2, 贫瘠末地石猫眼石矿石
gregtech:ore_lean_opal_0:3, 贫瘠沙子猫眼石矿石
gregtech:ore_lean_opal_0:4, 贫瘠红沙猫眼石矿石
gregtech:ore_lean_opal_0:5, 贫瘠花岗岩猫眼石矿石
gregtech:ore_lean_opal_0:6, 贫瘠闪长岩猫眼石矿石
gregtech:ore_lean_opal_0:7, 贫瘠安山岩猫眼石矿石
gregtech:ore_lean_amethyst_0:0, 贫瘠紫水晶矿石
gregtech:ore_lean_amethyst_0:1, 贫瘠地狱岩紫水晶矿石
gregtech:ore_lean_amethyst_0:2, 贫瘠末地石紫水晶矿石
gregtech:ore_lean_amethyst_0:3, 贫瘠沙子紫水晶矿石
gregtech:ore_lean_amethyst_0:4, 贫瘠红沙紫水晶矿石
gregtech:ore_lean_amethyst_0:5, 贫瘠花岗岩紫水晶矿石
gregtech:ore_lean_amethyst_0:6, 贫瘠闪长岩紫水晶矿石
gregtech:ore_lean_amethyst_0:7, 贫瘠安山岩紫水晶矿石
gregtech:ore_lean_lapis_0:0, 贫瘠青金石矿石
gregtech:ore_lean_lapis_0:1, 贫瘠地狱岩青金石矿石
gregtech:ore_lean_lapis_0:2, 贫瘠末地石青金石矿石
gregtech:ore_lean_lapis_0:3, 贫瘠沙子青金石矿石
gregtech:ore_lean_lapis_0:4, 贫瘠红沙青金石矿石
gregtech:ore_lean_lapis_0:5, 贫瘠花岗岩青金石矿石
gregtech:ore_lean_lapis_0:6, 贫瘠闪长岩青金石矿石
gregtech:ore_lean_lapis_0:7, 贫瘠安山岩青金石矿石
gregtech:ore_lean_apatite_0:0, 贫瘠磷灰石矿石
gregtech:ore_lean_apatite_0:1, 贫瘠地狱岩磷灰石矿石
gregtech:ore_lean_apatite_0:2, 贫瘠末地石磷灰石矿石
gregtech:ore_lean_apatite_0:3, 贫瘠沙子磷灰石矿石
gregtech:ore_lean_apatite_0:4, 贫瘠红沙磷灰石矿石
gregtech:ore_lean_apatite_0:5, 贫瘠花岗岩磷灰石矿石
gregtech:ore_lean_apatite_0:6, 贫瘠闪长岩磷灰石矿石
gregtech:ore_lean_apatite_0:7, 贫瘠安山岩磷灰石矿石
gregtech:ore_lean_tricalcium_phosphate_0:0, 贫瘠磷酸三钙矿石
gregtech:ore_lean_tricalcium_phosphate_0:1, 贫瘠地狱岩磷酸三钙矿石
gregtech:ore_lean_tricalcium_phosphate_0:2, 贫瘠末地石磷酸三钙矿石
gregtech:ore_lean_tricalcium_phosphate_0:3, 贫瘠沙子磷酸三钙矿石
gregtech:ore_lean_tricalcium_phosphate_0:4, 贫瘠红沙磷酸三钙矿石
gregtech:ore_lean_tricalcium_phosphate_0:5, 贫瘠花岗岩磷酸三钙矿石
gregtech:ore_lean_tricalcium_phosphate_0:6, 贫瘠闪长岩磷酸三钙矿石
gregtech:ore_lean_tricalcium_phosphate_0:7, 贫瘠安山岩磷酸三钙矿石
gregtech:ore_lean_garnet_red_0:0, 贫瘠红石榴石矿石
gregtech:ore_lean_garnet_red_0:1, 贫瘠地狱岩红石榴石矿石
gregtech:ore_lean_garnet_red_0:2, 贫瘠末地石红石榴石矿石
gregtech:ore_lean_garnet_red_0:3, 贫瘠沙子红石榴石矿石
gregtech:ore_lean_garnet_red_0:4, 贫瘠红沙红石榴石矿石
gregtech:ore_lean_garnet_red_0:5, 贫瘠花岗岩红石榴石矿石
gregtech:ore_lean_garnet_red_0:6, 贫瘠闪长岩红石榴石矿石
gregtech:ore_lean_garnet_red_0:7, 贫瘠安山岩红石榴石矿石
gregtech:ore_lean_garnet_yellow_0:0, 贫瘠黄石榴石矿石
gregtech:ore_lean_garnet_yellow_0:1, 贫瘠地狱岩黄石榴石矿石
gregtech:ore_lean_garnet_yellow_0:2, 贫瘠末地石黄石榴石矿石
gregtech:ore_lean_garnet_yellow_0:3, 贫瘠沙子黄石榴石矿石
gregtech:ore_lean_garnet_yellow_0:4, 贫瘠红沙黄石榴石矿石
gregtech:ore_lean_garnet_yellow_0:5, 贫瘠花岗岩黄石榴石矿石
gregtech:ore_lean_garnet_yellow_0:6, 贫瘠闪长岩黄石榴石矿石
gregtech:ore_lean_garnet_yellow_0:7, 贫瘠安山岩黄石榴石矿石
gregtech:ore_lean_vanadium_magnetite_0:0, 贫瘠钒磁铁矿矿石
gregtech:ore_lean_vanadium_magnetite_0:1, 贫瘠地狱岩钒磁铁矿矿石
gregtech:ore_lean_vanadium_magnetite_0:2, 贫瘠末地石钒磁铁矿矿石
gregtech:ore_lean_vanadium_magnetite_0:3, 贫瘠沙子钒磁铁矿矿石
gregtech:ore_lean_vanadium_magnetite_0:4, 贫瘠红沙钒磁铁矿矿石
gregtech:ore_lean_vanadium_magnetite_0:5, 贫瘠花岗岩钒磁铁矿矿石
gregtech:ore_lean_vanadium_magnetite_0:6, 贫瘠闪长岩钒磁铁矿矿石
gregtech:ore_lean_vanadium_magnetite_0:7, 贫瘠安山岩钒磁铁矿矿石
gregtech:ore_lean_pollucite_0:0, 贫瘠铯榴石矿石
gregtech:ore_lean_pollucite_0:1, 贫瘠地狱岩铯榴石矿石
gregtech:ore_lean_pollucite_0:2, 贫瘠末地石铯榴石矿石
gregtech:ore_lean_pollucite_0:3, 贫瘠沙子铯榴石矿石
gregtech:ore_lean_pollucite_0:4, 贫瘠红沙铯榴石矿石
gregtech:ore_lean_pollucite_0:5, 贫瘠花岗岩铯榴石矿石
gregtech:ore_lean_pollucite_0:6, 贫瘠闪长岩铯榴石矿石
gregtech:ore_lean_pollucite_0:7, 贫瘠安山岩铯榴石矿石
gregtech:ore_lean_bentonite_0:0, 贫瘠膨润土矿石
gregtech:ore_lean_bentonite_0:1, 贫瘠地狱岩膨润土矿石
gregtech:ore_lean_bentonite_0:2, 贫瘠末地石膨润土矿石
gregtech:ore_lean_bentonite_0:3, 贫瘠沙子膨润土矿石
gregtech:ore_lean_bentonite_0:4, 贫瘠红沙膨润土矿石
gregtech:ore_lean_bentonite_0:5, 贫瘠花岗岩膨润土矿石
gregtech:ore_lean_bentonite_0:6, 贫瘠闪长岩膨润土矿石
gregtech:ore_lean_bentonite_0:7, 贫瘠安山岩膨润土矿石
gregtech:ore_lean_fullers_earth_0:0, 贫瘠漂白土矿石
gregtech:ore_lean_fullers_earth_0:1, 贫瘠地狱岩漂白土矿石
gregtech:ore_lean_fullers_earth_0:2, 贫瘠末地石漂白土矿石
gregtech:ore_lean_fullers_earth_0:3, 贫瘠沙子漂白土矿石
gregtech:ore_lean_fullers_earth_0:4, 贫瘠红沙漂白土矿石
gregtech:ore_lean_fullers_earth_0:5, 贫瘠花岗岩漂白土矿石
gregtech:ore_lean_fullers_earth_0:6, 贫瘠闪长岩漂白土矿石
gregtech:ore_lean_fullers_earth_0:7, 贫瘠安山岩漂白土矿石
gregtech:ore_lean_pitchblende_0:0, 贫瘠沥青铀矿矿石
gregtech:ore_lean_pitchblende_0:1, 贫瘠地狱岩沥青铀矿矿石
gregtech:ore_lean_pitchblende_0:2, 贫瘠末地石沥青铀矿矿石
gregtech:ore_lean_pitchblende_0:3, 贫瘠沙子沥青铀矿矿石
gregtech:ore_lean_pitchblende_0:4, 贫瘠红沙沥青铀矿矿石
gregtech:ore_lean_pitchblende_0:5, 贫瘠花岗岩沥青铀矿矿石
gregtech:ore_lean_pitchblende_0:6, 贫瘠闪长岩沥青铀矿矿石
gregtech:ore_lean_pitchblende_0:7, 贫瘠安山岩沥青铀矿矿石
gregtech:ore_lean_monazite_0:0, 贫瘠独居石矿石
gregtech:ore_lean_monazite_0:1, 贫瘠地狱岩独居石矿石
gregtech:ore_lean_monazite_0:2, 贫瘠末地石独居石矿石
gregtech:ore_lean_monazite_0:3, 贫瘠沙子独居石矿石
gregtech:ore_lean_monazite_0:4, 贫瘠红沙独居石矿石
gregtech:ore_lean_monazite_0:5, 贫瘠花岗岩独居石矿石
gregtech:ore_lean_monazite_0:6, 贫瘠闪长岩独居石矿石
gregtech:ore_lean_monazite_0:7, 贫瘠安山岩独居石矿石
gregtech:ore_lean_trona_0:0, 贫瘠天然碱矿石
gregtech:ore_lean_trona_0:1, 贫瘠地狱岩天然碱矿石
gregtech:ore_lean_trona_0:2, 贫瘠末地石天然碱矿石
gregtech:ore_lean_trona_0:3, 贫瘠沙子天然碱矿石
gregtech:ore_lean_trona_0:4, 贫瘠红沙天然碱矿石
gregtech:ore_lean_trona_0:5, 贫瘠花岗岩天然碱矿石
gregtech:ore_lean_trona_0:6, 贫瘠闪长岩天然碱矿石
gregtech:ore_lean_trona_0:7, 贫瘠安山岩天然碱矿石
gregtech:ore_lean_gypsum_0:0, 贫瘠石膏矿石
gregtech:ore_lean_gypsum_0:1, 贫瘠地狱岩石膏矿石
gregtech:ore_lean_gypsum_0:2, 贫瘠末地石石膏矿石
gregtech:ore_lean_gypsum_0:3, 贫瘠沙子石膏矿石
gregtech:ore_lean_gypsum_0:4, 贫瘠红沙石膏矿石
gregtech:ore_lean_gypsum_0:5, 贫瘠花岗岩石膏矿石
gregtech:ore_lean_gypsum_0:6, 贫瘠闪长岩石膏矿石
gregtech:ore_lean_gypsum_0:7, 贫瘠安山岩石膏矿石
gregtech:ore_lean_zeolite_0:0, 贫瘠沸石矿石
gregtech:ore_lean_zeolite_0:1, 贫瘠地狱岩沸石矿石
gregtech:ore_lean_zeolite_0:2, 贫瘠末地石沸石矿石
gregtech:ore_lean_zeolite_0:3, 贫瘠沙子沸石矿石
gregtech:ore_lean_zeolite_0:4, 贫瘠红沙沸石矿石
gregtech:ore_lean_zeolite_0:5, 贫瘠花岗岩沸石矿石
gregtech:ore_lean_zeolite_0:6, 贫瘠闪长岩沸石矿石
gregtech:ore_lean_zeolite_0:7, 贫瘠安山岩沸石矿石
gregtech:ore_lean_redstone_0:0, 贫瘠红石矿石
gregtech:ore_lean_redstone_0:1, 贫瘠地狱岩红石矿石
gregtech:ore_lean_redstone_0:2, 贫瘠末地石红石矿石
gregtech:ore_lean_redstone_0:3, 贫瘠沙子红石矿石
gregtech:ore_lean_redstone_0:4, 贫瘠红沙红石矿石
gregtech:ore_lean_redstone_0:5, 贫瘠花岗岩红石矿石
gregtech:ore_lean_redstone_0:6, 贫瘠闪长岩红石矿石
gregtech:ore_lean_redstone_0:7, 贫瘠安山岩红石矿石
gregtech:ore_lean_electrotine_0:0, 贫瘠蓝石矿石
gregtech:ore_lean_electrotine_0:1, 贫瘠地狱岩蓝石矿石
gregtech:ore_lean_electrotine_0:2, 贫瘠末地石蓝石矿石
gregtech:ore_lean_electrotine_0:3, 贫瘠沙子蓝石矿石
gregtech:ore_lean_electrotine_0:4, 贫瘠红沙蓝石矿石
gregtech:ore_lean_electrotine_0:5, 贫瘠花岗岩蓝石矿石
gregtech:ore_lean_electrotine_0:6, 贫瘠闪长岩蓝石矿石
gregtech:ore_lean_electrotine_0:7, 贫瘠安山岩蓝石矿石
gregtech:ore_lean_diatomite_0:0, 贫瘠硅藻土矿石
gregtech:ore_lean_diatomite_0:1, 贫瘠地狱岩硅藻土矿石
gregtech:ore_lean_diatomite_0:2, 贫瘠末地石硅藻土矿石
gregtech:ore_lean_diatomite_0:3, 贫瘠沙子硅藻土矿石
gregtech:ore_lean_diatomite_0:4, 贫瘠红沙硅藻土矿石
gregtech:ore_lean_diatomite_0:5, 贫瘠花岗岩硅藻土矿石
gregtech:ore_lean_diatomite_0:6, 贫瘠闪长岩硅藻土矿石
gregtech:ore_lean_diatomite_0:7, 贫瘠安山岩硅藻土矿石
gregtech:ore_lean_granitic_mineral_sand_0:0, 贫瘠花岗岩矿砂矿石
gregtech:ore_lean_granitic_mineral_sand_0:1, 贫瘠地狱岩花岗岩矿砂矿石
gregtech:ore_lean_granitic_mineral_sand_0:2, 贫瘠末地石花岗岩矿砂矿石
gregtech:ore_lean_granitic_mineral_sand_0:3, 贫瘠沙子花岗岩矿砂矿石
gregtech:ore_lean_granitic_mineral_sand_0:4, 贫瘠红沙花岗岩矿砂矿石
gregtech:ore_lean_granitic_mineral_sand_0:5, 贫瘠花岗岩花岗岩矿砂矿石
gregtech:ore_lean_granitic_mineral_sand_0:6, 贫瘠闪长岩花岗岩矿砂矿石
gregtech:ore_lean_granitic_mineral_sand_0:7, 贫瘠安山岩花岗岩矿砂矿石
gregtech:ore_lean_garnet_sand_0:0, 贫瘠石榴石砂矿石
gregtech:ore_lean_garnet_sand_0:1, 贫瘠地狱岩石榴石砂矿石
gregtech:ore_lean_garnet_sand_0:2, 贫瘠末地石石榴石砂矿石
gregtech:ore_lean_garnet_sand_0:3, 贫瘠沙子石榴石砂矿石
gregtech:ore_lean_garnet_sand_0:4, 贫瘠红沙石榴石砂矿石
gregtech:ore_lean_garnet_sand_0:5, 贫瘠花岗岩石榴石砂矿石
gregtech:ore_lean_garnet_sand_0:6, 贫瘠闪长岩石榴石砂矿石
gregtech:ore_lean_garnet_sand_0:7, 贫瘠安山岩石榴石砂矿石
gregtech:ore_lean_basaltic_mineral_sand_0:0, 贫瘠玄武岩矿砂矿石
gregtech:ore_lean_basaltic_mineral_sand_0:1, 贫瘠地狱岩玄武岩矿砂矿石
gregtech:ore_lean_basaltic_mineral_sand_0:2, 贫瘠末地石玄武岩矿砂矿石
gregtech:ore_lean_basaltic_mineral_sand_0:3, 贫瘠沙子玄武岩矿砂矿石
gregtech:ore_lean_basaltic_mineral_sand_0:4, 贫瘠红沙玄武岩矿砂矿石
gregtech:ore_lean_basaltic_mineral_sand_0:5, 贫瘠花岗岩玄武岩矿砂矿石
gregtech:ore_lean_basaltic_mineral_sand_0:6, 贫瘠闪长岩玄武岩矿砂矿石
gregtech:ore_lean_basaltic_mineral_sand_0:7, 贫瘠安山岩玄武岩矿砂矿石
gregtech:fission_casing:0, 反应堆压力壳
gregtech:fission_casing:1, 燃料通道
gregtech:fission_casing:2, 控制棒通道
gregtech:fission_casing:3, 冷却剂通道
gregtech:nuclear_casing:0, 乏燃料贮存格架
gregtech:nuclear_casing:1, 气体加热器
gregtech:gas_centrifuge_casing:0, 气体离心筒
gregtech:panelling:0, 白色镶板
gregtech:panelling:1, 橙色镶板
gregtech:panelling:2, 品红色镶板
gregtech:panelling:3, 浅蓝色镶板
gregtech:panelling:4, 黄色镶板
gregtech:panelling:5, 黄绿色镶板
gregtech:panelling:6, 粉色镶板
gregtech:panelling:7, 灰色镶板
gregtech:panelling:8, 淡蓝色镶板
gregtech:panelling:9, 青色镶板
gregtech:panelling:10, 紫色镶板
gregtech:panelling:11, 蓝色镶板
gregtech:panelling:12, 棕色镶板
gregtech:panelling:13, 绿色镶板
gregtech:panelling:14, 红色镶板
gregtech:panelling:15, 黑色镶板
gregtech:nuclear_reactor_casing:0, 核裂变反应堆外壳
gt6addition:clay_crucible, 生坩埚（粘土）
gt6addition:clay_spout, 生坩埚浇筑口（粘土）
gt6addition:clay_channel, 生坩埚浇筑道（粘土）
gt6addition:clay_basin, 生浇筑盆（粘土）
gt6addition:clay_mold, 生模具（粘土）
modelloader:tree, Tree
modelloader:animated_chest, tile.modelloader.animated_chest.name
modelloader:windmill, tile.modelloader.windmill.name
modelloader:botarium, tile.modelloader.botarium.name
chisel:auto_chisel, 自动雕凿机
chisel:chisel_iron, 凿子
chisel:chisel_diamond, 钻石凿子
chisel:chisel_hitech, iChisel
chisel:offsettool, 末影纹理平移手杖
appliedenergistics2:quartz_ore, 赛特斯石英矿石
appliedenergistics2:charged_quartz_ore, 充能赛特斯石英矿石
appliedenergistics2:matrix_frame, 矩阵框架
appliedenergistics2:quartz_block, 赛特斯石英块
appliedenergistics2:quartz_pillar, 赛特斯竖纹石英块
appliedenergistics2:chiseled_quartz_block, 錾制赛特斯石英块
appliedenergistics2:quartz_glass, 石英玻璃
appliedenergistics2:quartz_vibrant_glass, 聚能石英玻璃
appliedenergistics2:quartz_fixture, 充能石英火把
appliedenergistics2:fluix_block, 福鲁伊克斯块
appliedenergistics2:sky_stone_block, 陨石
appliedenergistics2:smooth_sky_stone_block, 陨石块
appliedenergistics2:sky_stone_brick, 陨石石砖
appliedenergistics2:sky_stone_small_brick, 陨石砖块
appliedenergistics2:sky_stone_chest, 陨石箱子
appliedenergistics2:smooth_sky_stone_chest, 陨石块箱子
appliedenergistics2:sky_compass, 陨石罗盘
appliedenergistics2:grindstone, 石英磨具
appliedenergistics2:crank, 木质曲柄
appliedenergistics2:inscriber, 压印器
appliedenergistics2:wireless_access_point, ME无线访问点
appliedenergistics2:charger, 充能器
appliedenergistics2:tiny_tnt, 迷你TNT
appliedenergistics2:security_station, ME安全终端
appliedenergistics2:quantum_ring, ME量子环
appliedenergistics2:quantum_link, ME量子链接仓
appliedenergistics2:spatial_pylon, 空间塔
appliedenergistics2:spatial_io_port, 空间IO端口
appliedenergistics2:controller, ME控制器
appliedenergistics2:drive, ME驱动器
appliedenergistics2:chest, ME箱子
appliedenergistics2:interface, ME接口
appliedenergistics2:fluid_interface, ME流体接口
appliedenergistics2:cell_workbench, 元件工作台
appliedenergistics2:io_port, ME-IO端口
appliedenergistics2:condenser, 物质聚合器
appliedenergistics2:energy_acceptor, 能源接收器
appliedenergistics2:vibration_chamber, 谐振仓
appliedenergistics2:quartz_growth_accelerator, 晶体催生器
appliedenergistics2:energy_cell, 能源元件
appliedenergistics2:dense_energy_cell, 致密能源元件
appliedenergistics2:creative_energy_cell, 创造能源元件
appliedenergistics2:crafting_unit, 合成单元
appliedenergistics2:crafting_accelerator, 并行处理单元
appliedenergistics2:crafting_storage_1k, §61k§r合成存储器
appliedenergistics2:crafting_storage_4k, §e4k§r合成存储器
appliedenergistics2:crafting_storage_16k, §a16k§r合成存储器
appliedenergistics2:crafting_storage_64k, §b64k§r合成存储器
appliedenergistics2:crafting_monitor, 合成监控器
appliedenergistics2:molecular_assembler, 分子装配室
appliedenergistics2:light_detector, 光亮探测器
appliedenergistics2:paint, tile.appliedenergistics2.paint.name
appliedenergistics2:sky_stone_stairs, 陨石楼梯
appliedenergistics2:smooth_sky_stone_stairs, 陨石块楼梯
appliedenergistics2:sky_stone_brick_stairs, 陨石石砖楼梯
appliedenergistics2:sky_stone_small_brick_stairs, 陨石砖块楼梯
appliedenergistics2:fluix_stairs, 錾制赛特斯石英楼梯
appliedenergistics2:quartz_stairs, 福鲁伊克斯楼梯
appliedenergistics2:chiseled_quartz_stairs, 竖纹赛特斯石英楼梯
appliedenergistics2:quartz_pillar_stairs, 赛特斯石英楼梯
appliedenergistics2:cable_bus, AE2线缆和（或）总线
appliedenergistics2:sky_stone_slab:0, 陨石台阶
appliedenergistics2:smooth_sky_stone_slab:0, 陨石块台阶
appliedenergistics2:sky_stone_brick_slab:0, 陨石石砖台阶
appliedenergistics2:sky_stone_small_brick_slab:0, 陨石砖块台阶
appliedenergistics2:fluix_slab:0, 福鲁伊克斯台阶
appliedenergistics2:quartz_slab:0, 赛特斯石英台阶
appliedenergistics2:chiseled_quartz_slab:0, 錾制赛特斯石英台阶
appliedenergistics2:quartz_pillar_slab:0, 竖纹赛特斯石英台阶
appliedenergistics2:certus_quartz_axe, 赛特斯石英斧
appliedenergistics2:certus_quartz_hoe, 赛特斯石英锄
appliedenergistics2:certus_quartz_spade, 赛特斯石英锹
appliedenergistics2:certus_quartz_pickaxe, 赛特斯石英镐
appliedenergistics2:certus_quartz_sword, 赛特斯石英剑
appliedenergistics2:certus_quartz_wrench, 赛特斯石英扳手
appliedenergistics2:certus_quartz_cutting_knife, 赛特斯石英切割刀
appliedenergistics2:nether_quartz_axe, 下界石英斧
appliedenergistics2:nether_quartz_hoe, 下界石英锄
appliedenergistics2:nether_quartz_spade, 下界石英锹
appliedenergistics2:nether_quartz_pickaxe, 下界石英镐
appliedenergistics2:nether_quartz_sword, 下界石英剑
appliedenergistics2:nether_quartz_wrench, 下界石英扳手
appliedenergistics2:nether_quartz_cutting_knife, 下界石英切割刀
appliedenergistics2:entropy_manipulator, 熵变机械臂
appliedenergistics2:wireless_terminal, 无线终端
appliedenergistics2:wireless_crafting_terminal, 无线合成终端
appliedenergistics2:wireless_pattern_terminal, 无线样板终端
appliedenergistics2:wireless_fluid_terminal, 无线流体终端
appliedenergistics2:wireless_interface_terminal, 无线接口终端
appliedenergistics2:charged_staff, 充能手杖
appliedenergistics2:matter_cannon, 物质炮
appliedenergistics2:portable_cell, 便携元件
appliedenergistics2:color_applicator, 染色器
appliedenergistics2:biometric_card, 身份卡
appliedenergistics2:memory_card, 内存卡
appliedenergistics2:network_tool, 网络工具
appliedenergistics2:creative_storage_cell, 创造型ME存储元件
appliedenergistics2:view_cell, 显示元件
appliedenergistics2:storage_cell_1k, §61k§r-ME存储元件
appliedenergistics2:storage_cell_4k, §e4k§r-ME存储元件
appliedenergistics2:storage_cell_16k, §a16k§r-ME存储元件
appliedenergistics2:storage_cell_64k, §b64k§r-ME存储元件
appliedenergistics2:fluid_storage_cell_1k, §61k§r-ME流体储存元件
appliedenergistics2:fluid_storage_cell_4k, §e4k§r-ME流体储存元件
appliedenergistics2:fluid_storage_cell_16k, §a16k§r-ME流体储存元件
appliedenergistics2:fluid_storage_cell_64k, §b64k§r-ME流体储存元件
appliedenergistics2:spatial_storage_cell_2_cubed, §62³§r-空间存储元件
appliedenergistics2:spatial_storage_cell_16_cubed, §916³§r-空间存储元件
appliedenergistics2:spatial_storage_cell_128_cubed, §d128³§r-空间存储元件
appliedenergistics2:facade:0, 线缆伪装板 - 石头
appliedenergistics2:facade:0, 线缆伪装板 - 花岗岩
appliedenergistics2:facade:0, 线缆伪装板 - 磨制花岗岩
appliedenergistics2:facade:0, 线缆伪装板 - 闪长岩
appliedenergistics2:facade:0, 线缆伪装板 - 磨制闪长岩
appliedenergistics2:facade:0, 线缆伪装板 - 安山岩
appliedenergistics2:facade:0, 线缆伪装板 - 磨制安山岩
appliedenergistics2:facade:0, 线缆伪装板 - 草方块
appliedenergistics2:facade:0, 线缆伪装板 - 泥土
appliedenergistics2:facade:0, 线缆伪装板 - 砂土
appliedenergistics2:facade:0, 线缆伪装板 - 灰化土
appliedenergistics2:facade:0, 线缆伪装板 - 圆石
appliedenergistics2:facade:0, 线缆伪装板 - 橡木木板
appliedenergistics2:facade:0, 线缆伪装板 - 云杉木板
appliedenergistics2:facade:0, 线缆伪装板 - 白桦木板
appliedenergistics2:facade:0, 线缆伪装板 - 丛林木板
appliedenergistics2:facade:0, 线缆伪装板 - 金合欢木板
appliedenergistics2:facade:0, 线缆伪装板 - 深色橡木木板
appliedenergistics2:facade:0, 线缆伪装板 - 基岩
appliedenergistics2:facade:0, 线缆伪装板 - 沙子
appliedenergistics2:facade:0, 线缆伪装板 - 红沙
appliedenergistics2:facade:0, 线缆伪装板 - 沙砾
appliedenergistics2:facade:0, 线缆伪装板 - 金矿石
appliedenergistics2:facade:0, 线缆伪装板 - 铁矿石
appliedenergistics2:facade:0, 线缆伪装板 - 煤矿石
appliedenergistics2:facade:0, 线缆伪装板 - 橡木
appliedenergistics2:facade:0, 线缆伪装板 - 云杉木
appliedenergistics2:facade:0, 线缆伪装板 - 白桦木
appliedenergistics2:facade:0, 线缆伪装板 - 丛林木
appliedenergistics2:facade:0, 线缆伪装板 - 橡树树叶
appliedenergistics2:facade:0, 线缆伪装板 - 云杉树叶
appliedenergistics2:facade:0, 线缆伪装板 - 白桦树叶
appliedenergistics2:facade:0, 线缆伪装板 - 丛林树叶
appliedenergistics2:facade:0, 线缆伪装板 - 海绵
appliedenergistics2:facade:0, 线缆伪装板 - 湿海绵
appliedenergistics2:facade:0, 线缆伪装板 - 玻璃
appliedenergistics2:facade:0, 线缆伪装板 - 青金石矿石
appliedenergistics2:facade:0, 线缆伪装板 - 青金石块
appliedenergistics2:facade:0, 线缆伪装板 - 砂岩
appliedenergistics2:facade:0, 线缆伪装板 - 錾制砂岩
appliedenergistics2:facade:0, 线缆伪装板 - 平滑砂岩
appliedenergistics2:facade:0, 线缆伪装板 - 白色羊毛
appliedenergistics2:facade:0, 线缆伪装板 - 橙色羊毛
appliedenergistics2:facade:0, 线缆伪装板 - 品红色羊毛
appliedenergistics2:facade:0, 线缆伪装板 - 淡蓝色羊毛
appliedenergistics2:facade:0, 线缆伪装板 - 黄色羊毛
appliedenergistics2:facade:0, 线缆伪装板 - 黄绿色羊毛
appliedenergistics2:facade:0, 线缆伪装板 - 粉红色羊毛
appliedenergistics2:facade:0, 线缆伪装板 - 灰色羊毛
appliedenergistics2:facade:0, 线缆伪装板 - 淡灰色羊毛
appliedenergistics2:facade:0, 线缆伪装板 - 青色羊毛
appliedenergistics2:facade:0, 线缆伪装板 - 紫色羊毛
appliedenergistics2:facade:0, 线缆伪装板 - 蓝色羊毛
appliedenergistics2:facade:0, 线缆伪装板 - 棕色羊毛
appliedenergistics2:facade:0, 线缆伪装板 - 绿色羊毛
appliedenergistics2:facade:0, 线缆伪装板 - 红色羊毛
appliedenergistics2:facade:0, 线缆伪装板 - 黑色羊毛
appliedenergistics2:facade:0, 线缆伪装板 - 金块
appliedenergistics2:facade:0, 线缆伪装板 - 铁块
appliedenergistics2:facade:0, 线缆伪装板 - 砖块
appliedenergistics2:facade:0, 线缆伪装板 - TNT
appliedenergistics2:facade:0, 线缆伪装板 - 书架
appliedenergistics2:facade:0, 线缆伪装板 - 苔石
appliedenergistics2:facade:0, 线缆伪装板 - 黑曜石
appliedenergistics2:facade:0, 线缆伪装板 - 钻石矿石
appliedenergistics2:facade:0, 线缆伪装板 - 钻石块
appliedenergistics2:facade:0, 线缆伪装板 - 工作台
appliedenergistics2:facade:0, 线缆伪装板 - 红石矿石
appliedenergistics2:facade:0, 线缆伪装板 - 冰
appliedenergistics2:facade:0, 线缆伪装板 - 雪
appliedenergistics2:facade:0, 线缆伪装板 - 粘土块
appliedenergistics2:facade:0, 线缆伪装板 - 南瓜
appliedenergistics2:facade:0, 线缆伪装板 - 地狱岩
appliedenergistics2:facade:0, 线缆伪装板 - 灵魂沙
appliedenergistics2:facade:0, 线缆伪装板 - 荧石
appliedenergistics2:facade:0, 线缆伪装板 - 南瓜灯
appliedenergistics2:facade:0, 线缆伪装板 - 白色染色玻璃
appliedenergistics2:facade:0, 线缆伪装板 - 橙色染色玻璃
appliedenergistics2:facade:0, 线缆伪装板 - 品红色染色玻璃
appliedenergistics2:facade:0, 线缆伪装板 - 淡蓝色染色玻璃
appliedenergistics2:facade:0, 线缆伪装板 - 黄色染色玻璃
appliedenergistics2:facade:0, 线缆伪装板 - 黄绿色染色玻璃
appliedenergistics2:facade:0, 线缆伪装板 - 粉红色染色玻璃
appliedenergistics2:facade:0, 线缆伪装板 - 灰色染色玻璃
appliedenergistics2:facade:0, 线缆伪装板 - 淡灰色染色玻璃
appliedenergistics2:facade:0, 线缆伪装板 - 青色染色玻璃
appliedenergistics2:facade:0, 线缆伪装板 - 紫色染色玻璃
appliedenergistics2:facade:0, 线缆伪装板 - 蓝色染色玻璃
appliedenergistics2:facade:0, 线缆伪装板 - 棕色染色玻璃
appliedenergistics2:facade:0, 线缆伪装板 - 绿色染色玻璃
appliedenergistics2:facade:0, 线缆伪装板 - 红色染色玻璃
appliedenergistics2:facade:0, 线缆伪装板 - 黑色染色玻璃
appliedenergistics2:facade:0, 线缆伪装板 - 石头怪物蛋
appliedenergistics2:facade:0, 线缆伪装板 - 圆石怪物蛋
appliedenergistics2:facade:0, 线缆伪装板 - 石砖怪物蛋
appliedenergistics2:facade:0, 线缆伪装板 - 苔石砖怪物蛋
appliedenergistics2:facade:0, 线缆伪装板 - 裂石砖怪物蛋
appliedenergistics2:facade:0, 线缆伪装板 - 錾制石砖怪物蛋
appliedenergistics2:facade:0, 线缆伪装板 - 石砖
appliedenergistics2:facade:0, 线缆伪装板 - 苔石砖
appliedenergistics2:facade:0, 线缆伪装板 - 裂石砖
appliedenergistics2:facade:0, 线缆伪装板 - 錾制石砖
appliedenergistics2:facade:0, 线缆伪装板 - 蘑菇
appliedenergistics2:facade:0, 线缆伪装板 - 蘑菇
appliedenergistics2:facade:0, 线缆伪装板 - 西瓜
appliedenergistics2:facade:0, 线缆伪装板 - 菌丝
appliedenergistics2:facade:0, 线缆伪装板 - 地狱砖
appliedenergistics2:facade:0, 线缆伪装板 - 末地石
appliedenergistics2:facade:0, 线缆伪装板 - 红石灯
appliedenergistics2:facade:0, 线缆伪装板 - 绿宝石矿石
appliedenergistics2:facade:0, 线缆伪装板 - 绿宝石块
appliedenergistics2:facade:0, 线缆伪装板 - 红石块
appliedenergistics2:facade:0, 线缆伪装板 - 下界石英矿石
appliedenergistics2:facade:0, 线缆伪装板 - 石英块
appliedenergistics2:facade:0, 线缆伪装板 - 錾制石英块
appliedenergistics2:facade:0, 线缆伪装板 - 竖纹石英块
appliedenergistics2:facade:0, 线缆伪装板 - 白色陶瓦
appliedenergistics2:facade:0, 线缆伪装板 - 橙色陶瓦
appliedenergistics2:facade:0, 线缆伪装板 - 品红色陶瓦
appliedenergistics2:facade:0, 线缆伪装板 - 淡蓝色陶瓦
appliedenergistics2:facade:0, 线缆伪装板 - 黄色陶瓦
appliedenergistics2:facade:0, 线缆伪装板 - 黄绿色陶瓦
appliedenergistics2:facade:0, 线缆伪装板 - 粉红色陶瓦
appliedenergistics2:facade:0, 线缆伪装板 - 灰色陶瓦
appliedenergistics2:facade:0, 线缆伪装板 - 淡灰色陶瓦
appliedenergistics2:facade:0, 线缆伪装板 - 青色陶瓦
appliedenergistics2:facade:0, 线缆伪装板 - 紫色陶瓦
appliedenergistics2:facade:0, 线缆伪装板 - 蓝色陶瓦
appliedenergistics2:facade:0, 线缆伪装板 - 棕色陶瓦
appliedenergistics2:facade:0, 线缆伪装板 - 绿色陶瓦
appliedenergistics2:facade:0, 线缆伪装板 - 红色陶瓦
appliedenergistics2:facade:0, 线缆伪装板 - 黑色陶瓦
appliedenergistics2:facade:0, 线缆伪装板 - 金合欢树叶
appliedenergistics2:facade:0, 线缆伪装板 - 深色橡树树叶
appliedenergistics2:facade:0, 线缆伪装板 - 金合欢木
appliedenergistics2:facade:0, 线缆伪装板 - 深色橡木
appliedenergistics2:facade:0, 线缆伪装板 - 粘液块
appliedenergistics2:facade:0, 线缆伪装板 - 海晶石
appliedenergistics2:facade:0, 线缆伪装板 - 海晶石砖
appliedenergistics2:facade:0, 线缆伪装板 - 暗海晶石
appliedenergistics2:facade:0, 线缆伪装板 - 海晶灯
appliedenergistics2:facade:0, 线缆伪装板 - 干草块
appliedenergistics2:facade:0, 线缆伪装板 - 陶瓦
appliedenergistics2:facade:0, 线缆伪装板 - 煤炭块
appliedenergistics2:facade:0, 线缆伪装板 - 浮冰
appliedenergistics2:facade:0, 线缆伪装板 - 红砂岩
appliedenergistics2:facade:0, 线缆伪装板 - 錾制红砂岩
appliedenergistics2:facade:0, 线缆伪装板 - 平滑红砂岩
appliedenergistics2:facade:0, 线缆伪装板 - 紫珀块
appliedenergistics2:facade:0, 线缆伪装板 - 竖纹紫珀块
appliedenergistics2:facade:0, 线缆伪装板 - 末地石砖
appliedenergistics2:facade:0, 线缆伪装板 - 岩浆块
appliedenergistics2:facade:0, 线缆伪装板 - 地狱疣块
appliedenergistics2:facade:0, 线缆伪装板 - 红色地狱砖
appliedenergistics2:facade:0, 线缆伪装板 - 骨块
appliedenergistics2:facade:0, 线缆伪装板 - 侦测器
appliedenergistics2:facade:0, 线缆伪装板 - 白色带釉陶瓦
appliedenergistics2:facade:0, 线缆伪装板 - 橙色带釉陶瓦
appliedenergistics2:facade:0, 线缆伪装板 - 品红色带釉陶瓦
appliedenergistics2:facade:0, 线缆伪装板 - 淡蓝色带釉陶瓦
appliedenergistics2:facade:0, 线缆伪装板 - 黄色带釉陶瓦
appliedenergistics2:facade:0, 线缆伪装板 - 黄绿色带釉陶瓦
appliedenergistics2:facade:0, 线缆伪装板 - 粉红色带釉陶瓦
appliedenergistics2:facade:0, 线缆伪装板 - 灰色带釉陶瓦
appliedenergistics2:facade:0, 线缆伪装板 - 淡灰色带釉陶瓦
appliedenergistics2:facade:0, 线缆伪装板 - 青色带釉陶瓦
appliedenergistics2:facade:0, 线缆伪装板 - 紫色带釉陶瓦
appliedenergistics2:facade:0, 线缆伪装板 - 蓝色带釉陶瓦
appliedenergistics2:facade:0, 线缆伪装板 - 棕色带釉陶瓦
appliedenergistics2:facade:0, 线缆伪装板 - 绿色带釉陶瓦
appliedenergistics2:facade:0, 线缆伪装板 - 红色带釉陶瓦
appliedenergistics2:facade:0, 线缆伪装板 - 黑色带釉陶瓦
appliedenergistics2:facade:0, 线缆伪装板 - 白色混凝土
appliedenergistics2:facade:0, 线缆伪装板 - 橙色混凝土
appliedenergistics2:facade:0, 线缆伪装板 - 品红色混凝土
appliedenergistics2:facade:0, 线缆伪装板 - 淡蓝色混凝土
appliedenergistics2:facade:0, 线缆伪装板 - 黄色混凝土
appliedenergistics2:facade:0, 线缆伪装板 - 黄绿色混凝土
appliedenergistics2:facade:0, 线缆伪装板 - 粉红色混凝土
appliedenergistics2:facade:0, 线缆伪装板 - 灰色混凝土
appliedenergistics2:facade:0, 线缆伪装板 - 淡灰色混凝土
appliedenergistics2:facade:0, 线缆伪装板 - 青色混凝土
appliedenergistics2:facade:0, 线缆伪装板 - 紫色混凝土
appliedenergistics2:facade:0, 线缆伪装板 - 蓝色混凝土
appliedenergistics2:facade:0, 线缆伪装板 - 棕色混凝土
appliedenergistics2:facade:0, 线缆伪装板 - 绿色混凝土
appliedenergistics2:facade:0, 线缆伪装板 - 红色混凝土
appliedenergistics2:facade:0, 线缆伪装板 - 黑色混凝土
appliedenergistics2:facade:0, 线缆伪装板 - 白色混凝土粉末
appliedenergistics2:facade:0, 线缆伪装板 - 橙色混凝土粉末
appliedenergistics2:facade:0, 线缆伪装板 - 品红色混凝土粉末
appliedenergistics2:facade:0, 线缆伪装板 - 淡蓝色混凝土粉末
appliedenergistics2:facade:0, 线缆伪装板 - 黄色混凝土粉末
appliedenergistics2:facade:0, 线缆伪装板 - 黄绿色混凝土粉末
appliedenergistics2:facade:0, 线缆伪装板 - 粉红色混凝土粉末
appliedenergistics2:facade:0, 线缆伪装板 - 灰色混凝土粉末
appliedenergistics2:facade:0, 线缆伪装板 - 淡灰色混凝土粉末
appliedenergistics2:facade:0, 线缆伪装板 - 青色混凝土粉末
appliedenergistics2:facade:0, 线缆伪装板 - 紫色混凝土粉末
appliedenergistics2:facade:0, 线缆伪装板 - 蓝色混凝土粉末
appliedenergistics2:facade:0, 线缆伪装板 - 棕色混凝土粉末
appliedenergistics2:facade:0, 线缆伪装板 - 绿色混凝土粉末
appliedenergistics2:facade:0, 线缆伪装板 - 红色混凝土粉末
appliedenergistics2:facade:0, 线缆伪装板 - 黑色混凝土粉末
appliedenergistics2:facade:0, 线缆伪装板 - 长距离物品管道
appliedenergistics2:facade:0, 线缆伪装板 - 长距离流体管道
appliedenergistics2:facade:0, 线缆伪装板 - 密封机械方块 I
appliedenergistics2:facade:0, 线缆伪装板 - 密封机械方块 II
appliedenergistics2:facade:0, 线缆伪装板 - 密封机械方块 III
appliedenergistics2:facade:0, 线缆伪装板 - 密封机械方块 IV
appliedenergistics2:facade:0, 线缆伪装板 - 密封机械方块 V
appliedenergistics2:facade:0, 线缆伪装板 - 密封机械方块 VI
appliedenergistics2:facade:0, 线缆伪装板 - 密封机械方块 VII
appliedenergistics2:facade:0, 线缆伪装板 - 密封机械方块 VIII
appliedenergistics2:facade:0, 线缆伪装板 - 密封机械方块 IX
appliedenergistics2:facade:0, 线缆伪装板 - 塑料混凝土
appliedenergistics2:facade:0, 线缆伪装板 - 过滤器机械方块
appliedenergistics2:facade:0, 线缆伪装板 - 除菌过滤器机械方块
appliedenergistics2:facade:0, 线缆伪装板 - 计算机外壳
appliedenergistics2:facade:0, 线缆伪装板 - 计算机散热口
appliedenergistics2:facade:0, 线缆伪装板 - 高能机械方块
appliedenergistics2:facade:0, 线缆伪装板 - 高级计算机外壳
appliedenergistics2:facade:0, 线缆伪装板 - 空电容（Tier I）
appliedenergistics2:facade:0, 线缆伪装板 - 兰波顿电容（§5EV§r）
appliedenergistics2:facade:0, 线缆伪装板 - 兰波顿电容（§1IV§r）
appliedenergistics2:facade:0, 线缆伪装板 - 空电容（Tier II）
appliedenergistics2:facade:0, 线缆伪装板 - 兰波顿电容（§dLuV§r）
appliedenergistics2:facade:0, 线缆伪装板 - 兰波顿电容（§cZPM§r）
appliedenergistics2:facade:0, 线缆伪装板 - 空电容（Tier III）
appliedenergistics2:facade:0, 线缆伪装板 - 兰波顿电容（§3UV§r）
appliedenergistics2:facade:0, 线缆伪装板 - 量子真空电容（§4UHV§r）
appliedenergistics2:facade:0, 线缆伪装板 - 空电容（Tier IV）
appliedenergistics2:facade:0, 线缆伪装板 - 引力奇点电容（§6UEV§r）
appliedenergistics2:facade:0, 线缆伪装板 - 时空晶体电容（§2UIV§r）
appliedenergistics2:facade:0, 线缆伪装板 - 空电容（Tier V）
appliedenergistics2:facade:0, 线缆伪装板 - 超光速粒子电容（§eUXV§r）
appliedenergistics2:facade:0, 线缆伪装板 - 宇宙弦电容（§aOpV§r）
appliedenergistics2:facade:0, 线缆伪装板 - 创世电容（§c§lMAX§r）
appliedenergistics2:facade:0, 线缆伪装板 - 粉碎轮
appliedenergistics2:facade:0, 线缆伪装板 - 切片刀
appliedenergistics2:facade:0, 线缆伪装板 - 电解器
appliedenergistics2:facade:0, 线缆伪装板 - 散热片
appliedenergistics2:facade:0, 线缆伪装板 - 二硅化钼线圈方块
appliedenergistics2:facade:0, 线缆伪装板 - 安全研磨机械方块
appliedenergistics2:facade:0, 线缆伪装板 - 高温冶炼机械方块
appliedenergistics2:facade:0, 线缆伪装板 - 大型组装机机械方块
appliedenergistics2:facade:0, 线缆伪装板 - 耐压机械方块
appliedenergistics2:facade:0, 线缆伪装板 - 耐腐蚀机械方块
appliedenergistics2:facade:0, 线缆伪装板 - 防震机械方块
appliedenergistics2:facade:0, 线缆伪装板 - 防水机械方块
appliedenergistics2:facade:0, 线缆伪装板 - 防震切割机械方块
appliedenergistics2:facade:0, 线缆伪装板 - 绝缘机械方块
appliedenergistics2:facade:0, 线缆伪装板 - 惰性搅拌机械方块
appliedenergistics2:facade:0, 线缆伪装板 - 热处理机械方块
appliedenergistics2:facade:0, 线缆伪装板 - 抗激光蚀刻机械方块
appliedenergistics2:facade:0, 线缆伪装板 - 原子机械方块
appliedenergistics2:facade:0, 线缆伪装板 - 强化硅岩机械方块
appliedenergistics2:facade:0, 线缆伪装板 - 工业蒸汽机械方块
appliedenergistics2:facade:0, 线缆伪装板 - 奇点强化恒星屏蔽外壳
appliedenergistics2:facade:0, 线缆伪装板 - 天体物质引导外壳
appliedenergistics2:facade:0, 线缆伪装板 - 无界重力分离结构外壳
appliedenergistics2:facade:0, 线缆伪装板 - 超越放大磁约束外壳
appliedenergistics2:facade:0, 线缆伪装板 - 恒星能量虹吸外壳
appliedenergistics2:facade:0, 线缆伪装板 - 远程引力子流调制器
appliedenergistics2:facade:0, 线缆伪装板 - 中间引力子流调制器
appliedenergistics2:facade:0, 线缆伪装板 - 中心引力子流调制器
appliedenergistics2:facade:0, 线缆伪装板 - 谐波声子传输导管
appliedenergistics2:facade:0, 线缆伪装板 - 青铜管道外壳
appliedenergistics2:facade:0, 线缆伪装板 - 钢管道外壳
appliedenergistics2:facade:0, 线缆伪装板 - 钛管道外壳
appliedenergistics2:facade:0, 线缆伪装板 - 钨钢管道外壳
appliedenergistics2:facade:0, 线缆伪装板 - 聚四氟乙烯管道外壳
appliedenergistics2:facade:0, 线缆伪装板 - 青铜燃烧室
appliedenergistics2:facade:0, 线缆伪装板 - 钢燃烧室
appliedenergistics2:facade:0, 线缆伪装板 - 钛燃烧室
appliedenergistics2:facade:0, 线缆伪装板 - 钨钢燃烧室
appliedenergistics2:facade:0, 线缆伪装板 - 青铜机械方块
appliedenergistics2:facade:0, 线缆伪装板 - 耐火砖块
appliedenergistics2:facade:0, 线缆伪装板 - 殷钢隔热机械方块
appliedenergistics2:facade:0, 线缆伪装板 - 铝制防冻机械方块
appliedenergistics2:facade:0, 线缆伪装板 - 脱氧钢机械方块
appliedenergistics2:facade:0, 线缆伪装板 - 洁净不锈钢机械方块
appliedenergistics2:facade:0, 线缆伪装板 - 加强钛机械方块
appliedenergistics2:facade:0, 线缆伪装板 - 强化钨钢机械方块
appliedenergistics2:facade:0, 线缆伪装板 - 焦炉砖块
appliedenergistics2:facade:0, 线缆伪装板 - 聚四氟乙烯化学惰性机械方块
appliedenergistics2:facade:0, 线缆伪装板 - 坚固高速钢-E机械方块
appliedenergistics2:facade:0, 线缆伪装板 - 镀钯变电站机械方块
appliedenergistics2:facade:0, 线缆伪装板 - 青铜齿轮箱机械方块
appliedenergistics2:facade:0, 线缆伪装板 - 钢齿轮箱机械方块
appliedenergistics2:facade:0, 线缆伪装板 - 不锈钢齿轮箱机械方块
appliedenergistics2:facade:0, 线缆伪装板 - 钛齿轮箱机械方块
appliedenergistics2:facade:0, 线缆伪装板 - 钨钢齿轮箱机械方块
appliedenergistics2:facade:0, 线缆伪装板 - 钢涡轮机械方块
appliedenergistics2:facade:0, 线缆伪装板 - 钛涡轮机械方块
appliedenergistics2:facade:0, 线缆伪装板 - 不锈钢涡轮机械方块
appliedenergistics2:facade:0, 线缆伪装板 - 钨钢涡轮机械方块
appliedenergistics2:facade:0, 线缆伪装板 - §8ULV§r机械方块
appliedenergistics2:facade:0, 线缆伪装板 - §7LV§r机械方块
appliedenergistics2:facade:0, 线缆伪装板 - §bMV§r机械方块
appliedenergistics2:facade:0, 线缆伪装板 - §6HV§r机械方块
appliedenergistics2:facade:0, 线缆伪装板 - §5EV§r机械方块
appliedenergistics2:facade:0, 线缆伪装板 - §1IV§r机械方块
appliedenergistics2:facade:0, 线缆伪装板 - §dLuV§r机械方块
appliedenergistics2:facade:0, 线缆伪装板 - §cZPM§r机械方块
appliedenergistics2:facade:0, 线缆伪装板 - §3UV§r机械方块
appliedenergistics2:facade:0, 线缆伪装板 - §4UHV§r机械方块
appliedenergistics2:facade:0, 线缆伪装板 - §aUEV§r机械方块
appliedenergistics2:facade:0, 线缆伪装板 - §2UIV§r机械方块
appliedenergistics2:facade:0, 线缆伪装板 - §eUXV§r机械方块
appliedenergistics2:facade:0, 线缆伪装板 - §9OpV§r机械方块
appliedenergistics2:facade:0, 线缆伪装板 - §c§lMAX§r机械方块
appliedenergistics2:facade:0, 线缆伪装板 - 青铜外壳
appliedenergistics2:facade:0, 线缆伪装板 - 砖砌青铜外壳
appliedenergistics2:facade:0, 线缆伪装板 - 钢制外壳
appliedenergistics2:facade:0, 线缆伪装板 - 砖砌锻铁外壳
appliedenergistics2:facade:0, 线缆伪装板 - 水泵盖板
appliedenergistics2:facade:0, 线缆伪装板 - 木制壁面
appliedenergistics2:facade:0, 线缆伪装板 - 引擎进气机械方块
appliedenergistics2:facade:0, 线缆伪装板 - 极限引擎进气机械方块
appliedenergistics2:facade:0, 线缆伪装板 - 栅格机械方块
appliedenergistics2:facade:0, 线缆伪装板 - 装配线控制外壳
appliedenergistics2:facade:0, 线缆伪装板 - 装配线外壳
appliedenergistics2:facade:0, 线缆伪装板 - 白铜线圈方块
appliedenergistics2:facade:0, 线缆伪装板 - 坎塔尔合金线圈方块
appliedenergistics2:facade:0, 线缆伪装板 - 镍铬合金线圈方块
appliedenergistics2:facade:0, 线缆伪装板 - 钌钨钼合金线圈方块
appliedenergistics2:facade:0, 线缆伪装板 - 高速钢-G线圈方块
appliedenergistics2:facade:0, 线缆伪装板 - 硅岩线圈方块
appliedenergistics2:facade:0, 线缆伪装板 - 凯金线圈方块
appliedenergistics2:facade:0, 线缆伪装板 - 三钛合金线圈方块
appliedenergistics2:facade:0, 线缆伪装板 - 超导线圈方块
appliedenergistics2:facade:0, 线缆伪装板 - 聚变线圈方块
appliedenergistics2:facade:0, 线缆伪装板 - 聚变机器外壳
appliedenergistics2:facade:0, 线缆伪装板 - 聚变机械方块 MK-II
appliedenergistics2:facade:0, 线缆伪装板 - 聚变机械方块 MK-III
appliedenergistics2:facade:0, 线缆伪装板 - 黄色路障方块
appliedenergistics2:facade:0, 线缆伪装板 - 黄色路障方块
appliedenergistics2:facade:0, 线缆伪装板 - 辐射危害警示方块
appliedenergistics2:facade:0, 线缆伪装板 - 生化危害警示方块
appliedenergistics2:facade:0, 线缆伪装板 - 爆炸危害警示方块
appliedenergistics2:facade:0, 线缆伪装板 - 易燃危害警示方块
appliedenergistics2:facade:0, 线缆伪装板 - 强酸危害警示方块
appliedenergistics2:facade:0, 线缆伪装板 - 魔力危害警示方块
appliedenergistics2:facade:0, 线缆伪装板 - 低温危害警示方块
appliedenergistics2:facade:0, 线缆伪装板 - 噪声危害警示方块
appliedenergistics2:facade:0, 线缆伪装板 - 泛用危害警示方块
appliedenergistics2:facade:0, 线缆伪装板 - 高压电危害警示方块
appliedenergistics2:facade:0, 线缆伪装板 - 强磁危害警示方块
appliedenergistics2:facade:0, 线缆伪装板 - 反物质危害警示方块
appliedenergistics2:facade:0, 线缆伪装板 - 高温危害警示方块
appliedenergistics2:facade:0, 线缆伪装板 - 虚空危害警示方块
appliedenergistics2:facade:0, 线缆伪装板 - 刷怪笼危害警示方块
appliedenergistics2:facade:0, 线缆伪装板 - 空间存储危害警示方块
appliedenergistics2:facade:0, 线缆伪装板 - 激光危害警示方块
appliedenergistics2:facade:0, 线缆伪装板 - 怪物侵袭危害警示方块
appliedenergistics2:facade:0, 线缆伪装板 - Boss危害警示方块
appliedenergistics2:facade:0, 线缆伪装板 - 格雷化危害警示方块
appliedenergistics2:facade:0, 线缆伪装板 - 非标准因果律危害警示方块
appliedenergistics2:facade:0, 线缆伪装板 - 自动化防御设施危害警示方块
appliedenergistics2:facade:0, 线缆伪装板 - 高压力危害警示方块
appliedenergistics2:facade:0, 线缆伪装板 - 沥青
appliedenergistics2:facade:0, 线缆伪装板 - 橡胶木
appliedenergistics2:facade:0, 线缆伪装板 - 橡胶树叶
appliedenergistics2:facade:0, 线缆伪装板 - 橡胶木板
appliedenergistics2:facade:0, 线缆伪装板 - 防腐木板
appliedenergistics2:facade:0, 线缆伪装板 - 脆木炭块
appliedenergistics2:facade:0, 线缆伪装板 - 火药桶
appliedenergistics2:facade:0, 线缆伪装板 - 工业TNT
appliedenergistics2:facade:0, 线缆伪装板 - 白色金属板方块
appliedenergistics2:facade:0, 线缆伪装板 - 橙色金属板方块
appliedenergistics2:facade:0, 线缆伪装板 - 品红色金属板方块
appliedenergistics2:facade:0, 线缆伪装板 - 淡蓝色金属板方块
appliedenergistics2:facade:0, 线缆伪装板 - 黄色金属板方块
appliedenergistics2:facade:0, 线缆伪装板 - 黄绿色金属板方块
appliedenergistics2:facade:0, 线缆伪装板 - 粉红色金属板方块
appliedenergistics2:facade:0, 线缆伪装板 - 灰色金属板方块
appliedenergistics2:facade:0, 线缆伪装板 - 淡灰色金属板方块
appliedenergistics2:facade:0, 线缆伪装板 - 青色金属板方块
appliedenergistics2:facade:0, 线缆伪装板 - 紫色金属板方块
appliedenergistics2:facade:0, 线缆伪装板 - 蓝色金属板方块
appliedenergistics2:facade:0, 线缆伪装板 - 棕色金属板方块
appliedenergistics2:facade:0, 线缆伪装板 - 绿色金属板方块
appliedenergistics2:facade:0, 线缆伪装板 - 红色金属板方块
appliedenergistics2:facade:0, 线缆伪装板 - 黑色金属板方块
appliedenergistics2:facade:0, 线缆伪装板 - 白色粗纹金属板方块
appliedenergistics2:facade:0, 线缆伪装板 - 橙色粗纹金属板方块
appliedenergistics2:facade:0, 线缆伪装板 - 品红色粗纹金属板方块
appliedenergistics2:facade:0, 线缆伪装板 - 淡蓝色粗纹金属板方块
appliedenergistics2:facade:0, 线缆伪装板 - 黄色粗纹金属板方块
appliedenergistics2:facade:0, 线缆伪装板 - 黄绿色粗纹金属板方块
appliedenergistics2:facade:0, 线缆伪装板 - 粉红色粗纹金属板方块
appliedenergistics2:facade:0, 线缆伪装板 - 灰色粗纹金属板方块
appliedenergistics2:facade:0, 线缆伪装板 - 淡灰色粗纹金属板方块
appliedenergistics2:facade:0, 线缆伪装板 - 青色粗纹金属板方块
appliedenergistics2:facade:0, 线缆伪装板 - 紫色粗纹金属板方块
appliedenergistics2:facade:0, 线缆伪装板 - 蓝色粗纹金属板方块
appliedenergistics2:facade:0, 线缆伪装板 - 棕色粗纹金属板方块
appliedenergistics2:facade:0, 线缆伪装板 - 绿色粗纹金属板方块
appliedenergistics2:facade:0, 线缆伪装板 - 红色粗纹金属板方块
appliedenergistics2:facade:0, 线缆伪装板 - 黑色粗纹金属板方块
appliedenergistics2:facade:0, 线缆伪装板 - 白色橡胶混凝土
appliedenergistics2:facade:0, 线缆伪装板 - 橙色橡胶混凝土
appliedenergistics2:facade:0, 线缆伪装板 - 品红色橡胶混凝土
appliedenergistics2:facade:0, 线缆伪装板 - 淡蓝色橡胶混凝土
appliedenergistics2:facade:0, 线缆伪装板 - 黄色橡胶混凝土
appliedenergistics2:facade:0, 线缆伪装板 - 黄绿色橡胶混凝土
appliedenergistics2:facade:0, 线缆伪装板 - 粉红色橡胶混凝土
appliedenergistics2:facade:0, 线缆伪装板 - 灰色橡胶混凝土
appliedenergistics2:facade:0, 线缆伪装板 - 淡灰色橡胶混凝土
appliedenergistics2:facade:0, 线缆伪装板 - 青色橡胶混凝土
appliedenergistics2:facade:0, 线缆伪装板 - 紫色橡胶混凝土
appliedenergistics2:facade:0, 线缆伪装板 - 蓝色橡胶混凝土
appliedenergistics2:facade:0, 线缆伪装板 - 棕色橡胶混凝土
appliedenergistics2:facade:0, 线缆伪装板 - 绿色橡胶混凝土
appliedenergistics2:facade:0, 线缆伪装板 - 红色橡胶混凝土
appliedenergistics2:facade:0, 线缆伪装板 - 黑色橡胶混凝土
appliedenergistics2:facade:0, 线缆伪装板 - 黑花岗岩
appliedenergistics2:facade:0, 线缆伪装板 - 红花岗岩
appliedenergistics2:facade:0, 线缆伪装板 - 大理岩
appliedenergistics2:facade:0, 线缆伪装板 - 玄武岩
appliedenergistics2:facade:0, 线缆伪装板 - 淡色混凝土
appliedenergistics2:facade:0, 线缆伪装板 - 深色混凝土
appliedenergistics2:facade:0, 线缆伪装板 - 黑花岗岩圆石
appliedenergistics2:facade:0, 线缆伪装板 - 红花岗岩圆石
appliedenergistics2:facade:0, 线缆伪装板 - 大理岩圆石
appliedenergistics2:facade:0, 线缆伪装板 - 玄武岩圆石
appliedenergistics2:facade:0, 线缆伪装板 - 淡色混凝土圆石
appliedenergistics2:facade:0, 线缆伪装板 - 深色混凝土圆石
appliedenergistics2:facade:0, 线缆伪装板 - 覆苔黑花岗岩圆石
appliedenergistics2:facade:0, 线缆伪装板 - 覆苔红花岗岩圆石
appliedenergistics2:facade:0, 线缆伪装板 - 覆苔大理岩圆石
appliedenergistics2:facade:0, 线缆伪装板 - 覆苔玄武岩圆石
appliedenergistics2:facade:0, 线缆伪装板 - 覆苔淡色混凝土圆石
appliedenergistics2:facade:0, 线缆伪装板 - 覆苔深色混凝土圆石
appliedenergistics2:facade:0, 线缆伪装板 - 磨制黑花岗岩
appliedenergistics2:facade:0, 线缆伪装板 - 磨制红花岗岩
appliedenergistics2:facade:0, 线缆伪装板 - 磨制大理岩
appliedenergistics2:facade:0, 线缆伪装板 - 磨制玄武岩
appliedenergistics2:facade:0, 线缆伪装板 - 磨制淡色混凝土
appliedenergistics2:facade:0, 线缆伪装板 - 磨制深色混凝土
appliedenergistics2:facade:0, 线缆伪装板 - 黑花岗岩砖
appliedenergistics2:facade:0, 线缆伪装板 - 红花岗岩砖
appliedenergistics2:facade:0, 线缆伪装板 - 大理岩砖
appliedenergistics2:facade:0, 线缆伪装板 - 玄武岩砖
appliedenergistics2:facade:0, 线缆伪装板 - 淡色混凝土砖
appliedenergistics2:facade:0, 线缆伪装板 - 深色混凝土砖
appliedenergistics2:facade:0, 线缆伪装板 - 裂纹黑花岗岩砖
appliedenergistics2:facade:0, 线缆伪装板 - 裂纹红花岗岩砖
appliedenergistics2:facade:0, 线缆伪装板 - 裂纹大理岩砖
appliedenergistics2:facade:0, 线缆伪装板 - 裂纹玄武岩砖
appliedenergistics2:facade:0, 线缆伪装板 - 裂纹淡色混凝土砖
appliedenergistics2:facade:0, 线缆伪装板 - 裂纹深色混凝土砖
appliedenergistics2:facade:0, 线缆伪装板 - 覆苔黑花岗岩砖
appliedenergistics2:facade:0, 线缆伪装板 - 覆苔红花岗岩砖
appliedenergistics2:facade:0, 线缆伪装板 - 覆苔大理岩砖
appliedenergistics2:facade:0, 线缆伪装板 - 覆苔玄武岩砖
appliedenergistics2:facade:0, 线缆伪装板 - 覆苔淡色混凝土砖
appliedenergistics2:facade:0, 线缆伪装板 - 覆苔深色混凝土砖
appliedenergistics2:facade:0, 线缆伪装板 - 錾制黑花岗岩
appliedenergistics2:facade:0, 线缆伪装板 - 錾制红花岗岩
appliedenergistics2:facade:0, 线缆伪装板 - 錾制大理岩
appliedenergistics2:facade:0, 线缆伪装板 - 錾制玄武岩
appliedenergistics2:facade:0, 线缆伪装板 - 錾制淡色混凝土
appliedenergistics2:facade:0, 线缆伪装板 - 錾制深色混凝土
appliedenergistics2:facade:0, 线缆伪装板 - 黑花岗岩瓦
appliedenergistics2:facade:0, 线缆伪装板 - 红花岗岩瓦
appliedenergistics2:facade:0, 线缆伪装板 - 大理岩瓦
appliedenergistics2:facade:0, 线缆伪装板 - 玄武岩瓦
appliedenergistics2:facade:0, 线缆伪装板 - 淡色混凝土瓦
appliedenergistics2:facade:0, 线缆伪装板 - 深色混凝土瓦
appliedenergistics2:facade:0, 线缆伪装板 - 黑花岗岩小片瓦
appliedenergistics2:facade:0, 线缆伪装板 - 红花岗岩小片瓦
appliedenergistics2:facade:0, 线缆伪装板 - 大理岩小片瓦
appliedenergistics2:facade:0, 线缆伪装板 - 玄武岩小片瓦
appliedenergistics2:facade:0, 线缆伪装板 - 淡色混凝土小片瓦
appliedenergistics2:facade:0, 线缆伪装板 - 深色混凝土小片瓦
appliedenergistics2:facade:0, 线缆伪装板 - 黑花岗岩小块砖
appliedenergistics2:facade:0, 线缆伪装板 - 红花岗岩小块砖
appliedenergistics2:facade:0, 线缆伪装板 - 大理岩小块砖
appliedenergistics2:facade:0, 线缆伪装板 - 玄武岩小块砖
appliedenergistics2:facade:0, 线缆伪装板 - 淡色混凝土小块砖
appliedenergistics2:facade:0, 线缆伪装板 - 深色混凝土小块砖
appliedenergistics2:facade:0, 线缆伪装板 - 黑花岗岩风车形瓦 A
appliedenergistics2:facade:0, 线缆伪装板 - 红花岗岩风车形瓦 A
appliedenergistics2:facade:0, 线缆伪装板 - 大理岩风车形瓦 A
appliedenergistics2:facade:0, 线缆伪装板 - 玄武岩风车形瓦 A
appliedenergistics2:facade:0, 线缆伪装板 - 淡色混凝土风车形瓦 A
appliedenergistics2:facade:0, 线缆伪装板 - 深色混凝土风车形瓦 A
appliedenergistics2:facade:0, 线缆伪装板 - 黑花岗岩风车形瓦 B
appliedenergistics2:facade:0, 线缆伪装板 - 红花岗岩风车形瓦 B
appliedenergistics2:facade:0, 线缆伪装板 - 大理岩风车形瓦 B
appliedenergistics2:facade:0, 线缆伪装板 - 玄武岩风车形瓦 B
appliedenergistics2:facade:0, 线缆伪装板 - 淡色混凝土风车形瓦 B
appliedenergistics2:facade:0, 线缆伪装板 - 深色混凝土风车形瓦 B
appliedenergistics2:facade:0, 线缆伪装板 - 黑花岗岩方形砖
appliedenergistics2:facade:0, 线缆伪装板 - 红花岗岩方形砖
appliedenergistics2:facade:0, 线缆伪装板 - 大理岩方形砖
appliedenergistics2:facade:0, 线缆伪装板 - 玄武岩方形砖
appliedenergistics2:facade:0, 线缆伪装板 - 淡色混凝土方形砖
appliedenergistics2:facade:0, 线缆伪装板 - 深色混凝土方形砖
appliedenergistics2:facade:0, 线缆伪装板 - 白色灯
appliedenergistics2:facade:0, 线缆伪装板 - 白色灯
appliedenergistics2:facade:0, 线缆伪装板 - 白色灯
appliedenergistics2:facade:0, 线缆伪装板 - 白色灯
appliedenergistics2:facade:0, 线缆伪装板 - 白色灯
appliedenergistics2:facade:0, 线缆伪装板 - 白色灯
appliedenergistics2:facade:0, 线缆伪装板 - 白色灯
appliedenergistics2:facade:0, 线缆伪装板 - 白色灯
appliedenergistics2:facade:0, 线缆伪装板 - 橙色灯
appliedenergistics2:facade:0, 线缆伪装板 - 橙色灯
appliedenergistics2:facade:0, 线缆伪装板 - 橙色灯
appliedenergistics2:facade:0, 线缆伪装板 - 橙色灯
appliedenergistics2:facade:0, 线缆伪装板 - 橙色灯
appliedenergistics2:facade:0, 线缆伪装板 - 橙色灯
appliedenergistics2:facade:0, 线缆伪装板 - 橙色灯
appliedenergistics2:facade:0, 线缆伪装板 - 橙色灯
appliedenergistics2:facade:0, 线缆伪装板 - 品红色灯
appliedenergistics2:facade:0, 线缆伪装板 - 品红色灯
appliedenergistics2:facade:0, 线缆伪装板 - 品红色灯
appliedenergistics2:facade:0, 线缆伪装板 - 品红色灯
appliedenergistics2:facade:0, 线缆伪装板 - 品红色灯
appliedenergistics2:facade:0, 线缆伪装板 - 品红色灯
appliedenergistics2:facade:0, 线缆伪装板 - 品红色灯
appliedenergistics2:facade:0, 线缆伪装板 - 品红色灯
appliedenergistics2:facade:0, 线缆伪装板 - 淡蓝色灯
appliedenergistics2:facade:0, 线缆伪装板 - 淡蓝色灯
appliedenergistics2:facade:0, 线缆伪装板 - 淡蓝色灯
appliedenergistics2:facade:0, 线缆伪装板 - 淡蓝色灯
appliedenergistics2:facade:0, 线缆伪装板 - 淡蓝色灯
appliedenergistics2:facade:0, 线缆伪装板 - 淡蓝色灯
appliedenergistics2:facade:0, 线缆伪装板 - 淡蓝色灯
appliedenergistics2:facade:0, 线缆伪装板 - 淡蓝色灯
appliedenergistics2:facade:0, 线缆伪装板 - 黄色灯
appliedenergistics2:facade:0, 线缆伪装板 - 黄色灯
appliedenergistics2:facade:0, 线缆伪装板 - 黄色灯
appliedenergistics2:facade:0, 线缆伪装板 - 黄色灯
appliedenergistics2:facade:0, 线缆伪装板 - 黄色灯
appliedenergistics2:facade:0, 线缆伪装板 - 黄色灯
appliedenergistics2:facade:0, 线缆伪装板 - 黄色灯
appliedenergistics2:facade:0, 线缆伪装板 - 黄色灯
appliedenergistics2:facade:0, 线缆伪装板 - 黄绿色灯
appliedenergistics2:facade:0, 线缆伪装板 - 黄绿色灯
appliedenergistics2:facade:0, 线缆伪装板 - 黄绿色灯
appliedenergistics2:facade:0, 线缆伪装板 - 黄绿色灯
appliedenergistics2:facade:0, 线缆伪装板 - 黄绿色灯
appliedenergistics2:facade:0, 线缆伪装板 - 黄绿色灯
appliedenergistics2:facade:0, 线缆伪装板 - 黄绿色灯
appliedenergistics2:facade:0, 线缆伪装板 - 黄绿色灯
appliedenergistics2:facade:0, 线缆伪装板 - 粉红色灯
appliedenergistics2:facade:0, 线缆伪装板 - 粉红色灯
appliedenergistics2:facade:0, 线缆伪装板 - 粉红色灯
appliedenergistics2:facade:0, 线缆伪装板 - 粉红色灯
appliedenergistics2:facade:0, 线缆伪装板 - 粉红色灯
appliedenergistics2:facade:0, 线缆伪装板 - 粉红色灯
appliedenergistics2:facade:0, 线缆伪装板 - 粉红色灯
appliedenergistics2:facade:0, 线缆伪装板 - 粉红色灯
appliedenergistics2:facade:0, 线缆伪装板 - 灰色灯
appliedenergistics2:facade:0, 线缆伪装板 - 灰色灯
appliedenergistics2:facade:0, 线缆伪装板 - 灰色灯
appliedenergistics2:facade:0, 线缆伪装板 - 灰色灯
appliedenergistics2:facade:0, 线缆伪装板 - 灰色灯
appliedenergistics2:facade:0, 线缆伪装板 - 灰色灯
appliedenergistics2:facade:0, 线缆伪装板 - 灰色灯
appliedenergistics2:facade:0, 线缆伪装板 - 灰色灯
appliedenergistics2:facade:0, 线缆伪装板 - 淡灰色灯
appliedenergistics2:facade:0, 线缆伪装板 - 淡灰色灯
appliedenergistics2:facade:0, 线缆伪装板 - 淡灰色灯
appliedenergistics2:facade:0, 线缆伪装板 - 淡灰色灯
appliedenergistics2:facade:0, 线缆伪装板 - 淡灰色灯
appliedenergistics2:facade:0, 线缆伪装板 - 淡灰色灯
appliedenergistics2:facade:0, 线缆伪装板 - 淡灰色灯
appliedenergistics2:facade:0, 线缆伪装板 - 淡灰色灯
appliedenergistics2:facade:0, 线缆伪装板 - 青色灯
appliedenergistics2:facade:0, 线缆伪装板 - 青色灯
appliedenergistics2:facade:0, 线缆伪装板 - 青色灯
appliedenergistics2:facade:0, 线缆伪装板 - 青色灯
appliedenergistics2:facade:0, 线缆伪装板 - 青色灯
appliedenergistics2:facade:0, 线缆伪装板 - 青色灯
appliedenergistics2:facade:0, 线缆伪装板 - 青色灯
appliedenergistics2:facade:0, 线缆伪装板 - 青色灯
appliedenergistics2:facade:0, 线缆伪装板 - 紫色灯
appliedenergistics2:facade:0, 线缆伪装板 - 紫色灯
appliedenergistics2:facade:0, 线缆伪装板 - 紫色灯
appliedenergistics2:facade:0, 线缆伪装板 - 紫色灯
appliedenergistics2:facade:0, 线缆伪装板 - 紫色灯
appliedenergistics2:facade:0, 线缆伪装板 - 紫色灯
appliedenergistics2:facade:0, 线缆伪装板 - 紫色灯
appliedenergistics2:facade:0, 线缆伪装板 - 紫色灯
appliedenergistics2:facade:0, 线缆伪装板 - 蓝色灯
appliedenergistics2:facade:0, 线缆伪装板 - 蓝色灯
appliedenergistics2:facade:0, 线缆伪装板 - 蓝色灯
appliedenergistics2:facade:0, 线缆伪装板 - 蓝色灯
appliedenergistics2:facade:0, 线缆伪装板 - 蓝色灯
appliedenergistics2:facade:0, 线缆伪装板 - 蓝色灯
appliedenergistics2:facade:0, 线缆伪装板 - 蓝色灯
appliedenergistics2:facade:0, 线缆伪装板 - 蓝色灯
appliedenergistics2:facade:0, 线缆伪装板 - 棕色灯
appliedenergistics2:facade:0, 线缆伪装板 - 棕色灯
appliedenergistics2:facade:0, 线缆伪装板 - 棕色灯
appliedenergistics2:facade:0, 线缆伪装板 - 棕色灯
appliedenergistics2:facade:0, 线缆伪装板 - 棕色灯
appliedenergistics2:facade:0, 线缆伪装板 - 棕色灯
appliedenergistics2:facade:0, 线缆伪装板 - 棕色灯
appliedenergistics2:facade:0, 线缆伪装板 - 棕色灯
appliedenergistics2:facade:0, 线缆伪装板 - 绿色灯
appliedenergistics2:facade:0, 线缆伪装板 - 绿色灯
appliedenergistics2:facade:0, 线缆伪装板 - 绿色灯
appliedenergistics2:facade:0, 线缆伪装板 - 绿色灯
appliedenergistics2:facade:0, 线缆伪装板 - 绿色灯
appliedenergistics2:facade:0, 线缆伪装板 - 绿色灯
appliedenergistics2:facade:0, 线缆伪装板 - 绿色灯
appliedenergistics2:facade:0, 线缆伪装板 - 绿色灯
appliedenergistics2:facade:0, 线缆伪装板 - 红色灯
appliedenergistics2:facade:0, 线缆伪装板 - 红色灯
appliedenergistics2:facade:0, 线缆伪装板 - 红色灯
appliedenergistics2:facade:0, 线缆伪装板 - 红色灯
appliedenergistics2:facade:0, 线缆伪装板 - 红色灯
appliedenergistics2:facade:0, 线缆伪装板 - 红色灯
appliedenergistics2:facade:0, 线缆伪装板 - 红色灯
appliedenergistics2:facade:0, 线缆伪装板 - 红色灯
appliedenergistics2:facade:0, 线缆伪装板 - 黑色灯
appliedenergistics2:facade:0, 线缆伪装板 - 黑色灯
appliedenergistics2:facade:0, 线缆伪装板 - 黑色灯
appliedenergistics2:facade:0, 线缆伪装板 - 黑色灯
appliedenergistics2:facade:0, 线缆伪装板 - 黑色灯
appliedenergistics2:facade:0, 线缆伪装板 - 黑色灯
appliedenergistics2:facade:0, 线缆伪装板 - 黑色灯
appliedenergistics2:facade:0, 线缆伪装板 - 黑色灯
appliedenergistics2:facade:0, 线缆伪装板 - 白色无框灯
appliedenergistics2:facade:0, 线缆伪装板 - 白色无框灯
appliedenergistics2:facade:0, 线缆伪装板 - 白色无框灯
appliedenergistics2:facade:0, 线缆伪装板 - 白色无框灯
appliedenergistics2:facade:0, 线缆伪装板 - 白色无框灯
appliedenergistics2:facade:0, 线缆伪装板 - 白色无框灯
appliedenergistics2:facade:0, 线缆伪装板 - 白色无框灯
appliedenergistics2:facade:0, 线缆伪装板 - 白色无框灯
appliedenergistics2:facade:0, 线缆伪装板 - 橙色无框灯
appliedenergistics2:facade:0, 线缆伪装板 - 橙色无框灯
appliedenergistics2:facade:0, 线缆伪装板 - 橙色无框灯
appliedenergistics2:facade:0, 线缆伪装板 - 橙色无框灯
appliedenergistics2:facade:0, 线缆伪装板 - 橙色无框灯
appliedenergistics2:facade:0, 线缆伪装板 - 橙色无框灯
appliedenergistics2:facade:0, 线缆伪装板 - 橙色无框灯
appliedenergistics2:facade:0, 线缆伪装板 - 橙色无框灯
appliedenergistics2:facade:0, 线缆伪装板 - 品红色无框灯
appliedenergistics2:facade:0, 线缆伪装板 - 品红色无框灯
appliedenergistics2:facade:0, 线缆伪装板 - 品红色无框灯
appliedenergistics2:facade:0, 线缆伪装板 - 品红色无框灯
appliedenergistics2:facade:0, 线缆伪装板 - 品红色无框灯
appliedenergistics2:facade:0, 线缆伪装板 - 品红色无框灯
appliedenergistics2:facade:0, 线缆伪装板 - 品红色无框灯
appliedenergistics2:facade:0, 线缆伪装板 - 品红色无框灯
appliedenergistics2:facade:0, 线缆伪装板 - 淡蓝色无框灯
appliedenergistics2:facade:0, 线缆伪装板 - 淡蓝色无框灯
appliedenergistics2:facade:0, 线缆伪装板 - 淡蓝色无框灯
appliedenergistics2:facade:0, 线缆伪装板 - 淡蓝色无框灯
appliedenergistics2:facade:0, 线缆伪装板 - 淡蓝色无框灯
appliedenergistics2:facade:0, 线缆伪装板 - 淡蓝色无框灯
appliedenergistics2:facade:0, 线缆伪装板 - 淡蓝色无框灯
appliedenergistics2:facade:0, 线缆伪装板 - 淡蓝色无框灯
appliedenergistics2:facade:0, 线缆伪装板 - 黄色无框灯
appliedenergistics2:facade:0, 线缆伪装板 - 黄色无框灯
appliedenergistics2:facade:0, 线缆伪装板 - 黄色无框灯
appliedenergistics2:facade:0, 线缆伪装板 - 黄色无框灯
appliedenergistics2:facade:0, 线缆伪装板 - 黄色无框灯
appliedenergistics2:facade:0, 线缆伪装板 - 黄色无框灯
appliedenergistics2:facade:0, 线缆伪装板 - 黄色无框灯
appliedenergistics2:facade:0, 线缆伪装板 - 黄色无框灯
appliedenergistics2:facade:0, 线缆伪装板 - 黄绿色无框灯
appliedenergistics2:facade:0, 线缆伪装板 - 黄绿色无框灯
appliedenergistics2:facade:0, 线缆伪装板 - 黄绿色无框灯
appliedenergistics2:facade:0, 线缆伪装板 - 黄绿色无框灯
appliedenergistics2:facade:0, 线缆伪装板 - 黄绿色无框灯
appliedenergistics2:facade:0, 线缆伪装板 - 黄绿色无框灯
appliedenergistics2:facade:0, 线缆伪装板 - 黄绿色无框灯
appliedenergistics2:facade:0, 线缆伪装板 - 黄绿色无框灯
appliedenergistics2:facade:0, 线缆伪装板 - 粉红色无框灯
appliedenergistics2:facade:0, 线缆伪装板 - 粉红色无框灯
appliedenergistics2:facade:0, 线缆伪装板 - 粉红色无框灯
appliedenergistics2:facade:0, 线缆伪装板 - 粉红色无框灯
appliedenergistics2:facade:0, 线缆伪装板 - 粉红色无框灯
appliedenergistics2:facade:0, 线缆伪装板 - 粉红色无框灯
appliedenergistics2:facade:0, 线缆伪装板 - 粉红色无框灯
appliedenergistics2:facade:0, 线缆伪装板 - 粉红色无框灯
appliedenergistics2:facade:0, 线缆伪装板 - 灰色无框灯
appliedenergistics2:facade:0, 线缆伪装板 - 灰色无框灯
appliedenergistics2:facade:0, 线缆伪装板 - 灰色无框灯
appliedenergistics2:facade:0, 线缆伪装板 - 灰色无框灯
appliedenergistics2:facade:0, 线缆伪装板 - 灰色无框灯
appliedenergistics2:facade:0, 线缆伪装板 - 灰色无框灯
appliedenergistics2:facade:0, 线缆伪装板 - 灰色无框灯
appliedenergistics2:facade:0, 线缆伪装板 - 灰色无框灯
appliedenergistics2:facade:0, 线缆伪装板 - 淡灰色无框灯
appliedenergistics2:facade:0, 线缆伪装板 - 淡灰色无框灯
appliedenergistics2:facade:0, 线缆伪装板 - 淡灰色无框灯
appliedenergistics2:facade:0, 线缆伪装板 - 淡灰色无框灯
appliedenergistics2:facade:0, 线缆伪装板 - 淡灰色无框灯
appliedenergistics2:facade:0, 线缆伪装板 - 淡灰色无框灯
appliedenergistics2:facade:0, 线缆伪装板 - 淡灰色无框灯
appliedenergistics2:facade:0, 线缆伪装板 - 淡灰色无框灯
appliedenergistics2:facade:0, 线缆伪装板 - 青色无框灯
appliedenergistics2:facade:0, 线缆伪装板 - 青色无框灯
appliedenergistics2:facade:0, 线缆伪装板 - 青色无框灯
appliedenergistics2:facade:0, 线缆伪装板 - 青色无框灯
appliedenergistics2:facade:0, 线缆伪装板 - 青色无框灯
appliedenergistics2:facade:0, 线缆伪装板 - 青色无框灯
appliedenergistics2:facade:0, 线缆伪装板 - 青色无框灯
appliedenergistics2:facade:0, 线缆伪装板 - 青色无框灯
appliedenergistics2:facade:0, 线缆伪装板 - 紫色无框灯
appliedenergistics2:facade:0, 线缆伪装板 - 紫色无框灯
appliedenergistics2:facade:0, 线缆伪装板 - 紫色无框灯
appliedenergistics2:facade:0, 线缆伪装板 - 紫色无框灯
appliedenergistics2:facade:0, 线缆伪装板 - 紫色无框灯
appliedenergistics2:facade:0, 线缆伪装板 - 紫色无框灯
appliedenergistics2:facade:0, 线缆伪装板 - 紫色无框灯
appliedenergistics2:facade:0, 线缆伪装板 - 紫色无框灯
appliedenergistics2:facade:0, 线缆伪装板 - 蓝色无框灯
appliedenergistics2:facade:0, 线缆伪装板 - 蓝色无框灯
appliedenergistics2:facade:0, 线缆伪装板 - 蓝色无框灯
appliedenergistics2:facade:0, 线缆伪装板 - 蓝色无框灯
appliedenergistics2:facade:0, 线缆伪装板 - 蓝色无框灯
appliedenergistics2:facade:0, 线缆伪装板 - 蓝色无框灯
appliedenergistics2:facade:0, 线缆伪装板 - 蓝色无框灯
appliedenergistics2:facade:0, 线缆伪装板 - 蓝色无框灯
appliedenergistics2:facade:0, 线缆伪装板 - 棕色无框灯
appliedenergistics2:facade:0, 线缆伪装板 - 棕色无框灯
appliedenergistics2:facade:0, 线缆伪装板 - 棕色无框灯
appliedenergistics2:facade:0, 线缆伪装板 - 棕色无框灯
appliedenergistics2:facade:0, 线缆伪装板 - 棕色无框灯
appliedenergistics2:facade:0, 线缆伪装板 - 棕色无框灯
appliedenergistics2:facade:0, 线缆伪装板 - 棕色无框灯
appliedenergistics2:facade:0, 线缆伪装板 - 棕色无框灯
appliedenergistics2:facade:0, 线缆伪装板 - 绿色无框灯
appliedenergistics2:facade:0, 线缆伪装板 - 绿色无框灯
appliedenergistics2:facade:0, 线缆伪装板 - 绿色无框灯
appliedenergistics2:facade:0, 线缆伪装板 - 绿色无框灯
appliedenergistics2:facade:0, 线缆伪装板 - 绿色无框灯
appliedenergistics2:facade:0, 线缆伪装板 - 绿色无框灯
appliedenergistics2:facade:0, 线缆伪装板 - 绿色无框灯
appliedenergistics2:facade:0, 线缆伪装板 - 绿色无框灯
appliedenergistics2:facade:0, 线缆伪装板 - 红色无框灯
appliedenergistics2:facade:0, 线缆伪装板 - 红色无框灯
appliedenergistics2:facade:0, 线缆伪装板 - 红色无框灯
appliedenergistics2:facade:0, 线缆伪装板 - 红色无框灯
appliedenergistics2:facade:0, 线缆伪装板 - 红色无框灯
appliedenergistics2:facade:0, 线缆伪装板 - 红色无框灯
appliedenergistics2:facade:0, 线缆伪装板 - 红色无框灯
appliedenergistics2:facade:0, 线缆伪装板 - 红色无框灯
appliedenergistics2:facade:0, 线缆伪装板 - 黑色无框灯
appliedenergistics2:facade:0, 线缆伪装板 - 黑色无框灯
appliedenergistics2:facade:0, 线缆伪装板 - 黑色无框灯
appliedenergistics2:facade:0, 线缆伪装板 - 黑色无框灯
appliedenergistics2:facade:0, 线缆伪装板 - 黑色无框灯
appliedenergistics2:facade:0, 线缆伪装板 - 黑色无框灯
appliedenergistics2:facade:0, 线缆伪装板 - 黑色无框灯
appliedenergistics2:facade:0, 线缆伪装板 - 黑色无框灯
appliedenergistics2:facade:0, 线缆伪装板 - 砷铜块
appliedenergistics2:facade:0, 线缆伪装板 - 砷青铜块
appliedenergistics2:facade:0, 线缆伪装板 - 远古残骸块
appliedenergistics2:facade:0, 线缆伪装板 - 下界合金块
appliedenergistics2:facade:0, 线缆伪装板 - 钽铪碳化物块
appliedenergistics2:facade:0, 线缆伪装板 - 锕块
appliedenergistics2:facade:0, 线缆伪装板 - 铝块
appliedenergistics2:facade:0, 线缆伪装板 - 镅块
appliedenergistics2:facade:0, 线缆伪装板 - 锑块
appliedenergistics2:facade:0, 线缆伪装板 - 砷块
appliedenergistics2:facade:0, 线缆伪装板 - 砹块
appliedenergistics2:facade:0, 线缆伪装板 - 钡块
appliedenergistics2:facade:0, 线缆伪装板 - 锫块
appliedenergistics2:facade:0, 线缆伪装板 - 铍块
appliedenergistics2:facade:0, 线缆伪装板 - 铋块
appliedenergistics2:facade:0, 线缆伪装板 - 钅波块
appliedenergistics2:facade:0, 线缆伪装板 - 溴块
appliedenergistics2:facade:0, 线缆伪装板 - 铯块
appliedenergistics2:facade:0, 线缆伪装板 - 钙块
appliedenergistics2:facade:0, 线缆伪装板 - 锎块
appliedenergistics2:facade:0, 线缆伪装板 - 碳块
appliedenergistics2:facade:0, 线缆伪装板 - 镉块
appliedenergistics2:facade:0, 线缆伪装板 - 铈块
appliedenergistics2:facade:0, 线缆伪装板 - 铬块
appliedenergistics2:facade:0, 线缆伪装板 - 钴块
appliedenergistics2:facade:0, 线缆伪装板 - 钅哥块
appliedenergistics2:facade:0, 线缆伪装板 - 铜块
appliedenergistics2:facade:0, 线缆伪装板 - 锔块
appliedenergistics2:facade:0, 线缆伪装板 - 钅达块
appliedenergistics2:facade:0, 线缆伪装板 - 钅杜块
appliedenergistics2:facade:0, 线缆伪装板 - 镝块
appliedenergistics2:facade:0, 线缆伪装板 - 锿块
appliedenergistics2:facade:0, 线缆伪装板 - 铒块
appliedenergistics2:facade:0, 线缆伪装板 - 铕块
appliedenergistics2:facade:0, 线缆伪装板 - 镄块
appliedenergistics2:facade:0, 线缆伪装板 - 钅夫块
appliedenergistics2:facade:0, 线缆伪装板 - 钫块
appliedenergistics2:facade:0, 线缆伪装板 - 钆块
appliedenergistics2:facade:0, 线缆伪装板 - 镓块
appliedenergistics2:facade:0, 线缆伪装板 - 锗块
appliedenergistics2:facade:0, 线缆伪装板 - 铪块
appliedenergistics2:facade:0, 线缆伪装板 - 钅黑块
appliedenergistics2:facade:0, 线缆伪装板 - 钬块
appliedenergistics2:facade:0, 线缆伪装板 - 铟块
appliedenergistics2:facade:0, 线缆伪装板 - 碘块
appliedenergistics2:facade:0, 线缆伪装板 - 铱块
appliedenergistics2:facade:0, 线缆伪装板 - 铹块
appliedenergistics2:facade:0, 线缆伪装板 - 铅块
appliedenergistics2:facade:0, 线缆伪装板 - 锂块
appliedenergistics2:facade:0, 线缆伪装板 - 钅立块
appliedenergistics2:facade:0, 线缆伪装板 - 镥块
appliedenergistics2:facade:0, 线缆伪装板 - 镁块
appliedenergistics2:facade:0, 线缆伪装板 - 钔块
appliedenergistics2:facade:0, 线缆伪装板 - 锰块
appliedenergistics2:facade:0, 线缆伪装板 - 钅麦块
appliedenergistics2:facade:0, 线缆伪装板 - 钼块
appliedenergistics2:facade:0, 线缆伪装板 - 镆块
appliedenergistics2:facade:0, 线缆伪装板 - 钕块
appliedenergistics2:facade:0, 线缆伪装板 - 镎块
appliedenergistics2:facade:0, 线缆伪装板 - 镍块
appliedenergistics2:facade:0, 线缆伪装板 - 钅尔块
appliedenergistics2:facade:0, 线缆伪装板 - 铌块
appliedenergistics2:facade:0, 线缆伪装板 - 锘块
appliedenergistics2:facade:0, 线缆伪装板 - 气奥块
appliedenergistics2:facade:0, 线缆伪装板 - 锇块
appliedenergistics2:facade:0, 线缆伪装板 - 钯块
appliedenergistics2:facade:0, 线缆伪装板 - 磷块
appliedenergistics2:facade:0, 线缆伪装板 - 钋块
appliedenergistics2:facade:0, 线缆伪装板 - 铂块
appliedenergistics2:facade:0, 线缆伪装板 - 钚-239块
appliedenergistics2:facade:0, 线缆伪装板 - 钚-241块
appliedenergistics2:facade:0, 线缆伪装板 - 钾块
appliedenergistics2:facade:0, 线缆伪装板 - 镨块
appliedenergistics2:facade:0, 线缆伪装板 - 钷块
appliedenergistics2:facade:0, 线缆伪装板 - 镤块
appliedenergistics2:facade:0, 线缆伪装板 - 镭块
appliedenergistics2:facade:0, 线缆伪装板 - 铼块
appliedenergistics2:facade:0, 线缆伪装板 - 铑块
appliedenergistics2:facade:0, 线缆伪装板 - 钅仑块
appliedenergistics2:facade:0, 线缆伪装板 - 铷块
appliedenergistics2:facade:0, 线缆伪装板 - 钌块
appliedenergistics2:facade:0, 线缆伪装板 - 钅卢块
appliedenergistics2:facade:0, 线缆伪装板 - 钐块
appliedenergistics2:facade:0, 线缆伪装板 - 钪块
appliedenergistics2:facade:0, 线缆伪装板 - 钅喜块
appliedenergistics2:facade:0, 线缆伪装板 - 硒块
appliedenergistics2:facade:0, 线缆伪装板 - 硅块
appliedenergistics2:facade:0, 线缆伪装板 - 银块
appliedenergistics2:facade:0, 线缆伪装板 - 锶块
appliedenergistics2:facade:0, 线缆伪装板 - 钽块
appliedenergistics2:facade:0, 线缆伪装板 - 锝块
appliedenergistics2:facade:0, 线缆伪装板 - 碲块
appliedenergistics2:facade:0, 线缆伪装板 - 石田块
appliedenergistics2:facade:0, 线缆伪装板 - 铽块
appliedenergistics2:facade:0, 线缆伪装板 - 钍块
appliedenergistics2:facade:0, 线缆伪装板 - 铊块
appliedenergistics2:facade:0, 线缆伪装板 - 铥块
appliedenergistics2:facade:0, 线缆伪装板 - 锡块
appliedenergistics2:facade:0, 线缆伪装板 - 钛块
appliedenergistics2:facade:0, 线缆伪装板 - 钨块
appliedenergistics2:facade:0, 线缆伪装板 - 钒块
appliedenergistics2:facade:0, 线缆伪装板 - 镱块
appliedenergistics2:facade:0, 线缆伪装板 - 钇块
appliedenergistics2:facade:0, 线缆伪装板 - 锌块
appliedenergistics2:facade:0, 线缆伪装板 - 锆块
appliedenergistics2:facade:0, 线缆伪装板 - 硅岩块
appliedenergistics2:facade:0, 线缆伪装板 - 富集硅岩块
appliedenergistics2:facade:0, 线缆伪装板 - 超能硅岩块
appliedenergistics2:facade:0, 线缆伪装板 - 中子素块
appliedenergistics2:facade:0, 线缆伪装板 - 三钛合金块
appliedenergistics2:facade:0, 线缆伪装板 - 铿铀块
appliedenergistics2:facade:0, 线缆伪装板 - 凯金块
appliedenergistics2:facade:0, 线缆伪装板 - 铀-238块
appliedenergistics2:facade:0, 线缆伪装板 - 钚块
appliedenergistics2:facade:0, 线缆伪装板 - 镭-225块
appliedenergistics2:facade:0, 线缆伪装板 - 镭-226块
appliedenergistics2:facade:0, 线缆伪装板 - 镤-231块
appliedenergistics2:facade:0, 线缆伪装板 - 镤-233块
appliedenergistics2:facade:0, 线缆伪装板 - 铀-232块
appliedenergistics2:facade:0, 线缆伪装板 - 铀-233块
appliedenergistics2:facade:0, 线缆伪装板 - 铀-234块
appliedenergistics2:facade:0, 线缆伪装板 - 铀-236块
appliedenergistics2:facade:0, 线缆伪装板 - 铀-237块
appliedenergistics2:facade:0, 线缆伪装板 - 铀-239块
appliedenergistics2:facade:0, 线缆伪装板 - 镎-235块
appliedenergistics2:facade:0, 线缆伪装板 - 镎-236块
appliedenergistics2:facade:0, 线缆伪装板 - 镎-237块
appliedenergistics2:facade:0, 线缆伪装板 - 镎-238块
appliedenergistics2:facade:0, 线缆伪装板 - 镎-239块
appliedenergistics2:facade:0, 线缆伪装板 - 钚-236块
appliedenergistics2:facade:0, 线缆伪装板 - 钚-237块
appliedenergistics2:facade:0, 线缆伪装板 - 钚-238块
appliedenergistics2:facade:0, 线缆伪装板 - 钚-240块
appliedenergistics2:facade:0, 线缆伪装板 - 钚-242块
appliedenergistics2:facade:0, 线缆伪装板 - 钚-243块
appliedenergistics2:facade:0, 线缆伪装板 - 钚-244块
appliedenergistics2:facade:0, 线缆伪装板 - 钍-228块
appliedenergistics2:facade:0, 线缆伪装板 - 钍-229块
appliedenergistics2:facade:0, 线缆伪装板 - 钍-230块
appliedenergistics2:facade:0, 线缆伪装板 - 钍-232块
appliedenergistics2:facade:0, 线缆伪装板 - 钍-233块
appliedenergistics2:facade:0, 线缆伪装板 - 镅-240块
appliedenergistics2:facade:0, 线缆伪装板 - 镅-241块
appliedenergistics2:facade:0, 线缆伪装板 - 镅-242块
appliedenergistics2:facade:0, 线缆伪装板 - 镅-243块
appliedenergistics2:facade:0, 线缆伪装板 - 锔-242块
appliedenergistics2:facade:0, 线缆伪装板 - 锔-243块
appliedenergistics2:facade:0, 线缆伪装板 - 锔-244块
appliedenergistics2:facade:0, 线缆伪装板 - 锔-245块
appliedenergistics2:facade:0, 线缆伪装板 - 锔-246块
appliedenergistics2:facade:0, 线缆伪装板 - 锔-247块
appliedenergistics2:facade:0, 线缆伪装板 - 锔-248块
appliedenergistics2:facade:0, 线缆伪装板 - 锔-250块
appliedenergistics2:facade:0, 线缆伪装板 - 锫-249块
appliedenergistics2:facade:0, 线缆伪装板 - 锎-249块
appliedenergistics2:facade:0, 线缆伪装板 - 锎-252块
appliedenergistics2:facade:0, 线缆伪装板 - 赛特斯石英块
appliedenergistics2:facade:0, 线缆伪装板 - 铁铝榴石块
appliedenergistics2:facade:0, 线缆伪装板 - 钙铁榴石块
appliedenergistics2:facade:0, 线缆伪装板 - 退火铜块
appliedenergistics2:facade:0, 线缆伪装板 - 电池合金块
appliedenergistics2:facade:0, 线缆伪装板 - 蓝黄玉块
appliedenergistics2:facade:0, 线缆伪装板 - 黄铜块
appliedenergistics2:facade:0, 线缆伪装板 - 青铜块
appliedenergistics2:facade:0, 线缆伪装板 - 木炭块
appliedenergistics2:facade:0, 线缆伪装板 - 锆石块
appliedenergistics2:facade:0, 线缆伪装板 - 白铜块
appliedenergistics2:facade:0, 线缆伪装板 - 琥珀金块
appliedenergistics2:facade:0, 线缆伪装板 - 绿色蓝宝石块
appliedenergistics2:facade:0, 线缆伪装板 - 钙铝榴石块
appliedenergistics2:facade:0, 线缆伪装板 - 金红石块
appliedenergistics2:facade:0, 线缆伪装板 - 殷钢块
appliedenergistics2:facade:0, 线缆伪装板 - 坎塔尔合金块
appliedenergistics2:facade:0, 线缆伪装板 - 蓝金石块
appliedenergistics2:facade:0, 线缆伪装板 - 镁铝合金块
appliedenergistics2:facade:0, 线缆伪装板 - 镍铬合金块
appliedenergistics2:facade:0, 线缆伪装板 - 氮化铌块
appliedenergistics2:facade:0, 线缆伪装板 - 铌钛合金块
appliedenergistics2:facade:0, 线缆伪装板 - 标准纯银块
appliedenergistics2:facade:0, 线缆伪装板 - 玫瑰金块
appliedenergistics2:facade:0, 线缆伪装板 - 黑青铜块
appliedenergistics2:facade:0, 线缆伪装板 - 铋青铜块
appliedenergistics2:facade:0, 线缆伪装板 - 镁铝榴石块
appliedenergistics2:facade:0, 线缆伪装板 - 岩盐块
appliedenergistics2:facade:0, 线缆伪装板 - 钌铱合金块
appliedenergistics2:facade:0, 线缆伪装板 - 红宝石块
appliedenergistics2:facade:0, 线缆伪装板 - 盐块
appliedenergistics2:facade:0, 线缆伪装板 - 蓝宝石块
appliedenergistics2:facade:0, 线缆伪装板 - 方钠石块
appliedenergistics2:facade:0, 线缆伪装板 - 焦煤块
appliedenergistics2:facade:0, 线缆伪装板 - 焊锡块
appliedenergistics2:facade:0, 线缆伪装板 - 锰铝榴石块
appliedenergistics2:facade:0, 线缆伪装板 - 不锈钢块
appliedenergistics2:facade:0, 线缆伪装板 - 钢块
appliedenergistics2:facade:0, 线缆伪装板 - 锡铁合金块
appliedenergistics2:facade:0, 线缆伪装板 - 黄玉块
appliedenergistics2:facade:0, 线缆伪装板 - 哈氏合金块
appliedenergistics2:facade:0, 线缆伪装板 - 钙铬榴石块
appliedenergistics2:facade:0, 线缆伪装板 - 钒镓合金块
appliedenergistics2:facade:0, 线缆伪装板 - 锻铁块
appliedenergistics2:facade:0, 线缆伪装板 - 钇钡铜氧化物块
appliedenergistics2:facade:0, 线缆伪装板 - 石英岩块
appliedenergistics2:facade:0, 线缆伪装板 - 石墨块
appliedenergistics2:facade:0, 线缆伪装板 - 铱锇合金块
appliedenergistics2:facade:0, 线缆伪装板 - 砷化镓块
appliedenergistics2:facade:0, 线缆伪装板 - 磷化铟镓块
appliedenergistics2:facade:0, 线缆伪装板 - 镍锌铁氧体块
appliedenergistics2:facade:0, 线缆伪装板 - 雄黄块
appliedenergistics2:facade:0, 线缆伪装板 - 孔雀石块
appliedenergistics2:facade:0, 线缆伪装板 - 锆-4合金块
appliedenergistics2:facade:0, 线缆伪装板 - 磁化铁块
appliedenergistics2:facade:0, 线缆伪装板 - 碳化钨块
appliedenergistics2:facade:0, 线缆伪装板 - 末影珍珠块
appliedenergistics2:facade:0, 线缆伪装板 - 磁化钕块
appliedenergistics2:facade:0, 线缆伪装板 - 磁化钐块
appliedenergistics2:facade:0, 线缆伪装板 - 磷化锰块
appliedenergistics2:facade:0, 线缆伪装板 - 二硼化镁块
appliedenergistics2:facade:0, 线缆伪装板 - 汞钡钙铜氧化物块
appliedenergistics2:facade:0, 线缆伪装板 - 三铂化铀块
appliedenergistics2:facade:0, 线缆伪装板 - 钐铁砷氧化物块
appliedenergistics2:facade:0, 线缆伪装板 - 铟锡钡钛铜氧化物块
appliedenergistics2:facade:0, 线缆伪装板 - 铀铑硅岩合金块
appliedenergistics2:facade:0, 线缆伪装板 - 富集硅岩凯金铕铿铀合金块
appliedenergistics2:facade:0, 线缆伪装板 - 钌凯金镅中子素氧化物块
appliedenergistics2:facade:0, 线缆伪装板 - 因科镍-718块
appliedenergistics2:facade:0, 线缆伪装板 - 钌钨钼合金块
appliedenergistics2:facade:0, 线缆伪装板 - 高级焊接合金块
appliedenergistics2:facade:0, 线缆伪装板 - 硼化硼块
appliedenergistics2:facade:0, 线缆伪装板 - 硅橡胶块
appliedenergistics2:facade:0, 线缆伪装板 - 丁苯橡胶块
appliedenergistics2:facade:0, 线缆伪装板 - 纤维强化环氧树脂块
appliedenergistics2:facade:0, 线缆伪装板 - 聚氯乙烯（PVC）块
appliedenergistics2:facade:0, 线缆伪装板 - 聚苯硫醚块
appliedenergistics2:facade:0, 线缆伪装板 - 聚苯并咪唑（PBI）块
appliedenergistics2:facade:0, 线缆伪装板 - 聚乙烯（PE）块
appliedenergistics2:facade:0, 线缆伪装板 - 环氧树脂块
appliedenergistics2:facade:0, 线缆伪装板 - 聚己内酰胺块
appliedenergistics2:facade:0, 线缆伪装板 - 聚四氟乙烯（PTFE）块
appliedenergistics2:facade:0, 线缆伪装板 - 糖块
appliedenergistics2:facade:0, 线缆伪装板 - 橡胶块
appliedenergistics2:facade:0, 线缆伪装板 - 聚乙烯醇缩丁醛块
appliedenergistics2:facade:0, 线缆伪装板 - 下界之星块
appliedenergistics2:facade:0, 线缆伪装板 - 橄榄石块
appliedenergistics2:facade:0, 线缆伪装板 - 猫眼石块
appliedenergistics2:facade:0, 线缆伪装板 - 紫水晶块
appliedenergistics2:facade:0, 线缆伪装板 - 磷灰石块
appliedenergistics2:facade:0, 线缆伪装板 - 黑钢块
appliedenergistics2:facade:0, 线缆伪装板 - 大马士革钢块
appliedenergistics2:facade:0, 线缆伪装板 - 钨钢块
appliedenergistics2:facade:0, 线缆伪装板 - 钴黄铜块
appliedenergistics2:facade:0, 线缆伪装板 - 红石榴石块
appliedenergistics2:facade:0, 线缆伪装板 - 黄石榴石块
appliedenergistics2:facade:0, 线缆伪装板 - 独居石块
appliedenergistics2:facade:0, 线缆伪装板 - 磁化钢块
appliedenergistics2:facade:0, 线缆伪装板 - 钒钢块
appliedenergistics2:facade:0, 线缆伪装板 - 粗青铜合金块
appliedenergistics2:facade:0, 线缆伪装板 - 硼硅玻璃块
appliedenergistics2:facade:0, 线缆伪装板 - 硅岩合金块
appliedenergistics2:facade:0, 线缆伪装板 - 燧石块
appliedenergistics2:facade:0, 线缆伪装板 - 镀铑钯块
appliedenergistics2:facade:0, 线缆伪装板 - 铬钴锰钛合金块
appliedenergistics2:facade:0, 线缆伪装板 - 防水钢块
appliedenergistics2:facade:0, 线缆伪装板 - 马氏体时效钢250块
appliedenergistics2:facade:0, 线缆伪装板 - 马氏体时效钢300块
appliedenergistics2:facade:0, 线缆伪装板 - 马氏体时效钢350块
appliedenergistics2:facade:0, 线缆伪装板 - 哈斯特洛依合金-C276块
appliedenergistics2:facade:0, 线缆伪装板 - 哈斯特洛依合金-X块
appliedenergistics2:facade:0, 线缆伪装板 - 哈斯特洛依合金-N块
appliedenergistics2:facade:0, 线缆伪装板 - 哈斯特洛依合金-W块
appliedenergistics2:facade:0, 线缆伪装板 - 碳化三元金属硅岩合金块
appliedenergistics2:facade:0, 线缆伪装板 - 塞龙-100块
appliedenergistics2:facade:0, 线缆伪装板 - 碳化钛块
appliedenergistics2:facade:0, 线缆伪装板 - 碳化钽块
appliedenergistics2:facade:0, 线缆伪装板 - 二硅化钼块
appliedenergistics2:facade:0, 线缆伪装板 - HSLA钢块
appliedenergistics2:facade:0, 线缆伪装板 - 碳化钛钨块
appliedenergistics2:facade:0, 线缆伪装板 - 耐热铬铁合金-MA956块
appliedenergistics2:facade:0, 线缆伪装板 - 末影之眼块
appliedenergistics2:facade:0, 线缆伪装板 - 红钢块
appliedenergistics2:facade:0, 线缆伪装板 - 蓝钢块
appliedenergistics2:facade:0, 线缆伪装板 - 高速钢-G块
appliedenergistics2:facade:0, 线缆伪装板 - 红色合金块
appliedenergistics2:facade:0, 线缆伪装板 - 高速钢-E块
appliedenergistics2:facade:0, 线缆伪装板 - 高速钢-S块
appliedenergistics2:facade:0, 线缆伪装板 - 蓝色合金块
appliedenergistics2:facade:0, 线缆伪装板 - 磁流体动力约束星体物质块
appliedenergistics2:facade:0, 线缆伪装板 - 引力子碎片块
appliedenergistics2:facade:0, 线缆伪装板 - 磁物质块
appliedenergistics2:facade:0, 线缆伪装板 - 砷铜框架
appliedenergistics2:facade:0, 线缆伪装板 - 砷青铜框架
appliedenergistics2:facade:0, 线缆伪装板 - 远古残骸框架
appliedenergistics2:facade:0, 线缆伪装板 - 下界合金框架
appliedenergistics2:facade:0, 线缆伪装板 - 钽铪碳化物框架
appliedenergistics2:facade:0, 线缆伪装板 - 锕框架
appliedenergistics2:facade:0, 线缆伪装板 - 铝框架
appliedenergistics2:facade:0, 线缆伪装板 - 镅框架
appliedenergistics2:facade:0, 线缆伪装板 - 锑框架
appliedenergistics2:facade:0, 线缆伪装板 - 砷框架
appliedenergistics2:facade:0, 线缆伪装板 - 砹框架
appliedenergistics2:facade:0, 线缆伪装板 - 钡框架
appliedenergistics2:facade:0, 线缆伪装板 - 锫框架
appliedenergistics2:facade:0, 线缆伪装板 - 铍框架
appliedenergistics2:facade:0, 线缆伪装板 - 铋框架
appliedenergistics2:facade:0, 线缆伪装板 - 钅波框架
appliedenergistics2:facade:0, 线缆伪装板 - 溴框架
appliedenergistics2:facade:0, 线缆伪装板 - 铯框架
appliedenergistics2:facade:0, 线缆伪装板 - 钙框架
appliedenergistics2:facade:0, 线缆伪装板 - 锎框架
appliedenergistics2:facade:0, 线缆伪装板 - 碳框架
appliedenergistics2:facade:0, 线缆伪装板 - 镉框架
appliedenergistics2:facade:0, 线缆伪装板 - 铈框架
appliedenergistics2:facade:0, 线缆伪装板 - 铬框架
appliedenergistics2:facade:0, 线缆伪装板 - 钴框架
appliedenergistics2:facade:0, 线缆伪装板 - 钅哥框架
appliedenergistics2:facade:0, 线缆伪装板 - 铜框架
appliedenergistics2:facade:0, 线缆伪装板 - 锔框架
appliedenergistics2:facade:0, 线缆伪装板 - 钅达框架
appliedenergistics2:facade:0, 线缆伪装板 - 钅杜框架
appliedenergistics2:facade:0, 线缆伪装板 - 镝框架
appliedenergistics2:facade:0, 线缆伪装板 - 锿框架
appliedenergistics2:facade:0, 线缆伪装板 - 铒框架
appliedenergistics2:facade:0, 线缆伪装板 - 铕框架
appliedenergistics2:facade:0, 线缆伪装板 - 镄框架
appliedenergistics2:facade:0, 线缆伪装板 - 钅夫框架
appliedenergistics2:facade:0, 线缆伪装板 - 钫框架
appliedenergistics2:facade:0, 线缆伪装板 - 钆框架
appliedenergistics2:facade:0, 线缆伪装板 - 镓框架
appliedenergistics2:facade:0, 线缆伪装板 - 锗框架
appliedenergistics2:facade:0, 线缆伪装板 - 金框架
appliedenergistics2:facade:0, 线缆伪装板 - 铪框架
appliedenergistics2:facade:0, 线缆伪装板 - 钅黑框架
appliedenergistics2:facade:0, 线缆伪装板 - 钬框架
appliedenergistics2:facade:0, 线缆伪装板 - 铟框架
appliedenergistics2:facade:0, 线缆伪装板 - 碘框架
appliedenergistics2:facade:0, 线缆伪装板 - 铱框架
appliedenergistics2:facade:0, 线缆伪装板 - 铁框架
appliedenergistics2:facade:0, 线缆伪装板 - 铹框架
appliedenergistics2:facade:0, 线缆伪装板 - 铅框架
appliedenergistics2:facade:0, 线缆伪装板 - 锂框架
appliedenergistics2:facade:0, 线缆伪装板 - 钅立框架
appliedenergistics2:facade:0, 线缆伪装板 - 镥框架
appliedenergistics2:facade:0, 线缆伪装板 - 镁框架
appliedenergistics2:facade:0, 线缆伪装板 - 钔框架
appliedenergistics2:facade:0, 线缆伪装板 - 锰框架
appliedenergistics2:facade:0, 线缆伪装板 - 钅麦框架
appliedenergistics2:facade:0, 线缆伪装板 - 钼框架
appliedenergistics2:facade:0, 线缆伪装板 - 镆框架
appliedenergistics2:facade:0, 线缆伪装板 - 钕框架
appliedenergistics2:facade:0, 线缆伪装板 - 镎框架
appliedenergistics2:facade:0, 线缆伪装板 - 镍框架
appliedenergistics2:facade:0, 线缆伪装板 - 钅尔框架
appliedenergistics2:facade:0, 线缆伪装板 - 铌框架
appliedenergistics2:facade:0, 线缆伪装板 - 锘框架
appliedenergistics2:facade:0, 线缆伪装板 - 气奥框架
appliedenergistics2:facade:0, 线缆伪装板 - 锇框架
appliedenergistics2:facade:0, 线缆伪装板 - 钯框架
appliedenergistics2:facade:0, 线缆伪装板 - 磷框架
appliedenergistics2:facade:0, 线缆伪装板 - 钋框架
appliedenergistics2:facade:0, 线缆伪装板 - 铂框架
appliedenergistics2:facade:0, 线缆伪装板 - 钚-239框架
appliedenergistics2:facade:0, 线缆伪装板 - 钚-241框架
appliedenergistics2:facade:0, 线缆伪装板 - 钾框架
appliedenergistics2:facade:0, 线缆伪装板 - 镨框架
appliedenergistics2:facade:0, 线缆伪装板 - 钷框架
appliedenergistics2:facade:0, 线缆伪装板 - 镤框架
appliedenergistics2:facade:0, 线缆伪装板 - 镭框架
appliedenergistics2:facade:0, 线缆伪装板 - 铼框架
appliedenergistics2:facade:0, 线缆伪装板 - 铑框架
appliedenergistics2:facade:0, 线缆伪装板 - 钅仑框架
appliedenergistics2:facade:0, 线缆伪装板 - 铷框架
appliedenergistics2:facade:0, 线缆伪装板 - 钌框架
appliedenergistics2:facade:0, 线缆伪装板 - 钅卢框架
appliedenergistics2:facade:0, 线缆伪装板 - 钐框架
appliedenergistics2:facade:0, 线缆伪装板 - 钪框架
appliedenergistics2:facade:0, 线缆伪装板 - 钅喜框架
appliedenergistics2:facade:0, 线缆伪装板 - 硒框架
appliedenergistics2:facade:0, 线缆伪装板 - 硅框架
appliedenergistics2:facade:0, 线缆伪装板 - 银框架
appliedenergistics2:facade:0, 线缆伪装板 - 锶框架
appliedenergistics2:facade:0, 线缆伪装板 - 钽框架
appliedenergistics2:facade:0, 线缆伪装板 - 锝框架
appliedenergistics2:facade:0, 线缆伪装板 - 碲框架
appliedenergistics2:facade:0, 线缆伪装板 - 石田框架
appliedenergistics2:facade:0, 线缆伪装板 - 铽框架
appliedenergistics2:facade:0, 线缆伪装板 - 钍框架
appliedenergistics2:facade:0, 线缆伪装板 - 铊框架
appliedenergistics2:facade:0, 线缆伪装板 - 铥框架
appliedenergistics2:facade:0, 线缆伪装板 - 锡框架
appliedenergistics2:facade:0, 线缆伪装板 - 钛框架
appliedenergistics2:facade:0, 线缆伪装板 - 钨框架
appliedenergistics2:facade:0, 线缆伪装板 - 钒框架
appliedenergistics2:facade:0, 线缆伪装板 - 镱框架
appliedenergistics2:facade:0, 线缆伪装板 - 钇框架
appliedenergistics2:facade:0, 线缆伪装板 - 锌框架
appliedenergistics2:facade:0, 线缆伪装板 - 锆框架
appliedenergistics2:facade:0, 线缆伪装板 - 硅岩框架
appliedenergistics2:facade:0, 线缆伪装板 - 富集硅岩框架
appliedenergistics2:facade:0, 线缆伪装板 - 超能硅岩框架
appliedenergistics2:facade:0, 线缆伪装板 - 中子素框架
appliedenergistics2:facade:0, 线缆伪装板 - 三钛合金框架
appliedenergistics2:facade:0, 线缆伪装板 - 铿铀框架
appliedenergistics2:facade:0, 线缆伪装板 - 凯金框架
appliedenergistics2:facade:0, 线缆伪装板 - 铀-238框架
appliedenergistics2:facade:0, 线缆伪装板 - 钚框架
appliedenergistics2:facade:0, 线缆伪装板 - 镭-225框架
appliedenergistics2:facade:0, 线缆伪装板 - 镭-226框架
appliedenergistics2:facade:0, 线缆伪装板 - 镤-231框架
appliedenergistics2:facade:0, 线缆伪装板 - 镤-233框架
appliedenergistics2:facade:0, 线缆伪装板 - 铀-232框架
appliedenergistics2:facade:0, 线缆伪装板 - 铀-233框架
appliedenergistics2:facade:0, 线缆伪装板 - 铀-234框架
appliedenergistics2:facade:0, 线缆伪装板 - 铀-236框架
appliedenergistics2:facade:0, 线缆伪装板 - 铀-237框架
appliedenergistics2:facade:0, 线缆伪装板 - 铀-239框架
appliedenergistics2:facade:0, 线缆伪装板 - 镎-235框架
appliedenergistics2:facade:0, 线缆伪装板 - 镎-236框架
appliedenergistics2:facade:0, 线缆伪装板 - 镎-237框架
appliedenergistics2:facade:0, 线缆伪装板 - 镎-238框架
appliedenergistics2:facade:0, 线缆伪装板 - 镎-239框架
appliedenergistics2:facade:0, 线缆伪装板 - 钚-236框架
appliedenergistics2:facade:0, 线缆伪装板 - 钚-237框架
appliedenergistics2:facade:0, 线缆伪装板 - 钚-238框架
appliedenergistics2:facade:0, 线缆伪装板 - 钚-240框架
appliedenergistics2:facade:0, 线缆伪装板 - 钚-242框架
appliedenergistics2:facade:0, 线缆伪装板 - 钚-243框架
appliedenergistics2:facade:0, 线缆伪装板 - 钚-244框架
appliedenergistics2:facade:0, 线缆伪装板 - 钍-228框架
appliedenergistics2:facade:0, 线缆伪装板 - 钍-229框架
appliedenergistics2:facade:0, 线缆伪装板 - 钍-230框架
appliedenergistics2:facade:0, 线缆伪装板 - 钍-232框架
appliedenergistics2:facade:0, 线缆伪装板 - 钍-233框架
appliedenergistics2:facade:0, 线缆伪装板 - 镅-240框架
appliedenergistics2:facade:0, 线缆伪装板 - 镅-241框架
appliedenergistics2:facade:0, 线缆伪装板 - 镅-242框架
appliedenergistics2:facade:0, 线缆伪装板 - 镅-243框架
appliedenergistics2:facade:0, 线缆伪装板 - 锔-242框架
appliedenergistics2:facade:0, 线缆伪装板 - 锔-243框架
appliedenergistics2:facade:0, 线缆伪装板 - 锔-244框架
appliedenergistics2:facade:0, 线缆伪装板 - 锔-245框架
appliedenergistics2:facade:0, 线缆伪装板 - 锔-246框架
appliedenergistics2:facade:0, 线缆伪装板 - 锔-247框架
appliedenergistics2:facade:0, 线缆伪装板 - 锔-248框架
appliedenergistics2:facade:0, 线缆伪装板 - 锔-250框架
appliedenergistics2:facade:0, 线缆伪装板 - 锫-249框架
appliedenergistics2:facade:0, 线缆伪装板 - 锎-249框架
appliedenergistics2:facade:0, 线缆伪装板 - 锎-252框架
appliedenergistics2:facade:0, 线缆伪装板 - 退火铜框架
appliedenergistics2:facade:0, 线缆伪装板 - 电池合金框架
appliedenergistics2:facade:0, 线缆伪装板 - 黄铜框架
appliedenergistics2:facade:0, 线缆伪装板 - 青铜框架
appliedenergistics2:facade:0, 线缆伪装板 - 白铜框架
appliedenergistics2:facade:0, 线缆伪装板 - 琥珀金框架
appliedenergistics2:facade:0, 线缆伪装板 - 殷钢框架
appliedenergistics2:facade:0, 线缆伪装板 - 坎塔尔合金框架
appliedenergistics2:facade:0, 线缆伪装板 - 镁铝合金框架
appliedenergistics2:facade:0, 线缆伪装板 - 镍铬合金框架
appliedenergistics2:facade:0, 线缆伪装板 - 氮化铌框架
appliedenergistics2:facade:0, 线缆伪装板 - 铌钛合金框架
appliedenergistics2:facade:0, 线缆伪装板 - 标准纯银框架
appliedenergistics2:facade:0, 线缆伪装板 - 玫瑰金框架
appliedenergistics2:facade:0, 线缆伪装板 - 黑青铜框架
appliedenergistics2:facade:0, 线缆伪装板 - 铋青铜框架
appliedenergistics2:facade:0, 线缆伪装板 - 钌铱合金框架
appliedenergistics2:facade:0, 线缆伪装板 - 焊锡框架
appliedenergistics2:facade:0, 线缆伪装板 - 不锈钢框架
appliedenergistics2:facade:0, 线缆伪装板 - 钢框架
appliedenergistics2:facade:0, 线缆伪装板 - 锡铁合金框架
appliedenergistics2:facade:0, 线缆伪装板 - 哈氏合金框架
appliedenergistics2:facade:0, 线缆伪装板 - 钒镓合金框架
appliedenergistics2:facade:0, 线缆伪装板 - 锻铁框架
appliedenergistics2:facade:0, 线缆伪装板 - 钇钡铜氧化物框架
appliedenergistics2:facade:0, 线缆伪装板 - 石墨框架
appliedenergistics2:facade:0, 线缆伪装板 - 铱锇合金框架
appliedenergistics2:facade:0, 线缆伪装板 - 砷化镓框架
appliedenergistics2:facade:0, 线缆伪装板 - 磷化铟镓框架
appliedenergistics2:facade:0, 线缆伪装板 - 镍锌铁氧体框架
appliedenergistics2:facade:0, 线缆伪装板 - 锆-4合金框架
appliedenergistics2:facade:0, 线缆伪装板 - 磁化铁框架
appliedenergistics2:facade:0, 线缆伪装板 - 碳化钨框架
appliedenergistics2:facade:0, 线缆伪装板 - 磁化钕框架
appliedenergistics2:facade:0, 线缆伪装板 - 磁化钐框架
appliedenergistics2:facade:0, 线缆伪装板 - 磷化锰框架
appliedenergistics2:facade:0, 线缆伪装板 - 二硼化镁框架
appliedenergistics2:facade:0, 线缆伪装板 - 汞钡钙铜氧化物框架
appliedenergistics2:facade:0, 线缆伪装板 - 三铂化铀框架
appliedenergistics2:facade:0, 线缆伪装板 - 钐铁砷氧化物框架
appliedenergistics2:facade:0, 线缆伪装板 - 铟锡钡钛铜氧化物框架
appliedenergistics2:facade:0, 线缆伪装板 - 铀铑硅岩合金框架
appliedenergistics2:facade:0, 线缆伪装板 - 富集硅岩凯金铕铿铀合金框架
appliedenergistics2:facade:0, 线缆伪装板 - 钌凯金镅中子素氧化物框架
appliedenergistics2:facade:0, 线缆伪装板 - 因科镍-718框架
appliedenergistics2:facade:0, 线缆伪装板 - 钌钨钼合金框架
appliedenergistics2:facade:0, 线缆伪装板 - 高级焊接合金框架
appliedenergistics2:facade:0, 线缆伪装板 - 硼化硼框架
appliedenergistics2:facade:0, 线缆伪装板 - 聚四氟乙烯（PTFE）框架
appliedenergistics2:facade:0, 线缆伪装板 - 聚乙烯醇缩丁醛框架
appliedenergistics2:facade:0, 线缆伪装板 - 木框架
appliedenergistics2:facade:0, 线缆伪装板 - 防腐木框架
appliedenergistics2:facade:0, 线缆伪装板 - 黑钢框架
appliedenergistics2:facade:0, 线缆伪装板 - 大马士革钢框架
appliedenergistics2:facade:0, 线缆伪装板 - 钨钢框架
appliedenergistics2:facade:0, 线缆伪装板 - 钴黄铜框架
appliedenergistics2:facade:0, 线缆伪装板 - 磁化钢框架
appliedenergistics2:facade:0, 线缆伪装板 - 钒钢框架
appliedenergistics2:facade:0, 线缆伪装板 - 粗青铜合金框架
appliedenergistics2:facade:0, 线缆伪装板 - 硼硅玻璃框架
appliedenergistics2:facade:0, 线缆伪装板 - 硅岩合金框架
appliedenergistics2:facade:0, 线缆伪装板 - 镀铑钯框架
appliedenergistics2:facade:0, 线缆伪装板 - 粘土框架
appliedenergistics2:facade:0, 线缆伪装板 - 铬钴锰钛合金框架
appliedenergistics2:facade:0, 线缆伪装板 - 防水钢框架
appliedenergistics2:facade:0, 线缆伪装板 - 马氏体时效钢250框架
appliedenergistics2:facade:0, 线缆伪装板 - 马氏体时效钢300框架
appliedenergistics2:facade:0, 线缆伪装板 - 马氏体时效钢350框架
appliedenergistics2:facade:0, 线缆伪装板 - 哈斯特洛依合金-C276框架
appliedenergistics2:facade:0, 线缆伪装板 - 哈斯特洛依合金-X框架
appliedenergistics2:facade:0, 线缆伪装板 - 哈斯特洛依合金-N框架
appliedenergistics2:facade:0, 线缆伪装板 - 哈斯特洛依合金-W框架
appliedenergistics2:facade:0, 线缆伪装板 - 碳化三元金属硅岩合金框架
appliedenergistics2:facade:0, 线缆伪装板 - 塞龙-100框架
appliedenergistics2:facade:0, 线缆伪装板 - 碳化钛框架
appliedenergistics2:facade:0, 线缆伪装板 - 碳化钽框架
appliedenergistics2:facade:0, 线缆伪装板 - 二硅化钼框架
appliedenergistics2:facade:0, 线缆伪装板 - HSLA钢框架
appliedenergistics2:facade:0, 线缆伪装板 - 碳化钛钨框架
appliedenergistics2:facade:0, 线缆伪装板 - 耐热铬铁合金-MA956框架
appliedenergistics2:facade:0, 线缆伪装板 - 红钢框架
appliedenergistics2:facade:0, 线缆伪装板 - 蓝钢框架
appliedenergistics2:facade:0, 线缆伪装板 - 高速钢-G框架
appliedenergistics2:facade:0, 线缆伪装板 - 红色合金框架
appliedenergistics2:facade:0, 线缆伪装板 - 高速钢-E框架
appliedenergistics2:facade:0, 线缆伪装板 - 高速钢-S框架
appliedenergistics2:facade:0, 线缆伪装板 - 蓝色合金框架
appliedenergistics2:facade:0, 线缆伪装板 - 磁流体动力约束星体物质框架
appliedenergistics2:facade:0, 线缆伪装板 - 磁物质框架
appliedenergistics2:facade:0, 线缆伪装板 - 铱薄板框架
appliedenergistics2:facade:0, 线缆伪装板 - 钛薄板框架
appliedenergistics2:facade:0, 线缆伪装板 - 硅岩薄板框架
appliedenergistics2:facade:0, 线缆伪装板 - 青铜薄板框架
appliedenergistics2:facade:0, 线缆伪装板 - 铌钛合金薄板框架
appliedenergistics2:facade:0, 线缆伪装板 - 不锈钢薄板框架
appliedenergistics2:facade:0, 线缆伪装板 - 钢薄板框架
appliedenergistics2:facade:0, 线缆伪装板 - 钨钢薄板框架
appliedenergistics2:facade:0, 线缆伪装板 - 锕矿石
appliedenergistics2:facade:0, 线缆伪装板 - 地狱岩锕矿石
appliedenergistics2:facade:0, 线缆伪装板 - 末地石锕矿石
appliedenergistics2:facade:0, 线缆伪装板 - 沙子锕矿石
appliedenergistics2:facade:0, 线缆伪装板 - 红沙锕矿石
appliedenergistics2:facade:0, 线缆伪装板 - 花岗岩锕矿石
appliedenergistics2:facade:0, 线缆伪装板 - 闪长岩锕矿石
appliedenergistics2:facade:0, 线缆伪装板 - 安山岩锕矿石
appliedenergistics2:facade:0, 线缆伪装板 - 铝矿石
appliedenergistics2:facade:0, 线缆伪装板 - 地狱岩铝矿石
appliedenergistics2:facade:0, 线缆伪装板 - 末地石铝矿石
appliedenergistics2:facade:0, 线缆伪装板 - 沙子铝矿石
appliedenergistics2:facade:0, 线缆伪装板 - 红沙铝矿石
appliedenergistics2:facade:0, 线缆伪装板 - 花岗岩铝矿石
appliedenergistics2:facade:0, 线缆伪装板 - 闪长岩铝矿石
appliedenergistics2:facade:0, 线缆伪装板 - 安山岩铝矿石
appliedenergistics2:facade:0, 线缆伪装板 - 镅矿石
appliedenergistics2:facade:0, 线缆伪装板 - 地狱岩镅矿石
appliedenergistics2:facade:0, 线缆伪装板 - 末地石镅矿石
appliedenergistics2:facade:0, 线缆伪装板 - 沙子镅矿石
appliedenergistics2:facade:0, 线缆伪装板 - 红沙镅矿石
appliedenergistics2:facade:0, 线缆伪装板 - 花岗岩镅矿石
appliedenergistics2:facade:0, 线缆伪装板 - 闪长岩镅矿石
appliedenergistics2:facade:0, 线缆伪装板 - 安山岩镅矿石
appliedenergistics2:facade:0, 线缆伪装板 - 锑矿石
appliedenergistics2:facade:0, 线缆伪装板 - 地狱岩锑矿石
appliedenergistics2:facade:0, 线缆伪装板 - 末地石锑矿石
appliedenergistics2:facade:0, 线缆伪装板 - 沙子锑矿石
appliedenergistics2:facade:0, 线缆伪装板 - 红沙锑矿石
appliedenergistics2:facade:0, 线缆伪装板 - 花岗岩锑矿石
appliedenergistics2:facade:0, 线缆伪装板 - 闪长岩锑矿石
appliedenergistics2:facade:0, 线缆伪装板 - 安山岩锑矿石
appliedenergistics2:facade:0, 线缆伪装板 - 砷矿石
appliedenergistics2:facade:0, 线缆伪装板 - 地狱岩砷矿石
appliedenergistics2:facade:0, 线缆伪装板 - 末地石砷矿石
appliedenergistics2:facade:0, 线缆伪装板 - 沙子砷矿石
appliedenergistics2:facade:0, 线缆伪装板 - 红沙砷矿石
appliedenergistics2:facade:0, 线缆伪装板 - 花岗岩砷矿石
appliedenergistics2:facade:0, 线缆伪装板 - 闪长岩砷矿石
appliedenergistics2:facade:0, 线缆伪装板 - 安山岩砷矿石
appliedenergistics2:facade:0, 线缆伪装板 - 砹矿石
appliedenergistics2:facade:0, 线缆伪装板 - 地狱岩砹矿石
appliedenergistics2:facade:0, 线缆伪装板 - 末地石砹矿石
appliedenergistics2:facade:0, 线缆伪装板 - 沙子砹矿石
appliedenergistics2:facade:0, 线缆伪装板 - 红沙砹矿石
appliedenergistics2:facade:0, 线缆伪装板 - 花岗岩砹矿石
appliedenergistics2:facade:0, 线缆伪装板 - 闪长岩砹矿石
appliedenergistics2:facade:0, 线缆伪装板 - 安山岩砹矿石
appliedenergistics2:facade:0, 线缆伪装板 - 钡矿石
appliedenergistics2:facade:0, 线缆伪装板 - 地狱岩钡矿石
appliedenergistics2:facade:0, 线缆伪装板 - 末地石钡矿石
appliedenergistics2:facade:0, 线缆伪装板 - 沙子钡矿石
appliedenergistics2:facade:0, 线缆伪装板 - 红沙钡矿石
appliedenergistics2:facade:0, 线缆伪装板 - 花岗岩钡矿石
appliedenergistics2:facade:0, 线缆伪装板 - 闪长岩钡矿石
appliedenergistics2:facade:0, 线缆伪装板 - 安山岩钡矿石
appliedenergistics2:facade:0, 线缆伪装板 - 锫矿石
appliedenergistics2:facade:0, 线缆伪装板 - 地狱岩锫矿石
appliedenergistics2:facade:0, 线缆伪装板 - 末地石锫矿石
appliedenergistics2:facade:0, 线缆伪装板 - 沙子锫矿石
appliedenergistics2:facade:0, 线缆伪装板 - 红沙锫矿石
appliedenergistics2:facade:0, 线缆伪装板 - 花岗岩锫矿石
appliedenergistics2:facade:0, 线缆伪装板 - 闪长岩锫矿石
appliedenergistics2:facade:0, 线缆伪装板 - 安山岩锫矿石
appliedenergistics2:facade:0, 线缆伪装板 - 铍矿石
appliedenergistics2:facade:0, 线缆伪装板 - 地狱岩铍矿石
appliedenergistics2:facade:0, 线缆伪装板 - 末地石铍矿石
appliedenergistics2:facade:0, 线缆伪装板 - 沙子铍矿石
appliedenergistics2:facade:0, 线缆伪装板 - 红沙铍矿石
appliedenergistics2:facade:0, 线缆伪装板 - 花岗岩铍矿石
appliedenergistics2:facade:0, 线缆伪装板 - 闪长岩铍矿石
appliedenergistics2:facade:0, 线缆伪装板 - 安山岩铍矿石
appliedenergistics2:facade:0, 线缆伪装板 - 铋矿石
appliedenergistics2:facade:0, 线缆伪装板 - 地狱岩铋矿石
appliedenergistics2:facade:0, 线缆伪装板 - 末地石铋矿石
appliedenergistics2:facade:0, 线缆伪装板 - 沙子铋矿石
appliedenergistics2:facade:0, 线缆伪装板 - 红沙铋矿石
appliedenergistics2:facade:0, 线缆伪装板 - 花岗岩铋矿石
appliedenergistics2:facade:0, 线缆伪装板 - 闪长岩铋矿石
appliedenergistics2:facade:0, 线缆伪装板 - 安山岩铋矿石
appliedenergistics2:facade:0, 线缆伪装板 - 钅波矿石
appliedenergistics2:facade:0, 线缆伪装板 - 地狱岩钅波矿石
appliedenergistics2:facade:0, 线缆伪装板 - 末地石钅波矿石
appliedenergistics2:facade:0, 线缆伪装板 - 沙子钅波矿石
appliedenergistics2:facade:0, 线缆伪装板 - 红沙钅波矿石
appliedenergistics2:facade:0, 线缆伪装板 - 花岗岩钅波矿石
appliedenergistics2:facade:0, 线缆伪装板 - 闪长岩钅波矿石
appliedenergistics2:facade:0, 线缆伪装板 - 安山岩钅波矿石
appliedenergistics2:facade:0, 线缆伪装板 - 硼矿石
appliedenergistics2:facade:0, 线缆伪装板 - 地狱岩硼矿石
appliedenergistics2:facade:0, 线缆伪装板 - 末地石硼矿石
appliedenergistics2:facade:0, 线缆伪装板 - 沙子硼矿石
appliedenergistics2:facade:0, 线缆伪装板 - 红沙硼矿石
appliedenergistics2:facade:0, 线缆伪装板 - 花岗岩硼矿石
appliedenergistics2:facade:0, 线缆伪装板 - 闪长岩硼矿石
appliedenergistics2:facade:0, 线缆伪装板 - 安山岩硼矿石
appliedenergistics2:facade:0, 线缆伪装板 - 溴矿石
appliedenergistics2:facade:0, 线缆伪装板 - 地狱岩溴矿石
appliedenergistics2:facade:0, 线缆伪装板 - 末地石溴矿石
appliedenergistics2:facade:0, 线缆伪装板 - 沙子溴矿石
appliedenergistics2:facade:0, 线缆伪装板 - 红沙溴矿石
appliedenergistics2:facade:0, 线缆伪装板 - 花岗岩溴矿石
appliedenergistics2:facade:0, 线缆伪装板 - 闪长岩溴矿石
appliedenergistics2:facade:0, 线缆伪装板 - 安山岩溴矿石
appliedenergistics2:facade:0, 线缆伪装板 - 铯矿石
appliedenergistics2:facade:0, 线缆伪装板 - 地狱岩铯矿石
appliedenergistics2:facade:0, 线缆伪装板 - 末地石铯矿石
appliedenergistics2:facade:0, 线缆伪装板 - 沙子铯矿石
appliedenergistics2:facade:0, 线缆伪装板 - 红沙铯矿石
appliedenergistics2:facade:0, 线缆伪装板 - 花岗岩铯矿石
appliedenergistics2:facade:0, 线缆伪装板 - 闪长岩铯矿石
appliedenergistics2:facade:0, 线缆伪装板 - 安山岩铯矿石
appliedenergistics2:facade:0, 线缆伪装板 - 钙矿石
appliedenergistics2:facade:0, 线缆伪装板 - 地狱岩钙矿石
appliedenergistics2:facade:0, 线缆伪装板 - 末地石钙矿石
appliedenergistics2:facade:0, 线缆伪装板 - 沙子钙矿石
appliedenergistics2:facade:0, 线缆伪装板 - 红沙钙矿石
appliedenergistics2:facade:0, 线缆伪装板 - 花岗岩钙矿石
appliedenergistics2:facade:0, 线缆伪装板 - 闪长岩钙矿石
appliedenergistics2:facade:0, 线缆伪装板 - 安山岩钙矿石
appliedenergistics2:facade:0, 线缆伪装板 - 锎矿石
appliedenergistics2:facade:0, 线缆伪装板 - 地狱岩锎矿石
appliedenergistics2:facade:0, 线缆伪装板 - 末地石锎矿石
appliedenergistics2:facade:0, 线缆伪装板 - 沙子锎矿石
appliedenergistics2:facade:0, 线缆伪装板 - 红沙锎矿石
appliedenergistics2:facade:0, 线缆伪装板 - 花岗岩锎矿石
appliedenergistics2:facade:0, 线缆伪装板 - 闪长岩锎矿石
appliedenergistics2:facade:0, 线缆伪装板 - 安山岩锎矿石
appliedenergistics2:facade:0, 线缆伪装板 - 碳矿石
appliedenergistics2:facade:0, 线缆伪装板 - 地狱岩碳矿石
appliedenergistics2:facade:0, 线缆伪装板 - 末地石碳矿石
appliedenergistics2:facade:0, 线缆伪装板 - 沙子碳矿石
appliedenergistics2:facade:0, 线缆伪装板 - 红沙碳矿石
appliedenergistics2:facade:0, 线缆伪装板 - 花岗岩碳矿石
appliedenergistics2:facade:0, 线缆伪装板 - 闪长岩碳矿石
appliedenergistics2:facade:0, 线缆伪装板 - 安山岩碳矿石
appliedenergistics2:facade:0, 线缆伪装板 - 镉矿石
appliedenergistics2:facade:0, 线缆伪装板 - 地狱岩镉矿石
appliedenergistics2:facade:0, 线缆伪装板 - 末地石镉矿石
appliedenergistics2:facade:0, 线缆伪装板 - 沙子镉矿石
appliedenergistics2:facade:0, 线缆伪装板 - 红沙镉矿石
appliedenergistics2:facade:0, 线缆伪装板 - 花岗岩镉矿石
appliedenergistics2:facade:0, 线缆伪装板 - 闪长岩镉矿石
appliedenergistics2:facade:0, 线缆伪装板 - 安山岩镉矿石
appliedenergistics2:facade:0, 线缆伪装板 - 铈矿石
appliedenergistics2:facade:0, 线缆伪装板 - 地狱岩铈矿石
appliedenergistics2:facade:0, 线缆伪装板 - 末地石铈矿石
appliedenergistics2:facade:0, 线缆伪装板 - 沙子铈矿石
appliedenergistics2:facade:0, 线缆伪装板 - 红沙铈矿石
appliedenergistics2:facade:0, 线缆伪装板 - 花岗岩铈矿石
appliedenergistics2:facade:0, 线缆伪装板 - 闪长岩铈矿石
appliedenergistics2:facade:0, 线缆伪装板 - 安山岩铈矿石
appliedenergistics2:facade:0, 线缆伪装板 - 铬矿石
appliedenergistics2:facade:0, 线缆伪装板 - 地狱岩铬矿石
appliedenergistics2:facade:0, 线缆伪装板 - 末地石铬矿石
appliedenergistics2:facade:0, 线缆伪装板 - 沙子铬矿石
appliedenergistics2:facade:0, 线缆伪装板 - 红沙铬矿石
appliedenergistics2:facade:0, 线缆伪装板 - 花岗岩铬矿石
appliedenergistics2:facade:0, 线缆伪装板 - 闪长岩铬矿石
appliedenergistics2:facade:0, 线缆伪装板 - 安山岩铬矿石
appliedenergistics2:facade:0, 线缆伪装板 - 钴矿石
appliedenergistics2:facade:0, 线缆伪装板 - 地狱岩钴矿石
appliedenergistics2:facade:0, 线缆伪装板 - 末地石钴矿石
appliedenergistics2:facade:0, 线缆伪装板 - 沙子钴矿石
appliedenergistics2:facade:0, 线缆伪装板 - 红沙钴矿石
appliedenergistics2:facade:0, 线缆伪装板 - 花岗岩钴矿石
appliedenergistics2:facade:0, 线缆伪装板 - 闪长岩钴矿石
appliedenergistics2:facade:0, 线缆伪装板 - 安山岩钴矿石
appliedenergistics2:facade:0, 线缆伪装板 - 钅哥矿石
appliedenergistics2:facade:0, 线缆伪装板 - 地狱岩钅哥矿石
appliedenergistics2:facade:0, 线缆伪装板 - 末地石钅哥矿石
appliedenergistics2:facade:0, 线缆伪装板 - 沙子钅哥矿石
appliedenergistics2:facade:0, 线缆伪装板 - 红沙钅哥矿石
appliedenergistics2:facade:0, 线缆伪装板 - 花岗岩钅哥矿石
appliedenergistics2:facade:0, 线缆伪装板 - 闪长岩钅哥矿石
appliedenergistics2:facade:0, 线缆伪装板 - 安山岩钅哥矿石
appliedenergistics2:facade:0, 线缆伪装板 - 铜矿石
appliedenergistics2:facade:0, 线缆伪装板 - 地狱岩铜矿石
appliedenergistics2:facade:0, 线缆伪装板 - 末地石铜矿石
appliedenergistics2:facade:0, 线缆伪装板 - 沙子铜矿石
appliedenergistics2:facade:0, 线缆伪装板 - 红沙铜矿石
appliedenergistics2:facade:0, 线缆伪装板 - 花岗岩铜矿石
appliedenergistics2:facade:0, 线缆伪装板 - 闪长岩铜矿石
appliedenergistics2:facade:0, 线缆伪装板 - 安山岩铜矿石
appliedenergistics2:facade:0, 线缆伪装板 - 锔矿石
appliedenergistics2:facade:0, 线缆伪装板 - 地狱岩锔矿石
appliedenergistics2:facade:0, 线缆伪装板 - 末地石锔矿石
appliedenergistics2:facade:0, 线缆伪装板 - 沙子锔矿石
appliedenergistics2:facade:0, 线缆伪装板 - 红沙锔矿石
appliedenergistics2:facade:0, 线缆伪装板 - 花岗岩锔矿石
appliedenergistics2:facade:0, 线缆伪装板 - 闪长岩锔矿石
appliedenergistics2:facade:0, 线缆伪装板 - 安山岩锔矿石
appliedenergistics2:facade:0, 线缆伪装板 - 钅达矿石
appliedenergistics2:facade:0, 线缆伪装板 - 地狱岩钅达矿石
appliedenergistics2:facade:0, 线缆伪装板 - 末地石钅达矿石
appliedenergistics2:facade:0, 线缆伪装板 - 沙子钅达矿石
appliedenergistics2:facade:0, 线缆伪装板 - 红沙钅达矿石
appliedenergistics2:facade:0, 线缆伪装板 - 花岗岩钅达矿石
appliedenergistics2:facade:0, 线缆伪装板 - 闪长岩钅达矿石
appliedenergistics2:facade:0, 线缆伪装板 - 安山岩钅达矿石
appliedenergistics2:facade:0, 线缆伪装板 - 钅杜矿石
appliedenergistics2:facade:0, 线缆伪装板 - 地狱岩钅杜矿石
appliedenergistics2:facade:0, 线缆伪装板 - 末地石钅杜矿石
appliedenergistics2:facade:0, 线缆伪装板 - 沙子钅杜矿石
appliedenergistics2:facade:0, 线缆伪装板 - 红沙钅杜矿石
appliedenergistics2:facade:0, 线缆伪装板 - 花岗岩钅杜矿石
appliedenergistics2:facade:0, 线缆伪装板 - 闪长岩钅杜矿石
appliedenergistics2:facade:0, 线缆伪装板 - 安山岩钅杜矿石
appliedenergistics2:facade:0, 线缆伪装板 - 镝矿石
appliedenergistics2:facade:0, 线缆伪装板 - 地狱岩镝矿石
appliedenergistics2:facade:0, 线缆伪装板 - 末地石镝矿石
appliedenergistics2:facade:0, 线缆伪装板 - 沙子镝矿石
appliedenergistics2:facade:0, 线缆伪装板 - 红沙镝矿石
appliedenergistics2:facade:0, 线缆伪装板 - 花岗岩镝矿石
appliedenergistics2:facade:0, 线缆伪装板 - 闪长岩镝矿石
appliedenergistics2:facade:0, 线缆伪装板 - 安山岩镝矿石
appliedenergistics2:facade:0, 线缆伪装板 - 锿矿石
appliedenergistics2:facade:0, 线缆伪装板 - 地狱岩锿矿石
appliedenergistics2:facade:0, 线缆伪装板 - 末地石锿矿石
appliedenergistics2:facade:0, 线缆伪装板 - 沙子锿矿石
appliedenergistics2:facade:0, 线缆伪装板 - 红沙锿矿石
appliedenergistics2:facade:0, 线缆伪装板 - 花岗岩锿矿石
appliedenergistics2:facade:0, 线缆伪装板 - 闪长岩锿矿石
appliedenergistics2:facade:0, 线缆伪装板 - 安山岩锿矿石
appliedenergistics2:facade:0, 线缆伪装板 - 铒矿石
appliedenergistics2:facade:0, 线缆伪装板 - 地狱岩铒矿石
appliedenergistics2:facade:0, 线缆伪装板 - 末地石铒矿石
appliedenergistics2:facade:0, 线缆伪装板 - 沙子铒矿石
appliedenergistics2:facade:0, 线缆伪装板 - 红沙铒矿石
appliedenergistics2:facade:0, 线缆伪装板 - 花岗岩铒矿石
appliedenergistics2:facade:0, 线缆伪装板 - 闪长岩铒矿石
appliedenergistics2:facade:0, 线缆伪装板 - 安山岩铒矿石
appliedenergistics2:facade:0, 线缆伪装板 - 铕矿石
appliedenergistics2:facade:0, 线缆伪装板 - 地狱岩铕矿石
appliedenergistics2:facade:0, 线缆伪装板 - 末地石铕矿石
appliedenergistics2:facade:0, 线缆伪装板 - 沙子铕矿石
appliedenergistics2:facade:0, 线缆伪装板 - 红沙铕矿石
appliedenergistics2:facade:0, 线缆伪装板 - 花岗岩铕矿石
appliedenergistics2:facade:0, 线缆伪装板 - 闪长岩铕矿石
appliedenergistics2:facade:0, 线缆伪装板 - 安山岩铕矿石
appliedenergistics2:facade:0, 线缆伪装板 - 镄矿石
appliedenergistics2:facade:0, 线缆伪装板 - 地狱岩镄矿石
appliedenergistics2:facade:0, 线缆伪装板 - 末地石镄矿石
appliedenergistics2:facade:0, 线缆伪装板 - 沙子镄矿石
appliedenergistics2:facade:0, 线缆伪装板 - 红沙镄矿石
appliedenergistics2:facade:0, 线缆伪装板 - 花岗岩镄矿石
appliedenergistics2:facade:0, 线缆伪装板 - 闪长岩镄矿石
appliedenergistics2:facade:0, 线缆伪装板 - 安山岩镄矿石
appliedenergistics2:facade:0, 线缆伪装板 - 钅夫矿石
appliedenergistics2:facade:0, 线缆伪装板 - 地狱岩钅夫矿石
appliedenergistics2:facade:0, 线缆伪装板 - 末地石钅夫矿石
appliedenergistics2:facade:0, 线缆伪装板 - 沙子钅夫矿石
appliedenergistics2:facade:0, 线缆伪装板 - 红沙钅夫矿石
appliedenergistics2:facade:0, 线缆伪装板 - 花岗岩钅夫矿石
appliedenergistics2:facade:0, 线缆伪装板 - 闪长岩钅夫矿石
appliedenergistics2:facade:0, 线缆伪装板 - 安山岩钅夫矿石
appliedenergistics2:facade:0, 线缆伪装板 - 钫矿石
appliedenergistics2:facade:0, 线缆伪装板 - 地狱岩钫矿石
appliedenergistics2:facade:0, 线缆伪装板 - 末地石钫矿石
appliedenergistics2:facade:0, 线缆伪装板 - 沙子钫矿石
appliedenergistics2:facade:0, 线缆伪装板 - 红沙钫矿石
appliedenergistics2:facade:0, 线缆伪装板 - 花岗岩钫矿石
appliedenergistics2:facade:0, 线缆伪装板 - 闪长岩钫矿石
appliedenergistics2:facade:0, 线缆伪装板 - 安山岩钫矿石
appliedenergistics2:facade:0, 线缆伪装板 - 钆矿石
appliedenergistics2:facade:0, 线缆伪装板 - 地狱岩钆矿石
appliedenergistics2:facade:0, 线缆伪装板 - 末地石钆矿石
appliedenergistics2:facade:0, 线缆伪装板 - 沙子钆矿石
appliedenergistics2:facade:0, 线缆伪装板 - 红沙钆矿石
appliedenergistics2:facade:0, 线缆伪装板 - 花岗岩钆矿石
appliedenergistics2:facade:0, 线缆伪装板 - 闪长岩钆矿石
appliedenergistics2:facade:0, 线缆伪装板 - 安山岩钆矿石
appliedenergistics2:facade:0, 线缆伪装板 - 镓矿石
appliedenergistics2:facade:0, 线缆伪装板 - 地狱岩镓矿石
appliedenergistics2:facade:0, 线缆伪装板 - 末地石镓矿石
appliedenergistics2:facade:0, 线缆伪装板 - 沙子镓矿石
appliedenergistics2:facade:0, 线缆伪装板 - 红沙镓矿石
appliedenergistics2:facade:0, 线缆伪装板 - 花岗岩镓矿石
appliedenergistics2:facade:0, 线缆伪装板 - 闪长岩镓矿石
appliedenergistics2:facade:0, 线缆伪装板 - 安山岩镓矿石
appliedenergistics2:facade:0, 线缆伪装板 - 锗矿石
appliedenergistics2:facade:0, 线缆伪装板 - 地狱岩锗矿石
appliedenergistics2:facade:0, 线缆伪装板 - 末地石锗矿石
appliedenergistics2:facade:0, 线缆伪装板 - 沙子锗矿石
appliedenergistics2:facade:0, 线缆伪装板 - 红沙锗矿石
appliedenergistics2:facade:0, 线缆伪装板 - 花岗岩锗矿石
appliedenergistics2:facade:0, 线缆伪装板 - 闪长岩锗矿石
appliedenergistics2:facade:0, 线缆伪装板 - 安山岩锗矿石
appliedenergistics2:facade:0, 线缆伪装板 - 金矿石
appliedenergistics2:facade:0, 线缆伪装板 - 地狱岩金矿石
appliedenergistics2:facade:0, 线缆伪装板 - 末地石金矿石
appliedenergistics2:facade:0, 线缆伪装板 - 沙子金矿石
appliedenergistics2:facade:0, 线缆伪装板 - 红沙金矿石
appliedenergistics2:facade:0, 线缆伪装板 - 花岗岩金矿石
appliedenergistics2:facade:0, 线缆伪装板 - 闪长岩金矿石
appliedenergistics2:facade:0, 线缆伪装板 - 安山岩金矿石
appliedenergistics2:facade:0, 线缆伪装板 - 铪矿石
appliedenergistics2:facade:0, 线缆伪装板 - 地狱岩铪矿石
appliedenergistics2:facade:0, 线缆伪装板 - 末地石铪矿石
appliedenergistics2:facade:0, 线缆伪装板 - 沙子铪矿石
appliedenergistics2:facade:0, 线缆伪装板 - 红沙铪矿石
appliedenergistics2:facade:0, 线缆伪装板 - 花岗岩铪矿石
appliedenergistics2:facade:0, 线缆伪装板 - 闪长岩铪矿石
appliedenergistics2:facade:0, 线缆伪装板 - 安山岩铪矿石
appliedenergistics2:facade:0, 线缆伪装板 - 钅黑矿石
appliedenergistics2:facade:0, 线缆伪装板 - 地狱岩钅黑矿石
appliedenergistics2:facade:0, 线缆伪装板 - 末地石钅黑矿石
appliedenergistics2:facade:0, 线缆伪装板 - 沙子钅黑矿石
appliedenergistics2:facade:0, 线缆伪装板 - 红沙钅黑矿石
appliedenergistics2:facade:0, 线缆伪装板 - 花岗岩钅黑矿石
appliedenergistics2:facade:0, 线缆伪装板 - 闪长岩钅黑矿石
appliedenergistics2:facade:0, 线缆伪装板 - 安山岩钅黑矿石
appliedenergistics2:facade:0, 线缆伪装板 - 钬矿石
appliedenergistics2:facade:0, 线缆伪装板 - 地狱岩钬矿石
appliedenergistics2:facade:0, 线缆伪装板 - 末地石钬矿石
appliedenergistics2:facade:0, 线缆伪装板 - 沙子钬矿石
appliedenergistics2:facade:0, 线缆伪装板 - 红沙钬矿石
appliedenergistics2:facade:0, 线缆伪装板 - 花岗岩钬矿石
appliedenergistics2:facade:0, 线缆伪装板 - 闪长岩钬矿石
appliedenergistics2:facade:0, 线缆伪装板 - 安山岩钬矿石
appliedenergistics2:facade:0, 线缆伪装板 - 铟矿石
appliedenergistics2:facade:0, 线缆伪装板 - 地狱岩铟矿石
appliedenergistics2:facade:0, 线缆伪装板 - 末地石铟矿石
appliedenergistics2:facade:0, 线缆伪装板 - 沙子铟矿石
appliedenergistics2:facade:0, 线缆伪装板 - 红沙铟矿石
appliedenergistics2:facade:0, 线缆伪装板 - 花岗岩铟矿石
appliedenergistics2:facade:0, 线缆伪装板 - 闪长岩铟矿石
appliedenergistics2:facade:0, 线缆伪装板 - 安山岩铟矿石
appliedenergistics2:facade:0, 线缆伪装板 - 碘矿石
appliedenergistics2:facade:0, 线缆伪装板 - 地狱岩碘矿石
appliedenergistics2:facade:0, 线缆伪装板 - 末地石碘矿石
appliedenergistics2:facade:0, 线缆伪装板 - 沙子碘矿石
appliedenergistics2:facade:0, 线缆伪装板 - 红沙碘矿石
appliedenergistics2:facade:0, 线缆伪装板 - 花岗岩碘矿石
appliedenergistics2:facade:0, 线缆伪装板 - 闪长岩碘矿石
appliedenergistics2:facade:0, 线缆伪装板 - 安山岩碘矿石
appliedenergistics2:facade:0, 线缆伪装板 - 铱矿石
appliedenergistics2:facade:0, 线缆伪装板 - 地狱岩铱矿石
appliedenergistics2:facade:0, 线缆伪装板 - 末地石铱矿石
appliedenergistics2:facade:0, 线缆伪装板 - 沙子铱矿石
appliedenergistics2:facade:0, 线缆伪装板 - 红沙铱矿石
appliedenergistics2:facade:0, 线缆伪装板 - 花岗岩铱矿石
appliedenergistics2:facade:0, 线缆伪装板 - 闪长岩铱矿石
appliedenergistics2:facade:0, 线缆伪装板 - 安山岩铱矿石
appliedenergistics2:facade:0, 线缆伪装板 - 铁矿石
appliedenergistics2:facade:0, 线缆伪装板 - 地狱岩铁矿石
appliedenergistics2:facade:0, 线缆伪装板 - 末地石铁矿石
appliedenergistics2:facade:0, 线缆伪装板 - 沙子铁矿石
appliedenergistics2:facade:0, 线缆伪装板 - 红沙铁矿石
appliedenergistics2:facade:0, 线缆伪装板 - 花岗岩铁矿石
appliedenergistics2:facade:0, 线缆伪装板 - 闪长岩铁矿石
appliedenergistics2:facade:0, 线缆伪装板 - 安山岩铁矿石
appliedenergistics2:facade:0, 线缆伪装板 - 镧矿石
appliedenergistics2:facade:0, 线缆伪装板 - 地狱岩镧矿石
appliedenergistics2:facade:0, 线缆伪装板 - 末地石镧矿石
appliedenergistics2:facade:0, 线缆伪装板 - 沙子镧矿石
appliedenergistics2:facade:0, 线缆伪装板 - 红沙镧矿石
appliedenergistics2:facade:0, 线缆伪装板 - 花岗岩镧矿石
appliedenergistics2:facade:0, 线缆伪装板 - 闪长岩镧矿石
appliedenergistics2:facade:0, 线缆伪装板 - 安山岩镧矿石
appliedenergistics2:facade:0, 线缆伪装板 - 铹矿石
appliedenergistics2:facade:0, 线缆伪装板 - 地狱岩铹矿石
appliedenergistics2:facade:0, 线缆伪装板 - 末地石铹矿石
appliedenergistics2:facade:0, 线缆伪装板 - 沙子铹矿石
appliedenergistics2:facade:0, 线缆伪装板 - 红沙铹矿石
appliedenergistics2:facade:0, 线缆伪装板 - 花岗岩铹矿石
appliedenergistics2:facade:0, 线缆伪装板 - 闪长岩铹矿石
appliedenergistics2:facade:0, 线缆伪装板 - 安山岩铹矿石
appliedenergistics2:facade:0, 线缆伪装板 - 铅矿石
appliedenergistics2:facade:0, 线缆伪装板 - 地狱岩铅矿石
appliedenergistics2:facade:0, 线缆伪装板 - 末地石铅矿石
appliedenergistics2:facade:0, 线缆伪装板 - 沙子铅矿石
appliedenergistics2:facade:0, 线缆伪装板 - 红沙铅矿石
appliedenergistics2:facade:0, 线缆伪装板 - 花岗岩铅矿石
appliedenergistics2:facade:0, 线缆伪装板 - 闪长岩铅矿石
appliedenergistics2:facade:0, 线缆伪装板 - 安山岩铅矿石
appliedenergistics2:facade:0, 线缆伪装板 - 锂矿石
appliedenergistics2:facade:0, 线缆伪装板 - 地狱岩锂矿石
appliedenergistics2:facade:0, 线缆伪装板 - 末地石锂矿石
appliedenergistics2:facade:0, 线缆伪装板 - 沙子锂矿石
appliedenergistics2:facade:0, 线缆伪装板 - 红沙锂矿石
appliedenergistics2:facade:0, 线缆伪装板 - 花岗岩锂矿石
appliedenergistics2:facade:0, 线缆伪装板 - 闪长岩锂矿石
appliedenergistics2:facade:0, 线缆伪装板 - 安山岩锂矿石
appliedenergistics2:facade:0, 线缆伪装板 - 钅立矿石
appliedenergistics2:facade:0, 线缆伪装板 - 地狱岩钅立矿石
appliedenergistics2:facade:0, 线缆伪装板 - 末地石钅立矿石
appliedenergistics2:facade:0, 线缆伪装板 - 沙子钅立矿石
appliedenergistics2:facade:0, 线缆伪装板 - 红沙钅立矿石
appliedenergistics2:facade:0, 线缆伪装板 - 花岗岩钅立矿石
appliedenergistics2:facade:0, 线缆伪装板 - 闪长岩钅立矿石
appliedenergistics2:facade:0, 线缆伪装板 - 安山岩钅立矿石
appliedenergistics2:facade:0, 线缆伪装板 - 镥矿石
appliedenergistics2:facade:0, 线缆伪装板 - 地狱岩镥矿石
appliedenergistics2:facade:0, 线缆伪装板 - 末地石镥矿石
appliedenergistics2:facade:0, 线缆伪装板 - 沙子镥矿石
appliedenergistics2:facade:0, 线缆伪装板 - 红沙镥矿石
appliedenergistics2:facade:0, 线缆伪装板 - 花岗岩镥矿石
appliedenergistics2:facade:0, 线缆伪装板 - 闪长岩镥矿石
appliedenergistics2:facade:0, 线缆伪装板 - 安山岩镥矿石
appliedenergistics2:facade:0, 线缆伪装板 - 镁矿石
appliedenergistics2:facade:0, 线缆伪装板 - 地狱岩镁矿石
appliedenergistics2:facade:0, 线缆伪装板 - 末地石镁矿石
appliedenergistics2:facade:0, 线缆伪装板 - 沙子镁矿石
appliedenergistics2:facade:0, 线缆伪装板 - 红沙镁矿石
appliedenergistics2:facade:0, 线缆伪装板 - 花岗岩镁矿石
appliedenergistics2:facade:0, 线缆伪装板 - 闪长岩镁矿石
appliedenergistics2:facade:0, 线缆伪装板 - 安山岩镁矿石
appliedenergistics2:facade:0, 线缆伪装板 - 钔矿石
appliedenergistics2:facade:0, 线缆伪装板 - 地狱岩钔矿石
appliedenergistics2:facade:0, 线缆伪装板 - 末地石钔矿石
appliedenergistics2:facade:0, 线缆伪装板 - 沙子钔矿石
appliedenergistics2:facade:0, 线缆伪装板 - 红沙钔矿石
appliedenergistics2:facade:0, 线缆伪装板 - 花岗岩钔矿石
appliedenergistics2:facade:0, 线缆伪装板 - 闪长岩钔矿石
appliedenergistics2:facade:0, 线缆伪装板 - 安山岩钔矿石
appliedenergistics2:facade:0, 线缆伪装板 - 锰矿石
appliedenergistics2:facade:0, 线缆伪装板 - 地狱岩锰矿石
appliedenergistics2:facade:0, 线缆伪装板 - 末地石锰矿石
appliedenergistics2:facade:0, 线缆伪装板 - 沙子锰矿石
appliedenergistics2:facade:0, 线缆伪装板 - 红沙锰矿石
appliedenergistics2:facade:0, 线缆伪装板 - 花岗岩锰矿石
appliedenergistics2:facade:0, 线缆伪装板 - 闪长岩锰矿石
appliedenergistics2:facade:0, 线缆伪装板 - 安山岩锰矿石
appliedenergistics2:facade:0, 线缆伪装板 - 钅麦矿石
appliedenergistics2:facade:0, 线缆伪装板 - 地狱岩钅麦矿石
appliedenergistics2:facade:0, 线缆伪装板 - 末地石钅麦矿石
appliedenergistics2:facade:0, 线缆伪装板 - 沙子钅麦矿石
appliedenergistics2:facade:0, 线缆伪装板 - 红沙钅麦矿石
appliedenergistics2:facade:0, 线缆伪装板 - 花岗岩钅麦矿石
appliedenergistics2:facade:0, 线缆伪装板 - 闪长岩钅麦矿石
appliedenergistics2:facade:0, 线缆伪装板 - 安山岩钅麦矿石
appliedenergistics2:facade:0, 线缆伪装板 - 钼矿石
appliedenergistics2:facade:0, 线缆伪装板 - 地狱岩钼矿石
appliedenergistics2:facade:0, 线缆伪装板 - 末地石钼矿石
appliedenergistics2:facade:0, 线缆伪装板 - 沙子钼矿石
appliedenergistics2:facade:0, 线缆伪装板 - 红沙钼矿石
appliedenergistics2:facade:0, 线缆伪装板 - 花岗岩钼矿石
appliedenergistics2:facade:0, 线缆伪装板 - 闪长岩钼矿石
appliedenergistics2:facade:0, 线缆伪装板 - 安山岩钼矿石
appliedenergistics2:facade:0, 线缆伪装板 - 镆矿石
appliedenergistics2:facade:0, 线缆伪装板 - 地狱岩镆矿石
appliedenergistics2:facade:0, 线缆伪装板 - 末地石镆矿石
appliedenergistics2:facade:0, 线缆伪装板 - 沙子镆矿石
appliedenergistics2:facade:0, 线缆伪装板 - 红沙镆矿石
appliedenergistics2:facade:0, 线缆伪装板 - 花岗岩镆矿石
appliedenergistics2:facade:0, 线缆伪装板 - 闪长岩镆矿石
appliedenergistics2:facade:0, 线缆伪装板 - 安山岩镆矿石
appliedenergistics2:facade:0, 线缆伪装板 - 钕矿石
appliedenergistics2:facade:0, 线缆伪装板 - 地狱岩钕矿石
appliedenergistics2:facade:0, 线缆伪装板 - 末地石钕矿石
appliedenergistics2:facade:0, 线缆伪装板 - 沙子钕矿石
appliedenergistics2:facade:0, 线缆伪装板 - 红沙钕矿石
appliedenergistics2:facade:0, 线缆伪装板 - 花岗岩钕矿石
appliedenergistics2:facade:0, 线缆伪装板 - 闪长岩钕矿石
appliedenergistics2:facade:0, 线缆伪装板 - 安山岩钕矿石
appliedenergistics2:facade:0, 线缆伪装板 - 镎矿石
appliedenergistics2:facade:0, 线缆伪装板 - 地狱岩镎矿石
appliedenergistics2:facade:0, 线缆伪装板 - 末地石镎矿石
appliedenergistics2:facade:0, 线缆伪装板 - 沙子镎矿石
appliedenergistics2:facade:0, 线缆伪装板 - 红沙镎矿石
appliedenergistics2:facade:0, 线缆伪装板 - 花岗岩镎矿石
appliedenergistics2:facade:0, 线缆伪装板 - 闪长岩镎矿石
appliedenergistics2:facade:0, 线缆伪装板 - 安山岩镎矿石
appliedenergistics2:facade:0, 线缆伪装板 - 镍矿石
appliedenergistics2:facade:0, 线缆伪装板 - 地狱岩镍矿石
appliedenergistics2:facade:0, 线缆伪装板 - 末地石镍矿石
appliedenergistics2:facade:0, 线缆伪装板 - 沙子镍矿石
appliedenergistics2:facade:0, 线缆伪装板 - 红沙镍矿石
appliedenergistics2:facade:0, 线缆伪装板 - 花岗岩镍矿石
appliedenergistics2:facade:0, 线缆伪装板 - 闪长岩镍矿石
appliedenergistics2:facade:0, 线缆伪装板 - 安山岩镍矿石
appliedenergistics2:facade:0, 线缆伪装板 - 钅尔矿石
appliedenergistics2:facade:0, 线缆伪装板 - 地狱岩钅尔矿石
appliedenergistics2:facade:0, 线缆伪装板 - 末地石钅尔矿石
appliedenergistics2:facade:0, 线缆伪装板 - 沙子钅尔矿石
appliedenergistics2:facade:0, 线缆伪装板 - 红沙钅尔矿石
appliedenergistics2:facade:0, 线缆伪装板 - 花岗岩钅尔矿石
appliedenergistics2:facade:0, 线缆伪装板 - 闪长岩钅尔矿石
appliedenergistics2:facade:0, 线缆伪装板 - 安山岩钅尔矿石
appliedenergistics2:facade:0, 线缆伪装板 - 铌矿石
appliedenergistics2:facade:0, 线缆伪装板 - 地狱岩铌矿石
appliedenergistics2:facade:0, 线缆伪装板 - 末地石铌矿石
appliedenergistics2:facade:0, 线缆伪装板 - 沙子铌矿石
appliedenergistics2:facade:0, 线缆伪装板 - 红沙铌矿石
appliedenergistics2:facade:0, 线缆伪装板 - 花岗岩铌矿石
appliedenergistics2:facade:0, 线缆伪装板 - 闪长岩铌矿石
appliedenergistics2:facade:0, 线缆伪装板 - 安山岩铌矿石
appliedenergistics2:facade:0, 线缆伪装板 - 锘矿石
appliedenergistics2:facade:0, 线缆伪装板 - 地狱岩锘矿石
appliedenergistics2:facade:0, 线缆伪装板 - 末地石锘矿石
appliedenergistics2:facade:0, 线缆伪装板 - 沙子锘矿石
appliedenergistics2:facade:0, 线缆伪装板 - 红沙锘矿石
appliedenergistics2:facade:0, 线缆伪装板 - 花岗岩锘矿石
appliedenergistics2:facade:0, 线缆伪装板 - 闪长岩锘矿石
appliedenergistics2:facade:0, 线缆伪装板 - 安山岩锘矿石
appliedenergistics2:facade:0, 线缆伪装板 - 气奥矿石
appliedenergistics2:facade:0, 线缆伪装板 - 地狱岩气奥矿石
appliedenergistics2:facade:0, 线缆伪装板 - 末地石气奥矿石
appliedenergistics2:facade:0, 线缆伪装板 - 沙子气奥矿石
appliedenergistics2:facade:0, 线缆伪装板 - 红沙气奥矿石
appliedenergistics2:facade:0, 线缆伪装板 - 花岗岩气奥矿石
appliedenergistics2:facade:0, 线缆伪装板 - 闪长岩气奥矿石
appliedenergistics2:facade:0, 线缆伪装板 - 安山岩气奥矿石
appliedenergistics2:facade:0, 线缆伪装板 - 锇矿石
appliedenergistics2:facade:0, 线缆伪装板 - 地狱岩锇矿石
appliedenergistics2:facade:0, 线缆伪装板 - 末地石锇矿石
appliedenergistics2:facade:0, 线缆伪装板 - 沙子锇矿石
appliedenergistics2:facade:0, 线缆伪装板 - 红沙锇矿石
appliedenergistics2:facade:0, 线缆伪装板 - 花岗岩锇矿石
appliedenergistics2:facade:0, 线缆伪装板 - 闪长岩锇矿石
appliedenergistics2:facade:0, 线缆伪装板 - 安山岩锇矿石
appliedenergistics2:facade:0, 线缆伪装板 - 钯矿石
appliedenergistics2:facade:0, 线缆伪装板 - 地狱岩钯矿石
appliedenergistics2:facade:0, 线缆伪装板 - 末地石钯矿石
appliedenergistics2:facade:0, 线缆伪装板 - 沙子钯矿石
appliedenergistics2:facade:0, 线缆伪装板 - 红沙钯矿石
appliedenergistics2:facade:0, 线缆伪装板 - 花岗岩钯矿石
appliedenergistics2:facade:0, 线缆伪装板 - 闪长岩钯矿石
appliedenergistics2:facade:0, 线缆伪装板 - 安山岩钯矿石
appliedenergistics2:facade:0, 线缆伪装板 - 磷矿石
appliedenergistics2:facade:0, 线缆伪装板 - 地狱岩磷矿石
appliedenergistics2:facade:0, 线缆伪装板 - 末地石磷矿石
appliedenergistics2:facade:0, 线缆伪装板 - 沙子磷矿石
appliedenergistics2:facade:0, 线缆伪装板 - 红沙磷矿石
appliedenergistics2:facade:0, 线缆伪装板 - 花岗岩磷矿石
appliedenergistics2:facade:0, 线缆伪装板 - 闪长岩磷矿石
appliedenergistics2:facade:0, 线缆伪装板 - 安山岩磷矿石
appliedenergistics2:facade:0, 线缆伪装板 - 钋矿石
appliedenergistics2:facade:0, 线缆伪装板 - 地狱岩钋矿石
appliedenergistics2:facade:0, 线缆伪装板 - 末地石钋矿石
appliedenergistics2:facade:0, 线缆伪装板 - 沙子钋矿石
appliedenergistics2:facade:0, 线缆伪装板 - 红沙钋矿石
appliedenergistics2:facade:0, 线缆伪装板 - 花岗岩钋矿石
appliedenergistics2:facade:0, 线缆伪装板 - 闪长岩钋矿石
appliedenergistics2:facade:0, 线缆伪装板 - 安山岩钋矿石
appliedenergistics2:facade:0, 线缆伪装板 - 铂矿石
appliedenergistics2:facade:0, 线缆伪装板 - 地狱岩铂矿石
appliedenergistics2:facade:0, 线缆伪装板 - 末地石铂矿石
appliedenergistics2:facade:0, 线缆伪装板 - 沙子铂矿石
appliedenergistics2:facade:0, 线缆伪装板 - 红沙铂矿石
appliedenergistics2:facade:0, 线缆伪装板 - 花岗岩铂矿石
appliedenergistics2:facade:0, 线缆伪装板 - 闪长岩铂矿石
appliedenergistics2:facade:0, 线缆伪装板 - 安山岩铂矿石
appliedenergistics2:facade:0, 线缆伪装板 - 钚-239矿石
appliedenergistics2:facade:0, 线缆伪装板 - 地狱岩钚-239矿石
appliedenergistics2:facade:0, 线缆伪装板 - 末地石钚-239矿石
appliedenergistics2:facade:0, 线缆伪装板 - 沙子钚-239矿石
appliedenergistics2:facade:0, 线缆伪装板 - 红沙钚-239矿石
appliedenergistics2:facade:0, 线缆伪装板 - 花岗岩钚-239矿石
appliedenergistics2:facade:0, 线缆伪装板 - 闪长岩钚-239矿石
appliedenergistics2:facade:0, 线缆伪装板 - 安山岩钚-239矿石
appliedenergistics2:facade:0, 线缆伪装板 - 钚-241矿石
appliedenergistics2:facade:0, 线缆伪装板 - 地狱岩钚-241矿石
appliedenergistics2:facade:0, 线缆伪装板 - 末地石钚-241矿石
appliedenergistics2:facade:0, 线缆伪装板 - 沙子钚-241矿石
appliedenergistics2:facade:0, 线缆伪装板 - 红沙钚-241矿石
appliedenergistics2:facade:0, 线缆伪装板 - 花岗岩钚-241矿石
appliedenergistics2:facade:0, 线缆伪装板 - 闪长岩钚-241矿石
appliedenergistics2:facade:0, 线缆伪装板 - 安山岩钚-241矿石
appliedenergistics2:facade:0, 线缆伪装板 - 钾矿石
appliedenergistics2:facade:0, 线缆伪装板 - 地狱岩钾矿石
appliedenergistics2:facade:0, 线缆伪装板 - 末地石钾矿石
appliedenergistics2:facade:0, 线缆伪装板 - 沙子钾矿石
appliedenergistics2:facade:0, 线缆伪装板 - 红沙钾矿石
appliedenergistics2:facade:0, 线缆伪装板 - 花岗岩钾矿石
appliedenergistics2:facade:0, 线缆伪装板 - 闪长岩钾矿石
appliedenergistics2:facade:0, 线缆伪装板 - 安山岩钾矿石
appliedenergistics2:facade:0, 线缆伪装板 - 镨矿石
appliedenergistics2:facade:0, 线缆伪装板 - 地狱岩镨矿石
appliedenergistics2:facade:0, 线缆伪装板 - 末地石镨矿石
appliedenergistics2:facade:0, 线缆伪装板 - 沙子镨矿石
appliedenergistics2:facade:0, 线缆伪装板 - 红沙镨矿石
appliedenergistics2:facade:0, 线缆伪装板 - 花岗岩镨矿石
appliedenergistics2:facade:0, 线缆伪装板 - 闪长岩镨矿石
appliedenergistics2:facade:0, 线缆伪装板 - 安山岩镨矿石
appliedenergistics2:facade:0, 线缆伪装板 - 钷矿石
appliedenergistics2:facade:0, 线缆伪装板 - 地狱岩钷矿石
appliedenergistics2:facade:0, 线缆伪装板 - 末地石钷矿石
appliedenergistics2:facade:0, 线缆伪装板 - 沙子钷矿石
appliedenergistics2:facade:0, 线缆伪装板 - 红沙钷矿石
appliedenergistics2:facade:0, 线缆伪装板 - 花岗岩钷矿石
appliedenergistics2:facade:0, 线缆伪装板 - 闪长岩钷矿石
appliedenergistics2:facade:0, 线缆伪装板 - 安山岩钷矿石
appliedenergistics2:facade:0, 线缆伪装板 - 镤矿石
appliedenergistics2:facade:0, 线缆伪装板 - 地狱岩镤矿石
appliedenergistics2:facade:0, 线缆伪装板 - 末地石镤矿石
appliedenergistics2:facade:0, 线缆伪装板 - 沙子镤矿石
appliedenergistics2:facade:0, 线缆伪装板 - 红沙镤矿石
appliedenergistics2:facade:0, 线缆伪装板 - 花岗岩镤矿石
appliedenergistics2:facade:0, 线缆伪装板 - 闪长岩镤矿石
appliedenergistics2:facade:0, 线缆伪装板 - 安山岩镤矿石
appliedenergistics2:facade:0, 线缆伪装板 - 镭矿石
appliedenergistics2:facade:0, 线缆伪装板 - 地狱岩镭矿石
appliedenergistics2:facade:0, 线缆伪装板 - 末地石镭矿石
appliedenergistics2:facade:0, 线缆伪装板 - 沙子镭矿石
appliedenergistics2:facade:0, 线缆伪装板 - 红沙镭矿石
appliedenergistics2:facade:0, 线缆伪装板 - 花岗岩镭矿石
appliedenergistics2:facade:0, 线缆伪装板 - 闪长岩镭矿石
appliedenergistics2:facade:0, 线缆伪装板 - 安山岩镭矿石
appliedenergistics2:facade:0, 线缆伪装板 - 铼矿石
appliedenergistics2:facade:0, 线缆伪装板 - 地狱岩铼矿石
appliedenergistics2:facade:0, 线缆伪装板 - 末地石铼矿石
appliedenergistics2:facade:0, 线缆伪装板 - 沙子铼矿石
appliedenergistics2:facade:0, 线缆伪装板 - 红沙铼矿石
appliedenergistics2:facade:0, 线缆伪装板 - 花岗岩铼矿石
appliedenergistics2:facade:0, 线缆伪装板 - 闪长岩铼矿石
appliedenergistics2:facade:0, 线缆伪装板 - 安山岩铼矿石
appliedenergistics2:facade:0, 线缆伪装板 - 铑矿石
appliedenergistics2:facade:0, 线缆伪装板 - 地狱岩铑矿石
appliedenergistics2:facade:0, 线缆伪装板 - 末地石铑矿石
appliedenergistics2:facade:0, 线缆伪装板 - 沙子铑矿石
appliedenergistics2:facade:0, 线缆伪装板 - 红沙铑矿石
appliedenergistics2:facade:0, 线缆伪装板 - 花岗岩铑矿石
appliedenergistics2:facade:0, 线缆伪装板 - 闪长岩铑矿石
appliedenergistics2:facade:0, 线缆伪装板 - 安山岩铑矿石
appliedenergistics2:facade:0, 线缆伪装板 - 钅仑矿石
appliedenergistics2:facade:0, 线缆伪装板 - 地狱岩钅仑矿石
appliedenergistics2:facade:0, 线缆伪装板 - 末地石钅仑矿石
appliedenergistics2:facade:0, 线缆伪装板 - 沙子钅仑矿石
appliedenergistics2:facade:0, 线缆伪装板 - 红沙钅仑矿石
appliedenergistics2:facade:0, 线缆伪装板 - 花岗岩钅仑矿石
appliedenergistics2:facade:0, 线缆伪装板 - 闪长岩钅仑矿石
appliedenergistics2:facade:0, 线缆伪装板 - 安山岩钅仑矿石
appliedenergistics2:facade:0, 线缆伪装板 - 铷矿石
appliedenergistics2:facade:0, 线缆伪装板 - 地狱岩铷矿石
appliedenergistics2:facade:0, 线缆伪装板 - 末地石铷矿石
appliedenergistics2:facade:0, 线缆伪装板 - 沙子铷矿石
appliedenergistics2:facade:0, 线缆伪装板 - 红沙铷矿石
appliedenergistics2:facade:0, 线缆伪装板 - 花岗岩铷矿石
appliedenergistics2:facade:0, 线缆伪装板 - 闪长岩铷矿石
appliedenergistics2:facade:0, 线缆伪装板 - 安山岩铷矿石
appliedenergistics2:facade:0, 线缆伪装板 - 钌矿石
appliedenergistics2:facade:0, 线缆伪装板 - 地狱岩钌矿石
appliedenergistics2:facade:0, 线缆伪装板 - 末地石钌矿石
appliedenergistics2:facade:0, 线缆伪装板 - 沙子钌矿石
appliedenergistics2:facade:0, 线缆伪装板 - 红沙钌矿石
appliedenergistics2:facade:0, 线缆伪装板 - 花岗岩钌矿石
appliedenergistics2:facade:0, 线缆伪装板 - 闪长岩钌矿石
appliedenergistics2:facade:0, 线缆伪装板 - 安山岩钌矿石
appliedenergistics2:facade:0, 线缆伪装板 - 钅卢矿石
appliedenergistics2:facade:0, 线缆伪装板 - 地狱岩钅卢矿石
appliedenergistics2:facade:0, 线缆伪装板 - 末地石钅卢矿石
appliedenergistics2:facade:0, 线缆伪装板 - 沙子钅卢矿石
appliedenergistics2:facade:0, 线缆伪装板 - 红沙钅卢矿石
appliedenergistics2:facade:0, 线缆伪装板 - 花岗岩钅卢矿石
appliedenergistics2:facade:0, 线缆伪装板 - 闪长岩钅卢矿石
appliedenergistics2:facade:0, 线缆伪装板 - 安山岩钅卢矿石
appliedenergistics2:facade:0, 线缆伪装板 - 钐矿石
appliedenergistics2:facade:0, 线缆伪装板 - 地狱岩钐矿石
appliedenergistics2:facade:0, 线缆伪装板 - 末地石钐矿石
appliedenergistics2:facade:0, 线缆伪装板 - 沙子钐矿石
appliedenergistics2:facade:0, 线缆伪装板 - 红沙钐矿石
appliedenergistics2:facade:0, 线缆伪装板 - 花岗岩钐矿石
appliedenergistics2:facade:0, 线缆伪装板 - 闪长岩钐矿石
appliedenergistics2:facade:0, 线缆伪装板 - 安山岩钐矿石
appliedenergistics2:facade:0, 线缆伪装板 - 钪矿石
appliedenergistics2:facade:0, 线缆伪装板 - 地狱岩钪矿石
appliedenergistics2:facade:0, 线缆伪装板 - 末地石钪矿石
appliedenergistics2:facade:0, 线缆伪装板 - 沙子钪矿石
appliedenergistics2:facade:0, 线缆伪装板 - 红沙钪矿石
appliedenergistics2:facade:0, 线缆伪装板 - 花岗岩钪矿石
appliedenergistics2:facade:0, 线缆伪装板 - 闪长岩钪矿石
appliedenergistics2:facade:0, 线缆伪装板 - 安山岩钪矿石
appliedenergistics2:facade:0, 线缆伪装板 - 钅喜矿石
appliedenergistics2:facade:0, 线缆伪装板 - 地狱岩钅喜矿石
appliedenergistics2:facade:0, 线缆伪装板 - 末地石钅喜矿石
appliedenergistics2:facade:0, 线缆伪装板 - 沙子钅喜矿石
appliedenergistics2:facade:0, 线缆伪装板 - 红沙钅喜矿石
appliedenergistics2:facade:0, 线缆伪装板 - 花岗岩钅喜矿石
appliedenergistics2:facade:0, 线缆伪装板 - 闪长岩钅喜矿石
appliedenergistics2:facade:0, 线缆伪装板 - 安山岩钅喜矿石
appliedenergistics2:facade:0, 线缆伪装板 - 硒矿石
appliedenergistics2:facade:0, 线缆伪装板 - 地狱岩硒矿石
appliedenergistics2:facade:0, 线缆伪装板 - 末地石硒矿石
appliedenergistics2:facade:0, 线缆伪装板 - 沙子硒矿石
appliedenergistics2:facade:0, 线缆伪装板 - 红沙硒矿石
appliedenergistics2:facade:0, 线缆伪装板 - 花岗岩硒矿石
appliedenergistics2:facade:0, 线缆伪装板 - 闪长岩硒矿石
appliedenergistics2:facade:0, 线缆伪装板 - 安山岩硒矿石
appliedenergistics2:facade:0, 线缆伪装板 - 硅矿石
appliedenergistics2:facade:0, 线缆伪装板 - 地狱岩硅矿石
appliedenergistics2:facade:0, 线缆伪装板 - 末地石硅矿石
appliedenergistics2:facade:0, 线缆伪装板 - 沙子硅矿石
appliedenergistics2:facade:0, 线缆伪装板 - 红沙硅矿石
appliedenergistics2:facade:0, 线缆伪装板 - 花岗岩硅矿石
appliedenergistics2:facade:0, 线缆伪装板 - 闪长岩硅矿石
appliedenergistics2:facade:0, 线缆伪装板 - 安山岩硅矿石
appliedenergistics2:facade:0, 线缆伪装板 - 银矿石
appliedenergistics2:facade:0, 线缆伪装板 - 地狱岩银矿石
appliedenergistics2:facade:0, 线缆伪装板 - 末地石银矿石
appliedenergistics2:facade:0, 线缆伪装板 - 沙子银矿石
appliedenergistics2:facade:0, 线缆伪装板 - 红沙银矿石
appliedenergistics2:facade:0, 线缆伪装板 - 花岗岩银矿石
appliedenergistics2:facade:0, 线缆伪装板 - 闪长岩银矿石
appliedenergistics2:facade:0, 线缆伪装板 - 安山岩银矿石
appliedenergistics2:facade:0, 线缆伪装板 - 钠矿石
appliedenergistics2:facade:0, 线缆伪装板 - 地狱岩钠矿石
appliedenergistics2:facade:0, 线缆伪装板 - 末地石钠矿石
appliedenergistics2:facade:0, 线缆伪装板 - 沙子钠矿石
appliedenergistics2:facade:0, 线缆伪装板 - 红沙钠矿石
appliedenergistics2:facade:0, 线缆伪装板 - 花岗岩钠矿石
appliedenergistics2:facade:0, 线缆伪装板 - 闪长岩钠矿石
appliedenergistics2:facade:0, 线缆伪装板 - 安山岩钠矿石
appliedenergistics2:facade:0, 线缆伪装板 - 锶矿石
appliedenergistics2:facade:0, 线缆伪装板 - 地狱岩锶矿石
appliedenergistics2:facade:0, 线缆伪装板 - 末地石锶矿石
appliedenergistics2:facade:0, 线缆伪装板 - 沙子锶矿石
appliedenergistics2:facade:0, 线缆伪装板 - 红沙锶矿石
appliedenergistics2:facade:0, 线缆伪装板 - 花岗岩锶矿石
appliedenergistics2:facade:0, 线缆伪装板 - 闪长岩锶矿石
appliedenergistics2:facade:0, 线缆伪装板 - 安山岩锶矿石
appliedenergistics2:facade:0, 线缆伪装板 - 硫矿石
appliedenergistics2:facade:0, 线缆伪装板 - 地狱岩硫矿石
appliedenergistics2:facade:0, 线缆伪装板 - 末地石硫矿石
appliedenergistics2:facade:0, 线缆伪装板 - 沙子硫矿石
appliedenergistics2:facade:0, 线缆伪装板 - 红沙硫矿石
appliedenergistics2:facade:0, 线缆伪装板 - 花岗岩硫矿石
appliedenergistics2:facade:0, 线缆伪装板 - 闪长岩硫矿石
appliedenergistics2:facade:0, 线缆伪装板 - 安山岩硫矿石
appliedenergistics2:facade:0, 线缆伪装板 - 钽矿石
appliedenergistics2:facade:0, 线缆伪装板 - 地狱岩钽矿石
appliedenergistics2:facade:0, 线缆伪装板 - 末地石钽矿石
appliedenergistics2:facade:0, 线缆伪装板 - 沙子钽矿石
appliedenergistics2:facade:0, 线缆伪装板 - 红沙钽矿石
appliedenergistics2:facade:0, 线缆伪装板 - 花岗岩钽矿石
appliedenergistics2:facade:0, 线缆伪装板 - 闪长岩钽矿石
appliedenergistics2:facade:0, 线缆伪装板 - 安山岩钽矿石
appliedenergistics2:facade:0, 线缆伪装板 - 锝矿石
appliedenergistics2:facade:0, 线缆伪装板 - 地狱岩锝矿石
appliedenergistics2:facade:0, 线缆伪装板 - 末地石锝矿石
appliedenergistics2:facade:0, 线缆伪装板 - 沙子锝矿石
appliedenergistics2:facade:0, 线缆伪装板 - 红沙锝矿石
appliedenergistics2:facade:0, 线缆伪装板 - 花岗岩锝矿石
appliedenergistics2:facade:0, 线缆伪装板 - 闪长岩锝矿石
appliedenergistics2:facade:0, 线缆伪装板 - 安山岩锝矿石
appliedenergistics2:facade:0, 线缆伪装板 - 碲矿石
appliedenergistics2:facade:0, 线缆伪装板 - 地狱岩碲矿石
appliedenergistics2:facade:0, 线缆伪装板 - 末地石碲矿石
appliedenergistics2:facade:0, 线缆伪装板 - 沙子碲矿石
appliedenergistics2:facade:0, 线缆伪装板 - 红沙碲矿石
appliedenergistics2:facade:0, 线缆伪装板 - 花岗岩碲矿石
appliedenergistics2:facade:0, 线缆伪装板 - 闪长岩碲矿石
appliedenergistics2:facade:0, 线缆伪装板 - 安山岩碲矿石
appliedenergistics2:facade:0, 线缆伪装板 - 石田矿石
appliedenergistics2:facade:0, 线缆伪装板 - 地狱岩石田矿石
appliedenergistics2:facade:0, 线缆伪装板 - 末地石石田矿石
appliedenergistics2:facade:0, 线缆伪装板 - 沙子石田矿石
appliedenergistics2:facade:0, 线缆伪装板 - 红沙石田矿石
appliedenergistics2:facade:0, 线缆伪装板 - 花岗岩石田矿石
appliedenergistics2:facade:0, 线缆伪装板 - 闪长岩石田矿石
appliedenergistics2:facade:0, 线缆伪装板 - 安山岩石田矿石
appliedenergistics2:facade:0, 线缆伪装板 - 铽矿石
appliedenergistics2:facade:0, 线缆伪装板 - 地狱岩铽矿石
appliedenergistics2:facade:0, 线缆伪装板 - 末地石铽矿石
appliedenergistics2:facade:0, 线缆伪装板 - 沙子铽矿石
appliedenergistics2:facade:0, 线缆伪装板 - 红沙铽矿石
appliedenergistics2:facade:0, 线缆伪装板 - 花岗岩铽矿石
appliedenergistics2:facade:0, 线缆伪装板 - 闪长岩铽矿石
appliedenergistics2:facade:0, 线缆伪装板 - 安山岩铽矿石
appliedenergistics2:facade:0, 线缆伪装板 - 钍矿石
appliedenergistics2:facade:0, 线缆伪装板 - 地狱岩钍矿石
appliedenergistics2:facade:0, 线缆伪装板 - 末地石钍矿石
appliedenergistics2:facade:0, 线缆伪装板 - 沙子钍矿石
appliedenergistics2:facade:0, 线缆伪装板 - 红沙钍矿石
appliedenergistics2:facade:0, 线缆伪装板 - 花岗岩钍矿石
appliedenergistics2:facade:0, 线缆伪装板 - 闪长岩钍矿石
appliedenergistics2:facade:0, 线缆伪装板 - 安山岩钍矿石
appliedenergistics2:facade:0, 线缆伪装板 - 铊矿石
appliedenergistics2:facade:0, 线缆伪装板 - 地狱岩铊矿石
appliedenergistics2:facade:0, 线缆伪装板 - 末地石铊矿石
appliedenergistics2:facade:0, 线缆伪装板 - 沙子铊矿石
appliedenergistics2:facade:0, 线缆伪装板 - 红沙铊矿石
appliedenergistics2:facade:0, 线缆伪装板 - 花岗岩铊矿石
appliedenergistics2:facade:0, 线缆伪装板 - 闪长岩铊矿石
appliedenergistics2:facade:0, 线缆伪装板 - 安山岩铊矿石
appliedenergistics2:facade:0, 线缆伪装板 - 铥矿石
appliedenergistics2:facade:0, 线缆伪装板 - 地狱岩铥矿石
appliedenergistics2:facade:0, 线缆伪装板 - 末地石铥矿石
appliedenergistics2:facade:0, 线缆伪装板 - 沙子铥矿石
appliedenergistics2:facade:0, 线缆伪装板 - 红沙铥矿石
appliedenergistics2:facade:0, 线缆伪装板 - 花岗岩铥矿石
appliedenergistics2:facade:0, 线缆伪装板 - 闪长岩铥矿石
appliedenergistics2:facade:0, 线缆伪装板 - 安山岩铥矿石
appliedenergistics2:facade:0, 线缆伪装板 - 锡矿石
appliedenergistics2:facade:0, 线缆伪装板 - 地狱岩锡矿石
appliedenergistics2:facade:0, 线缆伪装板 - 末地石锡矿石
appliedenergistics2:facade:0, 线缆伪装板 - 沙子锡矿石
appliedenergistics2:facade:0, 线缆伪装板 - 红沙锡矿石
appliedenergistics2:facade:0, 线缆伪装板 - 花岗岩锡矿石
appliedenergistics2:facade:0, 线缆伪装板 - 闪长岩锡矿石
appliedenergistics2:facade:0, 线缆伪装板 - 安山岩锡矿石
appliedenergistics2:facade:0, 线缆伪装板 - 钛矿石
appliedenergistics2:facade:0, 线缆伪装板 - 地狱岩钛矿石
appliedenergistics2:facade:0, 线缆伪装板 - 末地石钛矿石
appliedenergistics2:facade:0, 线缆伪装板 - 沙子钛矿石
appliedenergistics2:facade:0, 线缆伪装板 - 红沙钛矿石
appliedenergistics2:facade:0, 线缆伪装板 - 花岗岩钛矿石
appliedenergistics2:facade:0, 线缆伪装板 - 闪长岩钛矿石
appliedenergistics2:facade:0, 线缆伪装板 - 安山岩钛矿石
appliedenergistics2:facade:0, 线缆伪装板 - 钨矿石
appliedenergistics2:facade:0, 线缆伪装板 - 地狱岩钨矿石
appliedenergistics2:facade:0, 线缆伪装板 - 末地石钨矿石
appliedenergistics2:facade:0, 线缆伪装板 - 沙子钨矿石
appliedenergistics2:facade:0, 线缆伪装板 - 红沙钨矿石
appliedenergistics2:facade:0, 线缆伪装板 - 花岗岩钨矿石
appliedenergistics2:facade:0, 线缆伪装板 - 闪长岩钨矿石
appliedenergistics2:facade:0, 线缆伪装板 - 安山岩钨矿石
appliedenergistics2:facade:0, 线缆伪装板 - 铀矿石
appliedenergistics2:facade:0, 线缆伪装板 - 地狱岩铀矿石
appliedenergistics2:facade:0, 线缆伪装板 - 末地石铀矿石
appliedenergistics2:facade:0, 线缆伪装板 - 沙子铀矿石
appliedenergistics2:facade:0, 线缆伪装板 - 红沙铀矿石
appliedenergistics2:facade:0, 线缆伪装板 - 花岗岩铀矿石
appliedenergistics2:facade:0, 线缆伪装板 - 闪长岩铀矿石
appliedenergistics2:facade:0, 线缆伪装板 - 安山岩铀矿石
appliedenergistics2:facade:0, 线缆伪装板 - 铀-235矿石
appliedenergistics2:facade:0, 线缆伪装板 - 地狱岩铀-235矿石
appliedenergistics2:facade:0, 线缆伪装板 - 末地石铀-235矿石
appliedenergistics2:facade:0, 线缆伪装板 - 沙子铀-235矿石
appliedenergistics2:facade:0, 线缆伪装板 - 红沙铀-235矿石
appliedenergistics2:facade:0, 线缆伪装板 - 花岗岩铀-235矿石
appliedenergistics2:facade:0, 线缆伪装板 - 闪长岩铀-235矿石
appliedenergistics2:facade:0, 线缆伪装板 - 安山岩铀-235矿石
appliedenergistics2:facade:0, 线缆伪装板 - 钒矿石
appliedenergistics2:facade:0, 线缆伪装板 - 地狱岩钒矿石
appliedenergistics2:facade:0, 线缆伪装板 - 末地石钒矿石
appliedenergistics2:facade:0, 线缆伪装板 - 沙子钒矿石
appliedenergistics2:facade:0, 线缆伪装板 - 红沙钒矿石
appliedenergistics2:facade:0, 线缆伪装板 - 花岗岩钒矿石
appliedenergistics2:facade:0, 线缆伪装板 - 闪长岩钒矿石
appliedenergistics2:facade:0, 线缆伪装板 - 安山岩钒矿石
appliedenergistics2:facade:0, 线缆伪装板 - 镱矿石
appliedenergistics2:facade:0, 线缆伪装板 - 地狱岩镱矿石
appliedenergistics2:facade:0, 线缆伪装板 - 末地石镱矿石
appliedenergistics2:facade:0, 线缆伪装板 - 沙子镱矿石
appliedenergistics2:facade:0, 线缆伪装板 - 红沙镱矿石
appliedenergistics2:facade:0, 线缆伪装板 - 花岗岩镱矿石
appliedenergistics2:facade:0, 线缆伪装板 - 闪长岩镱矿石
appliedenergistics2:facade:0, 线缆伪装板 - 安山岩镱矿石
appliedenergistics2:facade:0, 线缆伪装板 - 钇矿石
appliedenergistics2:facade:0, 线缆伪装板 - 地狱岩钇矿石
appliedenergistics2:facade:0, 线缆伪装板 - 末地石钇矿石
appliedenergistics2:facade:0, 线缆伪装板 - 沙子钇矿石
appliedenergistics2:facade:0, 线缆伪装板 - 红沙钇矿石
appliedenergistics2:facade:0, 线缆伪装板 - 花岗岩钇矿石
appliedenergistics2:facade:0, 线缆伪装板 - 闪长岩钇矿石
appliedenergistics2:facade:0, 线缆伪装板 - 安山岩钇矿石
appliedenergistics2:facade:0, 线缆伪装板 - 锌矿石
appliedenergistics2:facade:0, 线缆伪装板 - 地狱岩锌矿石
appliedenergistics2:facade:0, 线缆伪装板 - 末地石锌矿石
appliedenergistics2:facade:0, 线缆伪装板 - 沙子锌矿石
appliedenergistics2:facade:0, 线缆伪装板 - 红沙锌矿石
appliedenergistics2:facade:0, 线缆伪装板 - 花岗岩锌矿石
appliedenergistics2:facade:0, 线缆伪装板 - 闪长岩锌矿石
appliedenergistics2:facade:0, 线缆伪装板 - 安山岩锌矿石
appliedenergistics2:facade:0, 线缆伪装板 - 锆矿石
appliedenergistics2:facade:0, 线缆伪装板 - 地狱岩锆矿石
appliedenergistics2:facade:0, 线缆伪装板 - 末地石锆矿石
appliedenergistics2:facade:0, 线缆伪装板 - 沙子锆矿石
appliedenergistics2:facade:0, 线缆伪装板 - 红沙锆矿石
appliedenergistics2:facade:0, 线缆伪装板 - 花岗岩锆矿石
appliedenergistics2:facade:0, 线缆伪装板 - 闪长岩锆矿石
appliedenergistics2:facade:0, 线缆伪装板 - 安山岩锆矿石
appliedenergistics2:facade:0, 线缆伪装板 - 硅岩矿石
appliedenergistics2:facade:0, 线缆伪装板 - 地狱岩硅岩矿石
appliedenergistics2:facade:0, 线缆伪装板 - 末地石硅岩矿石
appliedenergistics2:facade:0, 线缆伪装板 - 沙子硅岩矿石
appliedenergistics2:facade:0, 线缆伪装板 - 红沙硅岩矿石
appliedenergistics2:facade:0, 线缆伪装板 - 花岗岩硅岩矿石
appliedenergistics2:facade:0, 线缆伪装板 - 闪长岩硅岩矿石
appliedenergistics2:facade:0, 线缆伪装板 - 安山岩硅岩矿石
appliedenergistics2:facade:0, 线缆伪装板 - 富集硅岩矿石
appliedenergistics2:facade:0, 线缆伪装板 - 地狱岩富集硅岩矿石
appliedenergistics2:facade:0, 线缆伪装板 - 末地石富集硅岩矿石
appliedenergistics2:facade:0, 线缆伪装板 - 沙子富集硅岩矿石
appliedenergistics2:facade:0, 线缆伪装板 - 红沙富集硅岩矿石
appliedenergistics2:facade:0, 线缆伪装板 - 花岗岩富集硅岩矿石
appliedenergistics2:facade:0, 线缆伪装板 - 闪长岩富集硅岩矿石
appliedenergistics2:facade:0, 线缆伪装板 - 安山岩富集硅岩矿石
appliedenergistics2:facade:0, 线缆伪装板 - 超能硅岩矿石
appliedenergistics2:facade:0, 线缆伪装板 - 地狱岩超能硅岩矿石
appliedenergistics2:facade:0, 线缆伪装板 - 末地石超能硅岩矿石
appliedenergistics2:facade:0, 线缆伪装板 - 沙子超能硅岩矿石
appliedenergistics2:facade:0, 线缆伪装板 - 红沙超能硅岩矿石
appliedenergistics2:facade:0, 线缆伪装板 - 花岗岩超能硅岩矿石
appliedenergistics2:facade:0, 线缆伪装板 - 闪长岩超能硅岩矿石
appliedenergistics2:facade:0, 线缆伪装板 - 安山岩超能硅岩矿石
appliedenergistics2:facade:0, 线缆伪装板 - 中子素矿石
appliedenergistics2:facade:0, 线缆伪装板 - 地狱岩中子素矿石
appliedenergistics2:facade:0, 线缆伪装板 - 末地石中子素矿石
appliedenergistics2:facade:0, 线缆伪装板 - 沙子中子素矿石
appliedenergistics2:facade:0, 线缆伪装板 - 红沙中子素矿石
appliedenergistics2:facade:0, 线缆伪装板 - 花岗岩中子素矿石
appliedenergistics2:facade:0, 线缆伪装板 - 闪长岩中子素矿石
appliedenergistics2:facade:0, 线缆伪装板 - 安山岩中子素矿石
appliedenergistics2:facade:0, 线缆伪装板 - 三钛合金矿石
appliedenergistics2:facade:0, 线缆伪装板 - 地狱岩三钛合金矿石
appliedenergistics2:facade:0, 线缆伪装板 - 末地石三钛合金矿石
appliedenergistics2:facade:0, 线缆伪装板 - 沙子三钛合金矿石
appliedenergistics2:facade:0, 线缆伪装板 - 红沙三钛合金矿石
appliedenergistics2:facade:0, 线缆伪装板 - 花岗岩三钛合金矿石
appliedenergistics2:facade:0, 线缆伪装板 - 闪长岩三钛合金矿石
appliedenergistics2:facade:0, 线缆伪装板 - 安山岩三钛合金矿石
appliedenergistics2:facade:0, 线缆伪装板 - 铿铀矿石
appliedenergistics2:facade:0, 线缆伪装板 - 地狱岩铿铀矿石
appliedenergistics2:facade:0, 线缆伪装板 - 末地石铿铀矿石
appliedenergistics2:facade:0, 线缆伪装板 - 沙子铿铀矿石
appliedenergistics2:facade:0, 线缆伪装板 - 红沙铿铀矿石
appliedenergistics2:facade:0, 线缆伪装板 - 花岗岩铿铀矿石
appliedenergistics2:facade:0, 线缆伪装板 - 闪长岩铿铀矿石
appliedenergistics2:facade:0, 线缆伪装板 - 安山岩铿铀矿石
appliedenergistics2:facade:0, 线缆伪装板 - 凯金矿石
appliedenergistics2:facade:0, 线缆伪装板 - 地狱岩凯金矿石
appliedenergistics2:facade:0, 线缆伪装板 - 末地石凯金矿石
appliedenergistics2:facade:0, 线缆伪装板 - 沙子凯金矿石
appliedenergistics2:facade:0, 线缆伪装板 - 红沙凯金矿石
appliedenergistics2:facade:0, 线缆伪装板 - 花岗岩凯金矿石
appliedenergistics2:facade:0, 线缆伪装板 - 闪长岩凯金矿石
appliedenergistics2:facade:0, 线缆伪装板 - 安山岩凯金矿石
appliedenergistics2:facade:0, 线缆伪装板 - 铀-238矿石
appliedenergistics2:facade:0, 线缆伪装板 - 地狱岩铀-238矿石
appliedenergistics2:facade:0, 线缆伪装板 - 末地石铀-238矿石
appliedenergistics2:facade:0, 线缆伪装板 - 沙子铀-238矿石
appliedenergistics2:facade:0, 线缆伪装板 - 红沙铀-238矿石
appliedenergistics2:facade:0, 线缆伪装板 - 花岗岩铀-238矿石
appliedenergistics2:facade:0, 线缆伪装板 - 闪长岩铀-238矿石
appliedenergistics2:facade:0, 线缆伪装板 - 安山岩铀-238矿石
appliedenergistics2:facade:0, 线缆伪装板 - 钚矿石
appliedenergistics2:facade:0, 线缆伪装板 - 地狱岩钚矿石
appliedenergistics2:facade:0, 线缆伪装板 - 末地石钚矿石
appliedenergistics2:facade:0, 线缆伪装板 - 沙子钚矿石
appliedenergistics2:facade:0, 线缆伪装板 - 红沙钚矿石
appliedenergistics2:facade:0, 线缆伪装板 - 花岗岩钚矿石
appliedenergistics2:facade:0, 线缆伪装板 - 闪长岩钚矿石
appliedenergistics2:facade:0, 线缆伪装板 - 安山岩钚矿石
appliedenergistics2:facade:0, 线缆伪装板 - 镭-225矿石
appliedenergistics2:facade:0, 线缆伪装板 - 地狱岩镭-225矿石
appliedenergistics2:facade:0, 线缆伪装板 - 末地石镭-225矿石
appliedenergistics2:facade:0, 线缆伪装板 - 沙子镭-225矿石
appliedenergistics2:facade:0, 线缆伪装板 - 红沙镭-225矿石
appliedenergistics2:facade:0, 线缆伪装板 - 花岗岩镭-225矿石
appliedenergistics2:facade:0, 线缆伪装板 - 闪长岩镭-225矿石
appliedenergistics2:facade:0, 线缆伪装板 - 安山岩镭-225矿石
appliedenergistics2:facade:0, 线缆伪装板 - 镭-226矿石
appliedenergistics2:facade:0, 线缆伪装板 - 地狱岩镭-226矿石
appliedenergistics2:facade:0, 线缆伪装板 - 末地石镭-226矿石
appliedenergistics2:facade:0, 线缆伪装板 - 沙子镭-226矿石
appliedenergistics2:facade:0, 线缆伪装板 - 红沙镭-226矿石
appliedenergistics2:facade:0, 线缆伪装板 - 花岗岩镭-226矿石
appliedenergistics2:facade:0, 线缆伪装板 - 闪长岩镭-226矿石
appliedenergistics2:facade:0, 线缆伪装板 - 安山岩镭-226矿石
appliedenergistics2:facade:0, 线缆伪装板 - 镤-231矿石
appliedenergistics2:facade:0, 线缆伪装板 - 地狱岩镤-231矿石
appliedenergistics2:facade:0, 线缆伪装板 - 末地石镤-231矿石
appliedenergistics2:facade:0, 线缆伪装板 - 沙子镤-231矿石
appliedenergistics2:facade:0, 线缆伪装板 - 红沙镤-231矿石
appliedenergistics2:facade:0, 线缆伪装板 - 花岗岩镤-231矿石
appliedenergistics2:facade:0, 线缆伪装板 - 闪长岩镤-231矿石
appliedenergistics2:facade:0, 线缆伪装板 - 安山岩镤-231矿石
appliedenergistics2:facade:0, 线缆伪装板 - 镤-233矿石
appliedenergistics2:facade:0, 线缆伪装板 - 地狱岩镤-233矿石
appliedenergistics2:facade:0, 线缆伪装板 - 末地石镤-233矿石
appliedenergistics2:facade:0, 线缆伪装板 - 沙子镤-233矿石
appliedenergistics2:facade:0, 线缆伪装板 - 红沙镤-233矿石
appliedenergistics2:facade:0, 线缆伪装板 - 花岗岩镤-233矿石
appliedenergistics2:facade:0, 线缆伪装板 - 闪长岩镤-233矿石
appliedenergistics2:facade:0, 线缆伪装板 - 安山岩镤-233矿石
appliedenergistics2:facade:0, 线缆伪装板 - 铀-232矿石
appliedenergistics2:facade:0, 线缆伪装板 - 地狱岩铀-232矿石
appliedenergistics2:facade:0, 线缆伪装板 - 末地石铀-232矿石
appliedenergistics2:facade:0, 线缆伪装板 - 沙子铀-232矿石
appliedenergistics2:facade:0, 线缆伪装板 - 红沙铀-232矿石
appliedenergistics2:facade:0, 线缆伪装板 - 花岗岩铀-232矿石
appliedenergistics2:facade:0, 线缆伪装板 - 闪长岩铀-232矿石
appliedenergistics2:facade:0, 线缆伪装板 - 安山岩铀-232矿石
appliedenergistics2:facade:0, 线缆伪装板 - 铀-233矿石
appliedenergistics2:facade:0, 线缆伪装板 - 地狱岩铀-233矿石
appliedenergistics2:facade:0, 线缆伪装板 - 末地石铀-233矿石
appliedenergistics2:facade:0, 线缆伪装板 - 沙子铀-233矿石
appliedenergistics2:facade:0, 线缆伪装板 - 红沙铀-233矿石
appliedenergistics2:facade:0, 线缆伪装板 - 花岗岩铀-233矿石
appliedenergistics2:facade:0, 线缆伪装板 - 闪长岩铀-233矿石
appliedenergistics2:facade:0, 线缆伪装板 - 安山岩铀-233矿石
appliedenergistics2:facade:0, 线缆伪装板 - 铀-234矿石
appliedenergistics2:facade:0, 线缆伪装板 - 地狱岩铀-234矿石
appliedenergistics2:facade:0, 线缆伪装板 - 末地石铀-234矿石
appliedenergistics2:facade:0, 线缆伪装板 - 沙子铀-234矿石
appliedenergistics2:facade:0, 线缆伪装板 - 红沙铀-234矿石
appliedenergistics2:facade:0, 线缆伪装板 - 花岗岩铀-234矿石
appliedenergistics2:facade:0, 线缆伪装板 - 闪长岩铀-234矿石
appliedenergistics2:facade:0, 线缆伪装板 - 安山岩铀-234矿石
appliedenergistics2:facade:0, 线缆伪装板 - 铀-236矿石
appliedenergistics2:facade:0, 线缆伪装板 - 地狱岩铀-236矿石
appliedenergistics2:facade:0, 线缆伪装板 - 末地石铀-236矿石
appliedenergistics2:facade:0, 线缆伪装板 - 沙子铀-236矿石
appliedenergistics2:facade:0, 线缆伪装板 - 红沙铀-236矿石
appliedenergistics2:facade:0, 线缆伪装板 - 花岗岩铀-236矿石
appliedenergistics2:facade:0, 线缆伪装板 - 闪长岩铀-236矿石
appliedenergistics2:facade:0, 线缆伪装板 - 安山岩铀-236矿石
appliedenergistics2:facade:0, 线缆伪装板 - 铀-237矿石
appliedenergistics2:facade:0, 线缆伪装板 - 地狱岩铀-237矿石
appliedenergistics2:facade:0, 线缆伪装板 - 末地石铀-237矿石
appliedenergistics2:facade:0, 线缆伪装板 - 沙子铀-237矿石
appliedenergistics2:facade:0, 线缆伪装板 - 红沙铀-237矿石
appliedenergistics2:facade:0, 线缆伪装板 - 花岗岩铀-237矿石
appliedenergistics2:facade:0, 线缆伪装板 - 闪长岩铀-237矿石
appliedenergistics2:facade:0, 线缆伪装板 - 安山岩铀-237矿石
appliedenergistics2:facade:0, 线缆伪装板 - 铀-239矿石
appliedenergistics2:facade:0, 线缆伪装板 - 地狱岩铀-239矿石
appliedenergistics2:facade:0, 线缆伪装板 - 末地石铀-239矿石
appliedenergistics2:facade:0, 线缆伪装板 - 沙子铀-239矿石
appliedenergistics2:facade:0, 线缆伪装板 - 红沙铀-239矿石
appliedenergistics2:facade:0, 线缆伪装板 - 花岗岩铀-239矿石
appliedenergistics2:facade:0, 线缆伪装板 - 闪长岩铀-239矿石
appliedenergistics2:facade:0, 线缆伪装板 - 安山岩铀-239矿石
appliedenergistics2:facade:0, 线缆伪装板 - 镎-235矿石
appliedenergistics2:facade:0, 线缆伪装板 - 地狱岩镎-235矿石
appliedenergistics2:facade:0, 线缆伪装板 - 末地石镎-235矿石
appliedenergistics2:facade:0, 线缆伪装板 - 沙子镎-235矿石
appliedenergistics2:facade:0, 线缆伪装板 - 红沙镎-235矿石
appliedenergistics2:facade:0, 线缆伪装板 - 花岗岩镎-235矿石
appliedenergistics2:facade:0, 线缆伪装板 - 闪长岩镎-235矿石
appliedenergistics2:facade:0, 线缆伪装板 - 安山岩镎-235矿石
appliedenergistics2:facade:0, 线缆伪装板 - 镎-236矿石
appliedenergistics2:facade:0, 线缆伪装板 - 地狱岩镎-236矿石
appliedenergistics2:facade:0, 线缆伪装板 - 末地石镎-236矿石
appliedenergistics2:facade:0, 线缆伪装板 - 沙子镎-236矿石
appliedenergistics2:facade:0, 线缆伪装板 - 红沙镎-236矿石
appliedenergistics2:facade:0, 线缆伪装板 - 花岗岩镎-236矿石
appliedenergistics2:facade:0, 线缆伪装板 - 闪长岩镎-236矿石
appliedenergistics2:facade:0, 线缆伪装板 - 安山岩镎-236矿石
appliedenergistics2:facade:0, 线缆伪装板 - 镎-237矿石
appliedenergistics2:facade:0, 线缆伪装板 - 地狱岩镎-237矿石
appliedenergistics2:facade:0, 线缆伪装板 - 末地石镎-237矿石
appliedenergistics2:facade:0, 线缆伪装板 - 沙子镎-237矿石
appliedenergistics2:facade:0, 线缆伪装板 - 红沙镎-237矿石
appliedenergistics2:facade:0, 线缆伪装板 - 花岗岩镎-237矿石
appliedenergistics2:facade:0, 线缆伪装板 - 闪长岩镎-237矿石
appliedenergistics2:facade:0, 线缆伪装板 - 安山岩镎-237矿石
appliedenergistics2:facade:0, 线缆伪装板 - 镎-238矿石
appliedenergistics2:facade:0, 线缆伪装板 - 地狱岩镎-238矿石
appliedenergistics2:facade:0, 线缆伪装板 - 末地石镎-238矿石
appliedenergistics2:facade:0, 线缆伪装板 - 沙子镎-238矿石
appliedenergistics2:facade:0, 线缆伪装板 - 红沙镎-238矿石
appliedenergistics2:facade:0, 线缆伪装板 - 花岗岩镎-238矿石
appliedenergistics2:facade:0, 线缆伪装板 - 闪长岩镎-238矿石
appliedenergistics2:facade:0, 线缆伪装板 - 安山岩镎-238矿石
appliedenergistics2:facade:0, 线缆伪装板 - 镎-239矿石
appliedenergistics2:facade:0, 线缆伪装板 - 地狱岩镎-239矿石
appliedenergistics2:facade:0, 线缆伪装板 - 末地石镎-239矿石
appliedenergistics2:facade:0, 线缆伪装板 - 沙子镎-239矿石
appliedenergistics2:facade:0, 线缆伪装板 - 红沙镎-239矿石
appliedenergistics2:facade:0, 线缆伪装板 - 花岗岩镎-239矿石
appliedenergistics2:facade:0, 线缆伪装板 - 闪长岩镎-239矿石
appliedenergistics2:facade:0, 线缆伪装板 - 安山岩镎-239矿石
appliedenergistics2:facade:0, 线缆伪装板 - 钚-236矿石
appliedenergistics2:facade:0, 线缆伪装板 - 地狱岩钚-236矿石
appliedenergistics2:facade:0, 线缆伪装板 - 末地石钚-236矿石
appliedenergistics2:facade:0, 线缆伪装板 - 沙子钚-236矿石
appliedenergistics2:facade:0, 线缆伪装板 - 红沙钚-236矿石
appliedenergistics2:facade:0, 线缆伪装板 - 花岗岩钚-236矿石
appliedenergistics2:facade:0, 线缆伪装板 - 闪长岩钚-236矿石
appliedenergistics2:facade:0, 线缆伪装板 - 安山岩钚-236矿石
appliedenergistics2:facade:0, 线缆伪装板 - 钚-237矿石
appliedenergistics2:facade:0, 线缆伪装板 - 地狱岩钚-237矿石
appliedenergistics2:facade:0, 线缆伪装板 - 末地石钚-237矿石
appliedenergistics2:facade:0, 线缆伪装板 - 沙子钚-237矿石
appliedenergistics2:facade:0, 线缆伪装板 - 红沙钚-237矿石
appliedenergistics2:facade:0, 线缆伪装板 - 花岗岩钚-237矿石
appliedenergistics2:facade:0, 线缆伪装板 - 闪长岩钚-237矿石
appliedenergistics2:facade:0, 线缆伪装板 - 安山岩钚-237矿石
appliedenergistics2:facade:0, 线缆伪装板 - 钚-238矿石
appliedenergistics2:facade:0, 线缆伪装板 - 地狱岩钚-238矿石
appliedenergistics2:facade:0, 线缆伪装板 - 末地石钚-238矿石
appliedenergistics2:facade:0, 线缆伪装板 - 沙子钚-238矿石
appliedenergistics2:facade:0, 线缆伪装板 - 红沙钚-238矿石
appliedenergistics2:facade:0, 线缆伪装板 - 花岗岩钚-238矿石
appliedenergistics2:facade:0, 线缆伪装板 - 闪长岩钚-238矿石
appliedenergistics2:facade:0, 线缆伪装板 - 安山岩钚-238矿石
appliedenergistics2:facade:0, 线缆伪装板 - 钚-240矿石
appliedenergistics2:facade:0, 线缆伪装板 - 地狱岩钚-240矿石
appliedenergistics2:facade:0, 线缆伪装板 - 末地石钚-240矿石
appliedenergistics2:facade:0, 线缆伪装板 - 沙子钚-240矿石
appliedenergistics2:facade:0, 线缆伪装板 - 红沙钚-240矿石
appliedenergistics2:facade:0, 线缆伪装板 - 花岗岩钚-240矿石
appliedenergistics2:facade:0, 线缆伪装板 - 闪长岩钚-240矿石
appliedenergistics2:facade:0, 线缆伪装板 - 安山岩钚-240矿石
appliedenergistics2:facade:0, 线缆伪装板 - 钚-242矿石
appliedenergistics2:facade:0, 线缆伪装板 - 地狱岩钚-242矿石
appliedenergistics2:facade:0, 线缆伪装板 - 末地石钚-242矿石
appliedenergistics2:facade:0, 线缆伪装板 - 沙子钚-242矿石
appliedenergistics2:facade:0, 线缆伪装板 - 红沙钚-242矿石
appliedenergistics2:facade:0, 线缆伪装板 - 花岗岩钚-242矿石
appliedenergistics2:facade:0, 线缆伪装板 - 闪长岩钚-242矿石
appliedenergistics2:facade:0, 线缆伪装板 - 安山岩钚-242矿石
appliedenergistics2:facade:0, 线缆伪装板 - 钚-243矿石
appliedenergistics2:facade:0, 线缆伪装板 - 地狱岩钚-243矿石
appliedenergistics2:facade:0, 线缆伪装板 - 末地石钚-243矿石
appliedenergistics2:facade:0, 线缆伪装板 - 沙子钚-243矿石
appliedenergistics2:facade:0, 线缆伪装板 - 红沙钚-243矿石
appliedenergistics2:facade:0, 线缆伪装板 - 花岗岩钚-243矿石
appliedenergistics2:facade:0, 线缆伪装板 - 闪长岩钚-243矿石
appliedenergistics2:facade:0, 线缆伪装板 - 安山岩钚-243矿石
appliedenergistics2:facade:0, 线缆伪装板 - 钚-244矿石
appliedenergistics2:facade:0, 线缆伪装板 - 地狱岩钚-244矿石
appliedenergistics2:facade:0, 线缆伪装板 - 末地石钚-244矿石
appliedenergistics2:facade:0, 线缆伪装板 - 沙子钚-244矿石
appliedenergistics2:facade:0, 线缆伪装板 - 红沙钚-244矿石
appliedenergistics2:facade:0, 线缆伪装板 - 花岗岩钚-244矿石
appliedenergistics2:facade:0, 线缆伪装板 - 闪长岩钚-244矿石
appliedenergistics2:facade:0, 线缆伪装板 - 安山岩钚-244矿石
appliedenergistics2:facade:0, 线缆伪装板 - 钍-228矿石
appliedenergistics2:facade:0, 线缆伪装板 - 地狱岩钍-228矿石
appliedenergistics2:facade:0, 线缆伪装板 - 末地石钍-228矿石
appliedenergistics2:facade:0, 线缆伪装板 - 沙子钍-228矿石
appliedenergistics2:facade:0, 线缆伪装板 - 红沙钍-228矿石
appliedenergistics2:facade:0, 线缆伪装板 - 花岗岩钍-228矿石
appliedenergistics2:facade:0, 线缆伪装板 - 闪长岩钍-228矿石
appliedenergistics2:facade:0, 线缆伪装板 - 安山岩钍-228矿石
appliedenergistics2:facade:0, 线缆伪装板 - 钍-229矿石
appliedenergistics2:facade:0, 线缆伪装板 - 地狱岩钍-229矿石
appliedenergistics2:facade:0, 线缆伪装板 - 末地石钍-229矿石
appliedenergistics2:facade:0, 线缆伪装板 - 沙子钍-229矿石
appliedenergistics2:facade:0, 线缆伪装板 - 红沙钍-229矿石
appliedenergistics2:facade:0, 线缆伪装板 - 花岗岩钍-229矿石
appliedenergistics2:facade:0, 线缆伪装板 - 闪长岩钍-229矿石
appliedenergistics2:facade:0, 线缆伪装板 - 安山岩钍-229矿石
appliedenergistics2:facade:0, 线缆伪装板 - 钍-230矿石
appliedenergistics2:facade:0, 线缆伪装板 - 地狱岩钍-230矿石
appliedenergistics2:facade:0, 线缆伪装板 - 末地石钍-230矿石
appliedenergistics2:facade:0, 线缆伪装板 - 沙子钍-230矿石
appliedenergistics2:facade:0, 线缆伪装板 - 红沙钍-230矿石
appliedenergistics2:facade:0, 线缆伪装板 - 花岗岩钍-230矿石
appliedenergistics2:facade:0, 线缆伪装板 - 闪长岩钍-230矿石
appliedenergistics2:facade:0, 线缆伪装板 - 安山岩钍-230矿石
appliedenergistics2:facade:0, 线缆伪装板 - 钍-232矿石
appliedenergistics2:facade:0, 线缆伪装板 - 地狱岩钍-232矿石
appliedenergistics2:facade:0, 线缆伪装板 - 末地石钍-232矿石
appliedenergistics2:facade:0, 线缆伪装板 - 沙子钍-232矿石
appliedenergistics2:facade:0, 线缆伪装板 - 红沙钍-232矿石
appliedenergistics2:facade:0, 线缆伪装板 - 花岗岩钍-232矿石
appliedenergistics2:facade:0, 线缆伪装板 - 闪长岩钍-232矿石
appliedenergistics2:facade:0, 线缆伪装板 - 安山岩钍-232矿石
appliedenergistics2:facade:0, 线缆伪装板 - 钍-233矿石
appliedenergistics2:facade:0, 线缆伪装板 - 地狱岩钍-233矿石
appliedenergistics2:facade:0, 线缆伪装板 - 末地石钍-233矿石
appliedenergistics2:facade:0, 线缆伪装板 - 沙子钍-233矿石
appliedenergistics2:facade:0, 线缆伪装板 - 红沙钍-233矿石
appliedenergistics2:facade:0, 线缆伪装板 - 花岗岩钍-233矿石
appliedenergistics2:facade:0, 线缆伪装板 - 闪长岩钍-233矿石
appliedenergistics2:facade:0, 线缆伪装板 - 安山岩钍-233矿石
appliedenergistics2:facade:0, 线缆伪装板 - 镅-240矿石
appliedenergistics2:facade:0, 线缆伪装板 - 地狱岩镅-240矿石
appliedenergistics2:facade:0, 线缆伪装板 - 末地石镅-240矿石
appliedenergistics2:facade:0, 线缆伪装板 - 沙子镅-240矿石
appliedenergistics2:facade:0, 线缆伪装板 - 红沙镅-240矿石
appliedenergistics2:facade:0, 线缆伪装板 - 花岗岩镅-240矿石
appliedenergistics2:facade:0, 线缆伪装板 - 闪长岩镅-240矿石
appliedenergistics2:facade:0, 线缆伪装板 - 安山岩镅-240矿石
appliedenergistics2:facade:0, 线缆伪装板 - 镅-241矿石
appliedenergistics2:facade:0, 线缆伪装板 - 地狱岩镅-241矿石
appliedenergistics2:facade:0, 线缆伪装板 - 末地石镅-241矿石
appliedenergistics2:facade:0, 线缆伪装板 - 沙子镅-241矿石
appliedenergistics2:facade:0, 线缆伪装板 - 红沙镅-241矿石
appliedenergistics2:facade:0, 线缆伪装板 - 花岗岩镅-241矿石
appliedenergistics2:facade:0, 线缆伪装板 - 闪长岩镅-241矿石
appliedenergistics2:facade:0, 线缆伪装板 - 安山岩镅-241矿石
appliedenergistics2:facade:0, 线缆伪装板 - 镅-242矿石
appliedenergistics2:facade:0, 线缆伪装板 - 地狱岩镅-242矿石
appliedenergistics2:facade:0, 线缆伪装板 - 末地石镅-242矿石
appliedenergistics2:facade:0, 线缆伪装板 - 沙子镅-242矿石
appliedenergistics2:facade:0, 线缆伪装板 - 红沙镅-242矿石
appliedenergistics2:facade:0, 线缆伪装板 - 花岗岩镅-242矿石
appliedenergistics2:facade:0, 线缆伪装板 - 闪长岩镅-242矿石
appliedenergistics2:facade:0, 线缆伪装板 - 安山岩镅-242矿石
appliedenergistics2:facade:0, 线缆伪装板 - 镅-243矿石
appliedenergistics2:facade:0, 线缆伪装板 - 地狱岩镅-243矿石
appliedenergistics2:facade:0, 线缆伪装板 - 末地石镅-243矿石
appliedenergistics2:facade:0, 线缆伪装板 - 沙子镅-243矿石
appliedenergistics2:facade:0, 线缆伪装板 - 红沙镅-243矿石
appliedenergistics2:facade:0, 线缆伪装板 - 花岗岩镅-243矿石
appliedenergistics2:facade:0, 线缆伪装板 - 闪长岩镅-243矿石
appliedenergistics2:facade:0, 线缆伪装板 - 安山岩镅-243矿石
appliedenergistics2:facade:0, 线缆伪装板 - 锔-242矿石
appliedenergistics2:facade:0, 线缆伪装板 - 地狱岩锔-242矿石
appliedenergistics2:facade:0, 线缆伪装板 - 末地石锔-242矿石
appliedenergistics2:facade:0, 线缆伪装板 - 沙子锔-242矿石
appliedenergistics2:facade:0, 线缆伪装板 - 红沙锔-242矿石
appliedenergistics2:facade:0, 线缆伪装板 - 花岗岩锔-242矿石
appliedenergistics2:facade:0, 线缆伪装板 - 闪长岩锔-242矿石
appliedenergistics2:facade:0, 线缆伪装板 - 安山岩锔-242矿石
appliedenergistics2:facade:0, 线缆伪装板 - 锔-243矿石
appliedenergistics2:facade:0, 线缆伪装板 - 地狱岩锔-243矿石
appliedenergistics2:facade:0, 线缆伪装板 - 末地石锔-243矿石
appliedenergistics2:facade:0, 线缆伪装板 - 沙子锔-243矿石
appliedenergistics2:facade:0, 线缆伪装板 - 红沙锔-243矿石
appliedenergistics2:facade:0, 线缆伪装板 - 花岗岩锔-243矿石
appliedenergistics2:facade:0, 线缆伪装板 - 闪长岩锔-243矿石
appliedenergistics2:facade:0, 线缆伪装板 - 安山岩锔-243矿石
appliedenergistics2:facade:0, 线缆伪装板 - 锔-244矿石
appliedenergistics2:facade:0, 线缆伪装板 - 地狱岩锔-244矿石
appliedenergistics2:facade:0, 线缆伪装板 - 末地石锔-244矿石
appliedenergistics2:facade:0, 线缆伪装板 - 沙子锔-244矿石
appliedenergistics2:facade:0, 线缆伪装板 - 红沙锔-244矿石
appliedenergistics2:facade:0, 线缆伪装板 - 花岗岩锔-244矿石
appliedenergistics2:facade:0, 线缆伪装板 - 闪长岩锔-244矿石
appliedenergistics2:facade:0, 线缆伪装板 - 安山岩锔-244矿石
appliedenergistics2:facade:0, 线缆伪装板 - 锔-245矿石
appliedenergistics2:facade:0, 线缆伪装板 - 地狱岩锔-245矿石
appliedenergistics2:facade:0, 线缆伪装板 - 末地石锔-245矿石
appliedenergistics2:facade:0, 线缆伪装板 - 沙子锔-245矿石
appliedenergistics2:facade:0, 线缆伪装板 - 红沙锔-245矿石
appliedenergistics2:facade:0, 线缆伪装板 - 花岗岩锔-245矿石
appliedenergistics2:facade:0, 线缆伪装板 - 闪长岩锔-245矿石
appliedenergistics2:facade:0, 线缆伪装板 - 安山岩锔-245矿石
appliedenergistics2:facade:0, 线缆伪装板 - 锔-246矿石
appliedenergistics2:facade:0, 线缆伪装板 - 地狱岩锔-246矿石
appliedenergistics2:facade:0, 线缆伪装板 - 末地石锔-246矿石
appliedenergistics2:facade:0, 线缆伪装板 - 沙子锔-246矿石
appliedenergistics2:facade:0, 线缆伪装板 - 红沙锔-246矿石
appliedenergistics2:facade:0, 线缆伪装板 - 花岗岩锔-246矿石
appliedenergistics2:facade:0, 线缆伪装板 - 闪长岩锔-246矿石
appliedenergistics2:facade:0, 线缆伪装板 - 安山岩锔-246矿石
appliedenergistics2:facade:0, 线缆伪装板 - 锔-247矿石
appliedenergistics2:facade:0, 线缆伪装板 - 地狱岩锔-247矿石
appliedenergistics2:facade:0, 线缆伪装板 - 末地石锔-247矿石
appliedenergistics2:facade:0, 线缆伪装板 - 沙子锔-247矿石
appliedenergistics2:facade:0, 线缆伪装板 - 红沙锔-247矿石
appliedenergistics2:facade:0, 线缆伪装板 - 花岗岩锔-247矿石
appliedenergistics2:facade:0, 线缆伪装板 - 闪长岩锔-247矿石
appliedenergistics2:facade:0, 线缆伪装板 - 安山岩锔-247矿石
appliedenergistics2:facade:0, 线缆伪装板 - 锔-248矿石
appliedenergistics2:facade:0, 线缆伪装板 - 地狱岩锔-248矿石
appliedenergistics2:facade:0, 线缆伪装板 - 末地石锔-248矿石
appliedenergistics2:facade:0, 线缆伪装板 - 沙子锔-248矿石
appliedenergistics2:facade:0, 线缆伪装板 - 红沙锔-248矿石
appliedenergistics2:facade:0, 线缆伪装板 - 花岗岩锔-248矿石
appliedenergistics2:facade:0, 线缆伪装板 - 闪长岩锔-248矿石
appliedenergistics2:facade:0, 线缆伪装板 - 安山岩锔-248矿石
appliedenergistics2:facade:0, 线缆伪装板 - 锔-250矿石
appliedenergistics2:facade:0, 线缆伪装板 - 地狱岩锔-250矿石
appliedenergistics2:facade:0, 线缆伪装板 - 末地石锔-250矿石
appliedenergistics2:facade:0, 线缆伪装板 - 沙子锔-250矿石
appliedenergistics2:facade:0, 线缆伪装板 - 红沙锔-250矿石
appliedenergistics2:facade:0, 线缆伪装板 - 花岗岩锔-250矿石
appliedenergistics2:facade:0, 线缆伪装板 - 闪长岩锔-250矿石
appliedenergistics2:facade:0, 线缆伪装板 - 安山岩锔-250矿石
appliedenergistics2:facade:0, 线缆伪装板 - 锫-249矿石
appliedenergistics2:facade:0, 线缆伪装板 - 地狱岩锫-249矿石
appliedenergistics2:facade:0, 线缆伪装板 - 末地石锫-249矿石
appliedenergistics2:facade:0, 线缆伪装板 - 沙子锫-249矿石
appliedenergistics2:facade:0, 线缆伪装板 - 红沙锫-249矿石
appliedenergistics2:facade:0, 线缆伪装板 - 花岗岩锫-249矿石
appliedenergistics2:facade:0, 线缆伪装板 - 闪长岩锫-249矿石
appliedenergistics2:facade:0, 线缆伪装板 - 安山岩锫-249矿石
appliedenergistics2:facade:0, 线缆伪装板 - 锎-249矿石
appliedenergistics2:facade:0, 线缆伪装板 - 地狱岩锎-249矿石
appliedenergistics2:facade:0, 线缆伪装板 - 末地石锎-249矿石
appliedenergistics2:facade:0, 线缆伪装板 - 沙子锎-249矿石
appliedenergistics2:facade:0, 线缆伪装板 - 红沙锎-249矿石
appliedenergistics2:facade:0, 线缆伪装板 - 花岗岩锎-249矿石
appliedenergistics2:facade:0, 线缆伪装板 - 闪长岩锎-249矿石
appliedenergistics2:facade:0, 线缆伪装板 - 安山岩锎-249矿石
appliedenergistics2:facade:0, 线缆伪装板 - 锎-252矿石
appliedenergistics2:facade:0, 线缆伪装板 - 地狱岩锎-252矿石
appliedenergistics2:facade:0, 线缆伪装板 - 末地石锎-252矿石
appliedenergistics2:facade:0, 线缆伪装板 - 沙子锎-252矿石
appliedenergistics2:facade:0, 线缆伪装板 - 红沙锎-252矿石
appliedenergistics2:facade:0, 线缆伪装板 - 花岗岩锎-252矿石
appliedenergistics2:facade:0, 线缆伪装板 - 闪长岩锎-252矿石
appliedenergistics2:facade:0, 线缆伪装板 - 安山岩锎-252矿石
appliedenergistics2:facade:0, 线缆伪装板 - 赛特斯石英矿石
appliedenergistics2:facade:0, 线缆伪装板 - 地狱岩赛特斯石英矿石
appliedenergistics2:facade:0, 线缆伪装板 - 末地石赛特斯石英矿石
appliedenergistics2:facade:0, 线缆伪装板 - 沙子赛特斯石英矿石
appliedenergistics2:facade:0, 线缆伪装板 - 红沙赛特斯石英矿石
appliedenergistics2:facade:0, 线缆伪装板 - 花岗岩赛特斯石英矿石
appliedenergistics2:facade:0, 线缆伪装板 - 闪长岩赛特斯石英矿石
appliedenergistics2:facade:0, 线缆伪装板 - 安山岩赛特斯石英矿石
appliedenergistics2:facade:0, 线缆伪装板 - 铁铝榴石矿石
appliedenergistics2:facade:0, 线缆伪装板 - 地狱岩铁铝榴石矿石
appliedenergistics2:facade:0, 线缆伪装板 - 末地石铁铝榴石矿石
appliedenergistics2:facade:0, 线缆伪装板 - 沙子铁铝榴石矿石
appliedenergistics2:facade:0, 线缆伪装板 - 红沙铁铝榴石矿石
appliedenergistics2:facade:0, 线缆伪装板 - 花岗岩铁铝榴石矿石
appliedenergistics2:facade:0, 线缆伪装板 - 闪长岩铁铝榴石矿石
appliedenergistics2:facade:0, 线缆伪装板 - 安山岩铁铝榴石矿石
appliedenergistics2:facade:0, 线缆伪装板 - 石棉矿石
appliedenergistics2:facade:0, 线缆伪装板 - 地狱岩石棉矿石
appliedenergistics2:facade:0, 线缆伪装板 - 末地石石棉矿石
appliedenergistics2:facade:0, 线缆伪装板 - 沙子石棉矿石
appliedenergistics2:facade:0, 线缆伪装板 - 红沙石棉矿石
appliedenergistics2:facade:0, 线缆伪装板 - 花岗岩石棉矿石
appliedenergistics2:facade:0, 线缆伪装板 - 闪长岩石棉矿石
appliedenergistics2:facade:0, 线缆伪装板 - 安山岩石棉矿石
appliedenergistics2:facade:0, 线缆伪装板 - 带状铁矿矿石
appliedenergistics2:facade:0, 线缆伪装板 - 地狱岩带状铁矿矿石
appliedenergistics2:facade:0, 线缆伪装板 - 末地石带状铁矿矿石
appliedenergistics2:facade:0, 线缆伪装板 - 沙子带状铁矿矿石
appliedenergistics2:facade:0, 线缆伪装板 - 红沙带状铁矿矿石
appliedenergistics2:facade:0, 线缆伪装板 - 花岗岩带状铁矿矿石
appliedenergistics2:facade:0, 线缆伪装板 - 闪长岩带状铁矿矿石
appliedenergistics2:facade:0, 线缆伪装板 - 安山岩带状铁矿矿石
appliedenergistics2:facade:0, 线缆伪装板 - 蓝黄玉矿石
appliedenergistics2:facade:0, 线缆伪装板 - 地狱岩蓝黄玉矿石
appliedenergistics2:facade:0, 线缆伪装板 - 末地石蓝黄玉矿石
appliedenergistics2:facade:0, 线缆伪装板 - 沙子蓝黄玉矿石
appliedenergistics2:facade:0, 线缆伪装板 - 红沙蓝黄玉矿石
appliedenergistics2:facade:0, 线缆伪装板 - 花岗岩蓝黄玉矿石
appliedenergistics2:facade:0, 线缆伪装板 - 闪长岩蓝黄玉矿石
appliedenergistics2:facade:0, 线缆伪装板 - 安山岩蓝黄玉矿石
appliedenergistics2:facade:0, 线缆伪装板 - 棕褐铁矿矿石
appliedenergistics2:facade:0, 线缆伪装板 - 地狱岩棕褐铁矿矿石
appliedenergistics2:facade:0, 线缆伪装板 - 末地石棕褐铁矿矿石
appliedenergistics2:facade:0, 线缆伪装板 - 沙子棕褐铁矿矿石
appliedenergistics2:facade:0, 线缆伪装板 - 红沙棕褐铁矿矿石
appliedenergistics2:facade:0, 线缆伪装板 - 花岗岩棕褐铁矿矿石
appliedenergistics2:facade:0, 线缆伪装板 - 闪长岩棕褐铁矿矿石
appliedenergistics2:facade:0, 线缆伪装板 - 安山岩棕褐铁矿矿石
appliedenergistics2:facade:0, 线缆伪装板 - 方解石矿石
appliedenergistics2:facade:0, 线缆伪装板 - 地狱岩方解石矿石
appliedenergistics2:facade:0, 线缆伪装板 - 末地石方解石矿石
appliedenergistics2:facade:0, 线缆伪装板 - 沙子方解石矿石
appliedenergistics2:facade:0, 线缆伪装板 - 红沙方解石矿石
appliedenergistics2:facade:0, 线缆伪装板 - 花岗岩方解石矿石
appliedenergistics2:facade:0, 线缆伪装板 - 闪长岩方解石矿石
appliedenergistics2:facade:0, 线缆伪装板 - 安山岩方解石矿石
appliedenergistics2:facade:0, 线缆伪装板 - 锡石矿石
appliedenergistics2:facade:0, 线缆伪装板 - 地狱岩锡石矿石
appliedenergistics2:facade:0, 线缆伪装板 - 末地石锡石矿石
appliedenergistics2:facade:0, 线缆伪装板 - 沙子锡石矿石
appliedenergistics2:facade:0, 线缆伪装板 - 红沙锡石矿石
appliedenergistics2:facade:0, 线缆伪装板 - 花岗岩锡石矿石
appliedenergistics2:facade:0, 线缆伪装板 - 闪长岩锡石矿石
appliedenergistics2:facade:0, 线缆伪装板 - 安山岩锡石矿石
appliedenergistics2:facade:0, 线缆伪装板 - 锡石矿砂矿石
appliedenergistics2:facade:0, 线缆伪装板 - 地狱岩锡石矿砂矿石
appliedenergistics2:facade:0, 线缆伪装板 - 末地石锡石矿砂矿石
appliedenergistics2:facade:0, 线缆伪装板 - 沙子锡石矿砂矿石
appliedenergistics2:facade:0, 线缆伪装板 - 红沙锡石矿砂矿石
appliedenergistics2:facade:0, 线缆伪装板 - 花岗岩锡石矿砂矿石
appliedenergistics2:facade:0, 线缆伪装板 - 闪长岩锡石矿砂矿石
appliedenergistics2:facade:0, 线缆伪装板 - 安山岩锡石矿砂矿石
appliedenergistics2:facade:0, 线缆伪装板 - 黄铜矿矿石
appliedenergistics2:facade:0, 线缆伪装板 - 地狱岩黄铜矿矿石
appliedenergistics2:facade:0, 线缆伪装板 - 末地石黄铜矿矿石
appliedenergistics2:facade:0, 线缆伪装板 - 沙子黄铜矿矿石
appliedenergistics2:facade:0, 线缆伪装板 - 红沙黄铜矿矿石
appliedenergistics2:facade:0, 线缆伪装板 - 花岗岩黄铜矿矿石
appliedenergistics2:facade:0, 线缆伪装板 - 闪长岩黄铜矿矿石
appliedenergistics2:facade:0, 线缆伪装板 - 安山岩黄铜矿矿石
appliedenergistics2:facade:0, 线缆伪装板 - 铬铁矿矿石
appliedenergistics2:facade:0, 线缆伪装板 - 地狱岩铬铁矿矿石
appliedenergistics2:facade:0, 线缆伪装板 - 末地石铬铁矿矿石
appliedenergistics2:facade:0, 线缆伪装板 - 沙子铬铁矿矿石
appliedenergistics2:facade:0, 线缆伪装板 - 红沙铬铁矿矿石
appliedenergistics2:facade:0, 线缆伪装板 - 花岗岩铬铁矿矿石
appliedenergistics2:facade:0, 线缆伪装板 - 闪长岩铬铁矿矿石
appliedenergistics2:facade:0, 线缆伪装板 - 安山岩铬铁矿矿石
appliedenergistics2:facade:0, 线缆伪装板 - 朱砂矿石
appliedenergistics2:facade:0, 线缆伪装板 - 地狱岩朱砂矿石
appliedenergistics2:facade:0, 线缆伪装板 - 末地石朱砂矿石
appliedenergistics2:facade:0, 线缆伪装板 - 沙子朱砂矿石
appliedenergistics2:facade:0, 线缆伪装板 - 红沙朱砂矿石
appliedenergistics2:facade:0, 线缆伪装板 - 花岗岩朱砂矿石
appliedenergistics2:facade:0, 线缆伪装板 - 闪长岩朱砂矿石
appliedenergistics2:facade:0, 线缆伪装板 - 安山岩朱砂矿石
appliedenergistics2:facade:0, 线缆伪装板 - 锆石矿石
appliedenergistics2:facade:0, 线缆伪装板 - 地狱岩锆石矿石
appliedenergistics2:facade:0, 线缆伪装板 - 末地石锆石矿石
appliedenergistics2:facade:0, 线缆伪装板 - 沙子锆石矿石
appliedenergistics2:facade:0, 线缆伪装板 - 红沙锆石矿石
appliedenergistics2:facade:0, 线缆伪装板 - 花岗岩锆石矿石
appliedenergistics2:facade:0, 线缆伪装板 - 闪长岩锆石矿石
appliedenergistics2:facade:0, 线缆伪装板 - 安山岩锆石矿石
appliedenergistics2:facade:0, 线缆伪装板 - 煤炭矿石
appliedenergistics2:facade:0, 线缆伪装板 - 地狱岩煤炭矿石
appliedenergistics2:facade:0, 线缆伪装板 - 末地石煤炭矿石
appliedenergistics2:facade:0, 线缆伪装板 - 沙子煤炭矿石
appliedenergistics2:facade:0, 线缆伪装板 - 红沙煤炭矿石
appliedenergistics2:facade:0, 线缆伪装板 - 花岗岩煤炭矿石
appliedenergistics2:facade:0, 线缆伪装板 - 闪长岩煤炭矿石
appliedenergistics2:facade:0, 线缆伪装板 - 安山岩煤炭矿石
appliedenergistics2:facade:0, 线缆伪装板 - 辉钴矿矿石
appliedenergistics2:facade:0, 线缆伪装板 - 地狱岩辉钴矿矿石
appliedenergistics2:facade:0, 线缆伪装板 - 末地石辉钴矿矿石
appliedenergistics2:facade:0, 线缆伪装板 - 沙子辉钴矿矿石
appliedenergistics2:facade:0, 线缆伪装板 - 红沙辉钴矿矿石
appliedenergistics2:facade:0, 线缆伪装板 - 花岗岩辉钴矿矿石
appliedenergistics2:facade:0, 线缆伪装板 - 闪长岩辉钴矿矿石
appliedenergistics2:facade:0, 线缆伪装板 - 安山岩辉钴矿矿石
appliedenergistics2:facade:0, 线缆伪装板 - 谢尔顿矿矿石
appliedenergistics2:facade:0, 线缆伪装板 - 地狱岩谢尔顿矿矿石
appliedenergistics2:facade:0, 线缆伪装板 - 末地石谢尔顿矿矿石
appliedenergistics2:facade:0, 线缆伪装板 - 沙子谢尔顿矿矿石
appliedenergistics2:facade:0, 线缆伪装板 - 红沙谢尔顿矿矿石
appliedenergistics2:facade:0, 线缆伪装板 - 花岗岩谢尔顿矿矿石
appliedenergistics2:facade:0, 线缆伪装板 - 闪长岩谢尔顿矿矿石
appliedenergistics2:facade:0, 线缆伪装板 - 安山岩谢尔顿矿矿石
appliedenergistics2:facade:0, 线缆伪装板 - 钻石矿石
appliedenergistics2:facade:0, 线缆伪装板 - 地狱岩钻石矿石
appliedenergistics2:facade:0, 线缆伪装板 - 末地石钻石矿石
appliedenergistics2:facade:0, 线缆伪装板 - 沙子钻石矿石
appliedenergistics2:facade:0, 线缆伪装板 - 红沙钻石矿石
appliedenergistics2:facade:0, 线缆伪装板 - 花岗岩钻石矿石
appliedenergistics2:facade:0, 线缆伪装板 - 闪长岩钻石矿石
appliedenergistics2:facade:0, 线缆伪装板 - 安山岩钻石矿石
appliedenergistics2:facade:0, 线缆伪装板 - 绿宝石矿石
appliedenergistics2:facade:0, 线缆伪装板 - 地狱岩绿宝石矿石
appliedenergistics2:facade:0, 线缆伪装板 - 末地石绿宝石矿石
appliedenergistics2:facade:0, 线缆伪装板 - 沙子绿宝石矿石
appliedenergistics2:facade:0, 线缆伪装板 - 红沙绿宝石矿石
appliedenergistics2:facade:0, 线缆伪装板 - 花岗岩绿宝石矿石
appliedenergistics2:facade:0, 线缆伪装板 - 闪长岩绿宝石矿石
appliedenergistics2:facade:0, 线缆伪装板 - 安山岩绿宝石矿石
appliedenergistics2:facade:0, 线缆伪装板 - 方铅矿矿石
appliedenergistics2:facade:0, 线缆伪装板 - 地狱岩方铅矿矿石
appliedenergistics2:facade:0, 线缆伪装板 - 末地石方铅矿矿石
appliedenergistics2:facade:0, 线缆伪装板 - 沙子方铅矿矿石
appliedenergistics2:facade:0, 线缆伪装板 - 红沙方铅矿矿石
appliedenergistics2:facade:0, 线缆伪装板 - 花岗岩方铅矿矿石
appliedenergistics2:facade:0, 线缆伪装板 - 闪长岩方铅矿矿石
appliedenergistics2:facade:0, 线缆伪装板 - 安山岩方铅矿矿石
appliedenergistics2:facade:0, 线缆伪装板 - 硅镁镍矿矿石
appliedenergistics2:facade:0, 线缆伪装板 - 地狱岩硅镁镍矿矿石
appliedenergistics2:facade:0, 线缆伪装板 - 末地石硅镁镍矿矿石
appliedenergistics2:facade:0, 线缆伪装板 - 沙子硅镁镍矿矿石
appliedenergistics2:facade:0, 线缆伪装板 - 红沙硅镁镍矿矿石
appliedenergistics2:facade:0, 线缆伪装板 - 花岗岩硅镁镍矿矿石
appliedenergistics2:facade:0, 线缆伪装板 - 闪长岩硅镁镍矿矿石
appliedenergistics2:facade:0, 线缆伪装板 - 安山岩硅镁镍矿矿石
appliedenergistics2:facade:0, 线缆伪装板 - 绿色蓝宝石矿石
appliedenergistics2:facade:0, 线缆伪装板 - 地狱岩绿色蓝宝石矿石
appliedenergistics2:facade:0, 线缆伪装板 - 末地石绿色蓝宝石矿石
appliedenergistics2:facade:0, 线缆伪装板 - 沙子绿色蓝宝石矿石
appliedenergistics2:facade:0, 线缆伪装板 - 红沙绿色蓝宝石矿石
appliedenergistics2:facade:0, 线缆伪装板 - 花岗岩绿色蓝宝石矿石
appliedenergistics2:facade:0, 线缆伪装板 - 闪长岩绿色蓝宝石矿石
appliedenergistics2:facade:0, 线缆伪装板 - 安山岩绿色蓝宝石矿石
appliedenergistics2:facade:0, 线缆伪装板 - 钙铝榴石矿石
appliedenergistics2:facade:0, 线缆伪装板 - 地狱岩钙铝榴石矿石
appliedenergistics2:facade:0, 线缆伪装板 - 末地石钙铝榴石矿石
appliedenergistics2:facade:0, 线缆伪装板 - 沙子钙铝榴石矿石
appliedenergistics2:facade:0, 线缆伪装板 - 红沙钙铝榴石矿石
appliedenergistics2:facade:0, 线缆伪装板 - 花岗岩钙铝榴石矿石
appliedenergistics2:facade:0, 线缆伪装板 - 闪长岩钙铝榴石矿石
appliedenergistics2:facade:0, 线缆伪装板 - 安山岩钙铝榴石矿石
appliedenergistics2:facade:0, 线缆伪装板 - 钛铁矿矿石
appliedenergistics2:facade:0, 线缆伪装板 - 地狱岩钛铁矿矿石
appliedenergistics2:facade:0, 线缆伪装板 - 末地石钛铁矿矿石
appliedenergistics2:facade:0, 线缆伪装板 - 沙子钛铁矿矿石
appliedenergistics2:facade:0, 线缆伪装板 - 红沙钛铁矿矿石
appliedenergistics2:facade:0, 线缆伪装板 - 花岗岩钛铁矿矿石
appliedenergistics2:facade:0, 线缆伪装板 - 闪长岩钛铁矿矿石
appliedenergistics2:facade:0, 线缆伪装板 - 安山岩钛铁矿矿石
appliedenergistics2:facade:0, 线缆伪装板 - 铝土矿矿石
appliedenergistics2:facade:0, 线缆伪装板 - 地狱岩铝土矿矿石
appliedenergistics2:facade:0, 线缆伪装板 - 末地石铝土矿矿石
appliedenergistics2:facade:0, 线缆伪装板 - 沙子铝土矿矿石
appliedenergistics2:facade:0, 线缆伪装板 - 红沙铝土矿矿石
appliedenergistics2:facade:0, 线缆伪装板 - 花岗岩铝土矿矿石
appliedenergistics2:facade:0, 线缆伪装板 - 闪长岩铝土矿矿石
appliedenergistics2:facade:0, 线缆伪装板 - 安山岩铝土矿矿石
appliedenergistics2:facade:0, 线缆伪装板 - 蓝金石矿石
appliedenergistics2:facade:0, 线缆伪装板 - 地狱岩蓝金石矿石
appliedenergistics2:facade:0, 线缆伪装板 - 末地石蓝金石矿石
appliedenergistics2:facade:0, 线缆伪装板 - 沙子蓝金石矿石
appliedenergistics2:facade:0, 线缆伪装板 - 红沙蓝金石矿石
appliedenergistics2:facade:0, 线缆伪装板 - 花岗岩蓝金石矿石
appliedenergistics2:facade:0, 线缆伪装板 - 闪长岩蓝金石矿石
appliedenergistics2:facade:0, 线缆伪装板 - 安山岩蓝金石矿石
appliedenergistics2:facade:0, 线缆伪装板 - 菱镁矿矿石
appliedenergistics2:facade:0, 线缆伪装板 - 地狱岩菱镁矿矿石
appliedenergistics2:facade:0, 线缆伪装板 - 末地石菱镁矿矿石
appliedenergistics2:facade:0, 线缆伪装板 - 沙子菱镁矿矿石
appliedenergistics2:facade:0, 线缆伪装板 - 红沙菱镁矿矿石
appliedenergistics2:facade:0, 线缆伪装板 - 花岗岩菱镁矿矿石
appliedenergistics2:facade:0, 线缆伪装板 - 闪长岩菱镁矿矿石
appliedenergistics2:facade:0, 线缆伪装板 - 安山岩菱镁矿矿石
appliedenergistics2:facade:0, 线缆伪装板 - 磁铁矿矿石
appliedenergistics2:facade:0, 线缆伪装板 - 地狱岩磁铁矿矿石
appliedenergistics2:facade:0, 线缆伪装板 - 末地石磁铁矿矿石
appliedenergistics2:facade:0, 线缆伪装板 - 沙子磁铁矿矿石
appliedenergistics2:facade:0, 线缆伪装板 - 红沙磁铁矿矿石
appliedenergistics2:facade:0, 线缆伪装板 - 花岗岩磁铁矿矿石
appliedenergistics2:facade:0, 线缆伪装板 - 闪长岩磁铁矿矿石
appliedenergistics2:facade:0, 线缆伪装板 - 安山岩磁铁矿矿石
appliedenergistics2:facade:0, 线缆伪装板 - 辉钼矿矿石
appliedenergistics2:facade:0, 线缆伪装板 - 地狱岩辉钼矿矿石
appliedenergistics2:facade:0, 线缆伪装板 - 末地石辉钼矿矿石
appliedenergistics2:facade:0, 线缆伪装板 - 沙子辉钼矿矿石
appliedenergistics2:facade:0, 线缆伪装板 - 红沙辉钼矿矿石
appliedenergistics2:facade:0, 线缆伪装板 - 花岗岩辉钼矿矿石
appliedenergistics2:facade:0, 线缆伪装板 - 闪长岩辉钼矿矿石
appliedenergistics2:facade:0, 线缆伪装板 - 安山岩辉钼矿矿石
appliedenergistics2:facade:0, 线缆伪装板 - 钼钙矿矿石
appliedenergistics2:facade:0, 线缆伪装板 - 地狱岩钼钙矿矿石
appliedenergistics2:facade:0, 线缆伪装板 - 末地石钼钙矿矿石
appliedenergistics2:facade:0, 线缆伪装板 - 沙子钼钙矿矿石
appliedenergistics2:facade:0, 线缆伪装板 - 红沙钼钙矿矿石
appliedenergistics2:facade:0, 线缆伪装板 - 花岗岩钼钙矿矿石
appliedenergistics2:facade:0, 线缆伪装板 - 闪长岩钼钙矿矿石
appliedenergistics2:facade:0, 线缆伪装板 - 安山岩钼钙矿矿石
appliedenergistics2:facade:0, 线缆伪装板 - 黄铁矿矿石
appliedenergistics2:facade:0, 线缆伪装板 - 地狱岩黄铁矿矿石
appliedenergistics2:facade:0, 线缆伪装板 - 末地石黄铁矿矿石
appliedenergistics2:facade:0, 线缆伪装板 - 沙子黄铁矿矿石
appliedenergistics2:facade:0, 线缆伪装板 - 红沙黄铁矿矿石
appliedenergistics2:facade:0, 线缆伪装板 - 花岗岩黄铁矿矿石
appliedenergistics2:facade:0, 线缆伪装板 - 闪长岩黄铁矿矿石
appliedenergistics2:facade:0, 线缆伪装板 - 安山岩黄铁矿矿石
appliedenergistics2:facade:0, 线缆伪装板 - 软锰矿矿石
appliedenergistics2:facade:0, 线缆伪装板 - 地狱岩软锰矿矿石
appliedenergistics2:facade:0, 线缆伪装板 - 末地石软锰矿矿石
appliedenergistics2:facade:0, 线缆伪装板 - 沙子软锰矿矿石
appliedenergistics2:facade:0, 线缆伪装板 - 红沙软锰矿矿石
appliedenergistics2:facade:0, 线缆伪装板 - 花岗岩软锰矿矿石
appliedenergistics2:facade:0, 线缆伪装板 - 闪长岩软锰矿矿石
appliedenergistics2:facade:0, 线缆伪装板 - 安山岩软锰矿矿石
appliedenergistics2:facade:0, 线缆伪装板 - 镁铝榴石矿石
appliedenergistics2:facade:0, 线缆伪装板 - 地狱岩镁铝榴石矿石
appliedenergistics2:facade:0, 线缆伪装板 - 末地石镁铝榴石矿石
appliedenergistics2:facade:0, 线缆伪装板 - 沙子镁铝榴石矿石
appliedenergistics2:facade:0, 线缆伪装板 - 红沙镁铝榴石矿石
appliedenergistics2:facade:0, 线缆伪装板 - 花岗岩镁铝榴石矿石
appliedenergistics2:facade:0, 线缆伪装板 - 闪长岩镁铝榴石矿石
appliedenergistics2:facade:0, 线缆伪装板 - 安山岩镁铝榴石矿石
appliedenergistics2:facade:0, 线缆伪装板 - 岩盐矿石
appliedenergistics2:facade:0, 线缆伪装板 - 地狱岩岩盐矿石
appliedenergistics2:facade:0, 线缆伪装板 - 末地石岩盐矿石
appliedenergistics2:facade:0, 线缆伪装板 - 沙子岩盐矿石
appliedenergistics2:facade:0, 线缆伪装板 - 红沙岩盐矿石
appliedenergistics2:facade:0, 线缆伪装板 - 花岗岩岩盐矿石
appliedenergistics2:facade:0, 线缆伪装板 - 闪长岩岩盐矿石
appliedenergistics2:facade:0, 线缆伪装板 - 安山岩岩盐矿石
appliedenergistics2:facade:0, 线缆伪装板 - 红宝石矿石
appliedenergistics2:facade:0, 线缆伪装板 - 地狱岩红宝石矿石
appliedenergistics2:facade:0, 线缆伪装板 - 末地石红宝石矿石
appliedenergistics2:facade:0, 线缆伪装板 - 沙子红宝石矿石
appliedenergistics2:facade:0, 线缆伪装板 - 红沙红宝石矿石
appliedenergistics2:facade:0, 线缆伪装板 - 花岗岩红宝石矿石
appliedenergistics2:facade:0, 线缆伪装板 - 闪长岩红宝石矿石
appliedenergistics2:facade:0, 线缆伪装板 - 安山岩红宝石矿石
appliedenergistics2:facade:0, 线缆伪装板 - 盐矿石
appliedenergistics2:facade:0, 线缆伪装板 - 地狱岩盐矿石
appliedenergistics2:facade:0, 线缆伪装板 - 末地石盐矿石
appliedenergistics2:facade:0, 线缆伪装板 - 沙子盐矿石
appliedenergistics2:facade:0, 线缆伪装板 - 红沙盐矿石
appliedenergistics2:facade:0, 线缆伪装板 - 花岗岩盐矿石
appliedenergistics2:facade:0, 线缆伪装板 - 闪长岩盐矿石
appliedenergistics2:facade:0, 线缆伪装板 - 安山岩盐矿石
appliedenergistics2:facade:0, 线缆伪装板 - 硝石矿石
appliedenergistics2:facade:0, 线缆伪装板 - 地狱岩硝石矿石
appliedenergistics2:facade:0, 线缆伪装板 - 末地石硝石矿石
appliedenergistics2:facade:0, 线缆伪装板 - 沙子硝石矿石
appliedenergistics2:facade:0, 线缆伪装板 - 红沙硝石矿石
appliedenergistics2:facade:0, 线缆伪装板 - 花岗岩硝石矿石
appliedenergistics2:facade:0, 线缆伪装板 - 闪长岩硝石矿石
appliedenergistics2:facade:0, 线缆伪装板 - 安山岩硝石矿石
appliedenergistics2:facade:0, 线缆伪装板 - 蓝宝石矿石
appliedenergistics2:facade:0, 线缆伪装板 - 地狱岩蓝宝石矿石
appliedenergistics2:facade:0, 线缆伪装板 - 末地石蓝宝石矿石
appliedenergistics2:facade:0, 线缆伪装板 - 沙子蓝宝石矿石
appliedenergistics2:facade:0, 线缆伪装板 - 红沙蓝宝石矿石
appliedenergistics2:facade:0, 线缆伪装板 - 花岗岩蓝宝石矿石
appliedenergistics2:facade:0, 线缆伪装板 - 闪长岩蓝宝石矿石
appliedenergistics2:facade:0, 线缆伪装板 - 安山岩蓝宝石矿石
appliedenergistics2:facade:0, 线缆伪装板 - 白钨矿矿石
appliedenergistics2:facade:0, 线缆伪装板 - 地狱岩白钨矿矿石
appliedenergistics2:facade:0, 线缆伪装板 - 末地石白钨矿矿石
appliedenergistics2:facade:0, 线缆伪装板 - 沙子白钨矿矿石
appliedenergistics2:facade:0, 线缆伪装板 - 红沙白钨矿矿石
appliedenergistics2:facade:0, 线缆伪装板 - 花岗岩白钨矿矿石
appliedenergistics2:facade:0, 线缆伪装板 - 闪长岩白钨矿矿石
appliedenergistics2:facade:0, 线缆伪装板 - 安山岩白钨矿矿石
appliedenergistics2:facade:0, 线缆伪装板 - 方钠石矿石
appliedenergistics2:facade:0, 线缆伪装板 - 地狱岩方钠石矿石
appliedenergistics2:facade:0, 线缆伪装板 - 末地石方钠石矿石
appliedenergistics2:facade:0, 线缆伪装板 - 沙子方钠石矿石
appliedenergistics2:facade:0, 线缆伪装板 - 红沙方钠石矿石
appliedenergistics2:facade:0, 线缆伪装板 - 花岗岩方钠石矿石
appliedenergistics2:facade:0, 线缆伪装板 - 闪长岩方钠石矿石
appliedenergistics2:facade:0, 线缆伪装板 - 安山岩方钠石矿石
appliedenergistics2:facade:0, 线缆伪装板 - 钽铁矿矿石
appliedenergistics2:facade:0, 线缆伪装板 - 地狱岩钽铁矿矿石
appliedenergistics2:facade:0, 线缆伪装板 - 末地石钽铁矿矿石
appliedenergistics2:facade:0, 线缆伪装板 - 沙子钽铁矿矿石
appliedenergistics2:facade:0, 线缆伪装板 - 红沙钽铁矿矿石
appliedenergistics2:facade:0, 线缆伪装板 - 花岗岩钽铁矿矿石
appliedenergistics2:facade:0, 线缆伪装板 - 闪长岩钽铁矿矿石
appliedenergistics2:facade:0, 线缆伪装板 - 安山岩钽铁矿矿石
appliedenergistics2:facade:0, 线缆伪装板 - 锰铝榴石矿石
appliedenergistics2:facade:0, 线缆伪装板 - 地狱岩锰铝榴石矿石
appliedenergistics2:facade:0, 线缆伪装板 - 末地石锰铝榴石矿石
appliedenergistics2:facade:0, 线缆伪装板 - 沙子锰铝榴石矿石
appliedenergistics2:facade:0, 线缆伪装板 - 红沙锰铝榴石矿石
appliedenergistics2:facade:0, 线缆伪装板 - 花岗岩锰铝榴石矿石
appliedenergistics2:facade:0, 线缆伪装板 - 闪长岩锰铝榴石矿石
appliedenergistics2:facade:0, 线缆伪装板 - 安山岩锰铝榴石矿石
appliedenergistics2:facade:0, 线缆伪装板 - 闪锌矿矿石
appliedenergistics2:facade:0, 线缆伪装板 - 地狱岩闪锌矿矿石
appliedenergistics2:facade:0, 线缆伪装板 - 末地石闪锌矿矿石
appliedenergistics2:facade:0, 线缆伪装板 - 沙子闪锌矿矿石
appliedenergistics2:facade:0, 线缆伪装板 - 红沙闪锌矿矿石
appliedenergistics2:facade:0, 线缆伪装板 - 花岗岩闪锌矿矿石
appliedenergistics2:facade:0, 线缆伪装板 - 闪长岩闪锌矿矿石
appliedenergistics2:facade:0, 线缆伪装板 - 安山岩闪锌矿矿石
appliedenergistics2:facade:0, 线缆伪装板 - 辉锑矿矿石
appliedenergistics2:facade:0, 线缆伪装板 - 地狱岩辉锑矿矿石
appliedenergistics2:facade:0, 线缆伪装板 - 末地石辉锑矿矿石
appliedenergistics2:facade:0, 线缆伪装板 - 沙子辉锑矿矿石
appliedenergistics2:facade:0, 线缆伪装板 - 红沙辉锑矿矿石
appliedenergistics2:facade:0, 线缆伪装板 - 花岗岩辉锑矿矿石
appliedenergistics2:facade:0, 线缆伪装板 - 闪长岩辉锑矿矿石
appliedenergistics2:facade:0, 线缆伪装板 - 安山岩辉锑矿矿石
appliedenergistics2:facade:0, 线缆伪装板 - 黝铜矿矿石
appliedenergistics2:facade:0, 线缆伪装板 - 地狱岩黝铜矿矿石
appliedenergistics2:facade:0, 线缆伪装板 - 末地石黝铜矿矿石
appliedenergistics2:facade:0, 线缆伪装板 - 沙子黝铜矿矿石
appliedenergistics2:facade:0, 线缆伪装板 - 红沙黝铜矿矿石
appliedenergistics2:facade:0, 线缆伪装板 - 花岗岩黝铜矿矿石
appliedenergistics2:facade:0, 线缆伪装板 - 闪长岩黝铜矿矿石
appliedenergistics2:facade:0, 线缆伪装板 - 安山岩黝铜矿矿石
appliedenergistics2:facade:0, 线缆伪装板 - 黄玉矿石
appliedenergistics2:facade:0, 线缆伪装板 - 地狱岩黄玉矿石
appliedenergistics2:facade:0, 线缆伪装板 - 末地石黄玉矿石
appliedenergistics2:facade:0, 线缆伪装板 - 沙子黄玉矿石
appliedenergistics2:facade:0, 线缆伪装板 - 红沙黄玉矿石
appliedenergistics2:facade:0, 线缆伪装板 - 花岗岩黄玉矿石
appliedenergistics2:facade:0, 线缆伪装板 - 闪长岩黄玉矿石
appliedenergistics2:facade:0, 线缆伪装板 - 安山岩黄玉矿石
appliedenergistics2:facade:0, 线缆伪装板 - 钨酸锂矿石
appliedenergistics2:facade:0, 线缆伪装板 - 地狱岩钨酸锂矿石
appliedenergistics2:facade:0, 线缆伪装板 - 末地石钨酸锂矿石
appliedenergistics2:facade:0, 线缆伪装板 - 沙子钨酸锂矿石
appliedenergistics2:facade:0, 线缆伪装板 - 红沙钨酸锂矿石
appliedenergistics2:facade:0, 线缆伪装板 - 花岗岩钨酸锂矿石
appliedenergistics2:facade:0, 线缆伪装板 - 闪长岩钨酸锂矿石
appliedenergistics2:facade:0, 线缆伪装板 - 安山岩钨酸锂矿石
appliedenergistics2:facade:0, 线缆伪装板 - 晶质铀矿矿石
appliedenergistics2:facade:0, 线缆伪装板 - 地狱岩晶质铀矿矿石
appliedenergistics2:facade:0, 线缆伪装板 - 末地石晶质铀矿矿石
appliedenergistics2:facade:0, 线缆伪装板 - 沙子晶质铀矿矿石
appliedenergistics2:facade:0, 线缆伪装板 - 红沙晶质铀矿矿石
appliedenergistics2:facade:0, 线缆伪装板 - 花岗岩晶质铀矿矿石
appliedenergistics2:facade:0, 线缆伪装板 - 闪长岩晶质铀矿矿石
appliedenergistics2:facade:0, 线缆伪装板 - 安山岩晶质铀矿矿石
appliedenergistics2:facade:0, 线缆伪装板 - 钼铅矿矿石
appliedenergistics2:facade:0, 线缆伪装板 - 地狱岩钼铅矿矿石
appliedenergistics2:facade:0, 线缆伪装板 - 末地石钼铅矿矿石
appliedenergistics2:facade:0, 线缆伪装板 - 沙子钼铅矿矿石
appliedenergistics2:facade:0, 线缆伪装板 - 红沙钼铅矿矿石
appliedenergistics2:facade:0, 线缆伪装板 - 花岗岩钼铅矿矿石
appliedenergistics2:facade:0, 线缆伪装板 - 闪长岩钼铅矿矿石
appliedenergistics2:facade:0, 线缆伪装板 - 安山岩钼铅矿矿石
appliedenergistics2:facade:0, 线缆伪装板 - 黄褐铁矿矿石
appliedenergistics2:facade:0, 线缆伪装板 - 地狱岩黄褐铁矿矿石
appliedenergistics2:facade:0, 线缆伪装板 - 末地石黄褐铁矿矿石
appliedenergistics2:facade:0, 线缆伪装板 - 沙子黄褐铁矿矿石
appliedenergistics2:facade:0, 线缆伪装板 - 红沙黄褐铁矿矿石
appliedenergistics2:facade:0, 线缆伪装板 - 花岗岩黄褐铁矿矿石
appliedenergistics2:facade:0, 线缆伪装板 - 闪长岩黄褐铁矿矿石
appliedenergistics2:facade:0, 线缆伪装板 - 安山岩黄褐铁矿矿石
appliedenergistics2:facade:0, 线缆伪装板 - 下界石英矿石
appliedenergistics2:facade:0, 线缆伪装板 - 下界石英矿石
appliedenergistics2:facade:0, 线缆伪装板 - 末地石下界石英矿石
appliedenergistics2:facade:0, 线缆伪装板 - 沙子下界石英矿石
appliedenergistics2:facade:0, 线缆伪装板 - 红沙下界石英矿石
appliedenergistics2:facade:0, 线缆伪装板 - 花岗岩下界石英矿石
appliedenergistics2:facade:0, 线缆伪装板 - 闪长岩下界石英矿石
appliedenergistics2:facade:0, 线缆伪装板 - 安山岩下界石英矿石
appliedenergistics2:facade:0, 线缆伪装板 - 石英岩矿石
appliedenergistics2:facade:0, 线缆伪装板 - 地狱岩石英岩矿石
appliedenergistics2:facade:0, 线缆伪装板 - 末地石石英岩矿石
appliedenergistics2:facade:0, 线缆伪装板 - 沙子石英岩矿石
appliedenergistics2:facade:0, 线缆伪装板 - 红沙石英岩矿石
appliedenergistics2:facade:0, 线缆伪装板 - 花岗岩石英岩矿石
appliedenergistics2:facade:0, 线缆伪装板 - 闪长岩石英岩矿石
appliedenergistics2:facade:0, 线缆伪装板 - 安山岩石英岩矿石
appliedenergistics2:facade:0, 线缆伪装板 - 石墨矿石
appliedenergistics2:facade:0, 线缆伪装板 - 地狱岩石墨矿石
appliedenergistics2:facade:0, 线缆伪装板 - 末地石石墨矿石
appliedenergistics2:facade:0, 线缆伪装板 - 沙子石墨矿石
appliedenergistics2:facade:0, 线缆伪装板 - 红沙石墨矿石
appliedenergistics2:facade:0, 线缆伪装板 - 花岗岩石墨矿石
appliedenergistics2:facade:0, 线缆伪装板 - 闪长岩石墨矿石
appliedenergistics2:facade:0, 线缆伪装板 - 安山岩石墨矿石
appliedenergistics2:facade:0, 线缆伪装板 - 斑铜矿矿石
appliedenergistics2:facade:0, 线缆伪装板 - 地狱岩斑铜矿矿石
appliedenergistics2:facade:0, 线缆伪装板 - 末地石斑铜矿矿石
appliedenergistics2:facade:0, 线缆伪装板 - 沙子斑铜矿矿石
appliedenergistics2:facade:0, 线缆伪装板 - 红沙斑铜矿矿石
appliedenergistics2:facade:0, 线缆伪装板 - 花岗岩斑铜矿矿石
appliedenergistics2:facade:0, 线缆伪装板 - 闪长岩斑铜矿矿石
appliedenergistics2:facade:0, 线缆伪装板 - 安山岩斑铜矿矿石
appliedenergistics2:facade:0, 线缆伪装板 - 辉铜矿矿石
appliedenergistics2:facade:0, 线缆伪装板 - 地狱岩辉铜矿矿石
appliedenergistics2:facade:0, 线缆伪装板 - 末地石辉铜矿矿石
appliedenergistics2:facade:0, 线缆伪装板 - 沙子辉铜矿矿石
appliedenergistics2:facade:0, 线缆伪装板 - 红沙辉铜矿矿石
appliedenergistics2:facade:0, 线缆伪装板 - 花岗岩辉铜矿矿石
appliedenergistics2:facade:0, 线缆伪装板 - 闪长岩辉铜矿矿石
appliedenergistics2:facade:0, 线缆伪装板 - 安山岩辉铜矿矿石
appliedenergistics2:facade:0, 线缆伪装板 - 雄黄矿石
appliedenergistics2:facade:0, 线缆伪装板 - 地狱岩雄黄矿石
appliedenergistics2:facade:0, 线缆伪装板 - 末地石雄黄矿石
appliedenergistics2:facade:0, 线缆伪装板 - 沙子雄黄矿石
appliedenergistics2:facade:0, 线缆伪装板 - 红沙雄黄矿石
appliedenergistics2:facade:0, 线缆伪装板 - 花岗岩雄黄矿石
appliedenergistics2:facade:0, 线缆伪装板 - 闪长岩雄黄矿石
appliedenergistics2:facade:0, 线缆伪装板 - 安山岩雄黄矿石
appliedenergistics2:facade:0, 线缆伪装板 - 氟碳镧铈矿矿石
appliedenergistics2:facade:0, 线缆伪装板 - 地狱岩氟碳镧铈矿矿石
appliedenergistics2:facade:0, 线缆伪装板 - 末地石氟碳镧铈矿矿石
appliedenergistics2:facade:0, 线缆伪装板 - 沙子氟碳镧铈矿矿石
appliedenergistics2:facade:0, 线缆伪装板 - 红沙氟碳镧铈矿矿石
appliedenergistics2:facade:0, 线缆伪装板 - 花岗岩氟碳镧铈矿矿石
appliedenergistics2:facade:0, 线缆伪装板 - 闪长岩氟碳镧铈矿矿石
appliedenergistics2:facade:0, 线缆伪装板 - 安山岩氟碳镧铈矿矿石
appliedenergistics2:facade:0, 线缆伪装板 - 镍黄铁矿矿石
appliedenergistics2:facade:0, 线缆伪装板 - 地狱岩镍黄铁矿矿石
appliedenergistics2:facade:0, 线缆伪装板 - 末地石镍黄铁矿矿石
appliedenergistics2:facade:0, 线缆伪装板 - 沙子镍黄铁矿矿石
appliedenergistics2:facade:0, 线缆伪装板 - 红沙镍黄铁矿矿石
appliedenergistics2:facade:0, 线缆伪装板 - 花岗岩镍黄铁矿矿石
appliedenergistics2:facade:0, 线缆伪装板 - 闪长岩镍黄铁矿矿石
appliedenergistics2:facade:0, 线缆伪装板 - 安山岩镍黄铁矿矿石
appliedenergistics2:facade:0, 线缆伪装板 - 锂辉石矿石
appliedenergistics2:facade:0, 线缆伪装板 - 地狱岩锂辉石矿石
appliedenergistics2:facade:0, 线缆伪装板 - 末地石锂辉石矿石
appliedenergistics2:facade:0, 线缆伪装板 - 沙子锂辉石矿石
appliedenergistics2:facade:0, 线缆伪装板 - 红沙锂辉石矿石
appliedenergistics2:facade:0, 线缆伪装板 - 花岗岩锂辉石矿石
appliedenergistics2:facade:0, 线缆伪装板 - 闪长岩锂辉石矿石
appliedenergistics2:facade:0, 线缆伪装板 - 安山岩锂辉石矿石
appliedenergistics2:facade:0, 线缆伪装板 - 锂云母矿石
appliedenergistics2:facade:0, 线缆伪装板 - 地狱岩锂云母矿石
appliedenergistics2:facade:0, 线缆伪装板 - 末地石锂云母矿石
appliedenergistics2:facade:0, 线缆伪装板 - 沙子锂云母矿石
appliedenergistics2:facade:0, 线缆伪装板 - 红沙锂云母矿石
appliedenergistics2:facade:0, 线缆伪装板 - 花岗岩锂云母矿石
appliedenergistics2:facade:0, 线缆伪装板 - 闪长岩锂云母矿石
appliedenergistics2:facade:0, 线缆伪装板 - 安山岩锂云母矿石
appliedenergistics2:facade:0, 线缆伪装板 - 海绿石矿砂矿石
appliedenergistics2:facade:0, 线缆伪装板 - 地狱岩海绿石矿砂矿石
appliedenergistics2:facade:0, 线缆伪装板 - 末地石海绿石矿砂矿石
appliedenergistics2:facade:0, 线缆伪装板 - 沙子海绿石矿砂矿石
appliedenergistics2:facade:0, 线缆伪装板 - 红沙海绿石矿砂矿石
appliedenergistics2:facade:0, 线缆伪装板 - 花岗岩海绿石矿砂矿石
appliedenergistics2:facade:0, 线缆伪装板 - 闪长岩海绿石矿砂矿石
appliedenergistics2:facade:0, 线缆伪装板 - 安山岩海绿石矿砂矿石
appliedenergistics2:facade:0, 线缆伪装板 - 孔雀石矿石
appliedenergistics2:facade:0, 线缆伪装板 - 地狱岩孔雀石矿石
appliedenergistics2:facade:0, 线缆伪装板 - 末地石孔雀石矿石
appliedenergistics2:facade:0, 线缆伪装板 - 沙子孔雀石矿石
appliedenergistics2:facade:0, 线缆伪装板 - 红沙孔雀石矿石
appliedenergistics2:facade:0, 线缆伪装板 - 花岗岩孔雀石矿石
appliedenergistics2:facade:0, 线缆伪装板 - 闪长岩孔雀石矿石
appliedenergistics2:facade:0, 线缆伪装板 - 安山岩孔雀石矿石
appliedenergistics2:facade:0, 线缆伪装板 - 云母矿石
appliedenergistics2:facade:0, 线缆伪装板 - 地狱岩云母矿石
appliedenergistics2:facade:0, 线缆伪装板 - 末地石云母矿石
appliedenergistics2:facade:0, 线缆伪装板 - 沙子云母矿石
appliedenergistics2:facade:0, 线缆伪装板 - 红沙云母矿石
appliedenergistics2:facade:0, 线缆伪装板 - 花岗岩云母矿石
appliedenergistics2:facade:0, 线缆伪装板 - 闪长岩云母矿石
appliedenergistics2:facade:0, 线缆伪装板 - 安山岩云母矿石
appliedenergistics2:facade:0, 线缆伪装板 - 重晶石矿石
appliedenergistics2:facade:0, 线缆伪装板 - 地狱岩重晶石矿石
appliedenergistics2:facade:0, 线缆伪装板 - 末地石重晶石矿石
appliedenergistics2:facade:0, 线缆伪装板 - 沙子重晶石矿石
appliedenergistics2:facade:0, 线缆伪装板 - 红沙重晶石矿石
appliedenergistics2:facade:0, 线缆伪装板 - 花岗岩重晶石矿石
appliedenergistics2:facade:0, 线缆伪装板 - 闪长岩重晶石矿石
appliedenergistics2:facade:0, 线缆伪装板 - 安山岩重晶石矿石
appliedenergistics2:facade:0, 线缆伪装板 - 明矾石矿石
appliedenergistics2:facade:0, 线缆伪装板 - 地狱岩明矾石矿石
appliedenergistics2:facade:0, 线缆伪装板 - 末地石明矾石矿石
appliedenergistics2:facade:0, 线缆伪装板 - 沙子明矾石矿石
appliedenergistics2:facade:0, 线缆伪装板 - 红沙明矾石矿石
appliedenergistics2:facade:0, 线缆伪装板 - 花岗岩明矾石矿石
appliedenergistics2:facade:0, 线缆伪装板 - 闪长岩明矾石矿石
appliedenergistics2:facade:0, 线缆伪装板 - 安山岩明矾石矿石
appliedenergistics2:facade:0, 线缆伪装板 - 滑石矿石
appliedenergistics2:facade:0, 线缆伪装板 - 地狱岩滑石矿石
appliedenergistics2:facade:0, 线缆伪装板 - 末地石滑石矿石
appliedenergistics2:facade:0, 线缆伪装板 - 沙子滑石矿石
appliedenergistics2:facade:0, 线缆伪装板 - 红沙滑石矿石
appliedenergistics2:facade:0, 线缆伪装板 - 花岗岩滑石矿石
appliedenergistics2:facade:0, 线缆伪装板 - 闪长岩滑石矿石
appliedenergistics2:facade:0, 线缆伪装板 - 安山岩滑石矿石
appliedenergistics2:facade:0, 线缆伪装板 - 皂石矿石
appliedenergistics2:facade:0, 线缆伪装板 - 地狱岩皂石矿石
appliedenergistics2:facade:0, 线缆伪装板 - 末地石皂石矿石
appliedenergistics2:facade:0, 线缆伪装板 - 沙子皂石矿石
appliedenergistics2:facade:0, 线缆伪装板 - 红沙皂石矿石
appliedenergistics2:facade:0, 线缆伪装板 - 花岗岩皂石矿石
appliedenergistics2:facade:0, 线缆伪装板 - 闪长岩皂石矿石
appliedenergistics2:facade:0, 线缆伪装板 - 安山岩皂石矿石
appliedenergistics2:facade:0, 线缆伪装板 - 蓝晶石矿石
appliedenergistics2:facade:0, 线缆伪装板 - 地狱岩蓝晶石矿石
appliedenergistics2:facade:0, 线缆伪装板 - 末地石蓝晶石矿石
appliedenergistics2:facade:0, 线缆伪装板 - 沙子蓝晶石矿石
appliedenergistics2:facade:0, 线缆伪装板 - 红沙蓝晶石矿石
appliedenergistics2:facade:0, 线缆伪装板 - 花岗岩蓝晶石矿石
appliedenergistics2:facade:0, 线缆伪装板 - 闪长岩蓝晶石矿石
appliedenergistics2:facade:0, 线缆伪装板 - 安山岩蓝晶石矿石
appliedenergistics2:facade:0, 线缆伪装板 - 烧绿石矿石
appliedenergistics2:facade:0, 线缆伪装板 - 地狱岩烧绿石矿石
appliedenergistics2:facade:0, 线缆伪装板 - 末地石烧绿石矿石
appliedenergistics2:facade:0, 线缆伪装板 - 沙子烧绿石矿石
appliedenergistics2:facade:0, 线缆伪装板 - 红沙烧绿石矿石
appliedenergistics2:facade:0, 线缆伪装板 - 花岗岩烧绿石矿石
appliedenergistics2:facade:0, 线缆伪装板 - 闪长岩烧绿石矿石
appliedenergistics2:facade:0, 线缆伪装板 - 安山岩烧绿石矿石
appliedenergistics2:facade:0, 线缆伪装板 - 油砂矿石
appliedenergistics2:facade:0, 线缆伪装板 - 地狱岩油砂矿石
appliedenergistics2:facade:0, 线缆伪装板 - 末地石油砂矿石
appliedenergistics2:facade:0, 线缆伪装板 - 沙子油砂矿石
appliedenergistics2:facade:0, 线缆伪装板 - 红沙油砂矿石
appliedenergistics2:facade:0, 线缆伪装板 - 花岗岩油砂矿石
appliedenergistics2:facade:0, 线缆伪装板 - 闪长岩油砂矿石
appliedenergistics2:facade:0, 线缆伪装板 - 安山岩油砂矿石
appliedenergistics2:facade:0, 线缆伪装板 - 荧石矿石
appliedenergistics2:facade:0, 线缆伪装板 - 地狱岩荧石矿石
appliedenergistics2:facade:0, 线缆伪装板 - 末地石荧石矿石
appliedenergistics2:facade:0, 线缆伪装板 - 沙子荧石矿石
appliedenergistics2:facade:0, 线缆伪装板 - 红沙荧石矿石
appliedenergistics2:facade:0, 线缆伪装板 - 花岗岩荧石矿石
appliedenergistics2:facade:0, 线缆伪装板 - 闪长岩荧石矿石
appliedenergistics2:facade:0, 线缆伪装板 - 安山岩荧石矿石
appliedenergistics2:facade:0, 线缆伪装板 - 橄榄石矿石
appliedenergistics2:facade:0, 线缆伪装板 - 地狱岩橄榄石矿石
appliedenergistics2:facade:0, 线缆伪装板 - 末地石橄榄石矿石
appliedenergistics2:facade:0, 线缆伪装板 - 沙子橄榄石矿石
appliedenergistics2:facade:0, 线缆伪装板 - 红沙橄榄石矿石
appliedenergistics2:facade:0, 线缆伪装板 - 花岗岩橄榄石矿石
appliedenergistics2:facade:0, 线缆伪装板 - 闪长岩橄榄石矿石
appliedenergistics2:facade:0, 线缆伪装板 - 安山岩橄榄石矿石
appliedenergistics2:facade:0, 线缆伪装板 - 猫眼石矿石
appliedenergistics2:facade:0, 线缆伪装板 - 地狱岩猫眼石矿石
appliedenergistics2:facade:0, 线缆伪装板 - 末地石猫眼石矿石
appliedenergistics2:facade:0, 线缆伪装板 - 沙子猫眼石矿石
appliedenergistics2:facade:0, 线缆伪装板 - 红沙猫眼石矿石
appliedenergistics2:facade:0, 线缆伪装板 - 花岗岩猫眼石矿石
appliedenergistics2:facade:0, 线缆伪装板 - 闪长岩猫眼石矿石
appliedenergistics2:facade:0, 线缆伪装板 - 安山岩猫眼石矿石
appliedenergistics2:facade:0, 线缆伪装板 - 紫水晶矿石
appliedenergistics2:facade:0, 线缆伪装板 - 地狱岩紫水晶矿石
appliedenergistics2:facade:0, 线缆伪装板 - 末地石紫水晶矿石
appliedenergistics2:facade:0, 线缆伪装板 - 沙子紫水晶矿石
appliedenergistics2:facade:0, 线缆伪装板 - 红沙紫水晶矿石
appliedenergistics2:facade:0, 线缆伪装板 - 花岗岩紫水晶矿石
appliedenergistics2:facade:0, 线缆伪装板 - 闪长岩紫水晶矿石
appliedenergistics2:facade:0, 线缆伪装板 - 安山岩紫水晶矿石
appliedenergistics2:facade:0, 线缆伪装板 - 青金石矿石
appliedenergistics2:facade:0, 线缆伪装板 - 地狱岩青金石矿石
appliedenergistics2:facade:0, 线缆伪装板 - 末地石青金石矿石
appliedenergistics2:facade:0, 线缆伪装板 - 沙子青金石矿石
appliedenergistics2:facade:0, 线缆伪装板 - 红沙青金石矿石
appliedenergistics2:facade:0, 线缆伪装板 - 花岗岩青金石矿石
appliedenergistics2:facade:0, 线缆伪装板 - 闪长岩青金石矿石
appliedenergistics2:facade:0, 线缆伪装板 - 安山岩青金石矿石
appliedenergistics2:facade:0, 线缆伪装板 - 磷灰石矿石
appliedenergistics2:facade:0, 线缆伪装板 - 地狱岩磷灰石矿石
appliedenergistics2:facade:0, 线缆伪装板 - 末地石磷灰石矿石
appliedenergistics2:facade:0, 线缆伪装板 - 沙子磷灰石矿石
appliedenergistics2:facade:0, 线缆伪装板 - 红沙磷灰石矿石
appliedenergistics2:facade:0, 线缆伪装板 - 花岗岩磷灰石矿石
appliedenergistics2:facade:0, 线缆伪装板 - 闪长岩磷灰石矿石
appliedenergistics2:facade:0, 线缆伪装板 - 安山岩磷灰石矿石
appliedenergistics2:facade:0, 线缆伪装板 - 磷酸三钙矿石
appliedenergistics2:facade:0, 线缆伪装板 - 地狱岩磷酸三钙矿石
appliedenergistics2:facade:0, 线缆伪装板 - 末地石磷酸三钙矿石
appliedenergistics2:facade:0, 线缆伪装板 - 沙子磷酸三钙矿石
appliedenergistics2:facade:0, 线缆伪装板 - 红沙磷酸三钙矿石
appliedenergistics2:facade:0, 线缆伪装板 - 花岗岩磷酸三钙矿石
appliedenergistics2:facade:0, 线缆伪装板 - 闪长岩磷酸三钙矿石
appliedenergistics2:facade:0, 线缆伪装板 - 安山岩磷酸三钙矿石
appliedenergistics2:facade:0, 线缆伪装板 - 红石榴石矿石
appliedenergistics2:facade:0, 线缆伪装板 - 地狱岩红石榴石矿石
appliedenergistics2:facade:0, 线缆伪装板 - 末地石红石榴石矿石
appliedenergistics2:facade:0, 线缆伪装板 - 沙子红石榴石矿石
appliedenergistics2:facade:0, 线缆伪装板 - 红沙红石榴石矿石
appliedenergistics2:facade:0, 线缆伪装板 - 花岗岩红石榴石矿石
appliedenergistics2:facade:0, 线缆伪装板 - 闪长岩红石榴石矿石
appliedenergistics2:facade:0, 线缆伪装板 - 安山岩红石榴石矿石
appliedenergistics2:facade:0, 线缆伪装板 - 黄石榴石矿石
appliedenergistics2:facade:0, 线缆伪装板 - 地狱岩黄石榴石矿石
appliedenergistics2:facade:0, 线缆伪装板 - 末地石黄石榴石矿石
appliedenergistics2:facade:0, 线缆伪装板 - 沙子黄石榴石矿石
appliedenergistics2:facade:0, 线缆伪装板 - 红沙黄石榴石矿石
appliedenergistics2:facade:0, 线缆伪装板 - 花岗岩黄石榴石矿石
appliedenergistics2:facade:0, 线缆伪装板 - 闪长岩黄石榴石矿石
appliedenergistics2:facade:0, 线缆伪装板 - 安山岩黄石榴石矿石
appliedenergistics2:facade:0, 线缆伪装板 - 钒磁铁矿矿石
appliedenergistics2:facade:0, 线缆伪装板 - 地狱岩钒磁铁矿矿石
appliedenergistics2:facade:0, 线缆伪装板 - 末地石钒磁铁矿矿石
appliedenergistics2:facade:0, 线缆伪装板 - 沙子钒磁铁矿矿石
appliedenergistics2:facade:0, 线缆伪装板 - 红沙钒磁铁矿矿石
appliedenergistics2:facade:0, 线缆伪装板 - 花岗岩钒磁铁矿矿石
appliedenergistics2:facade:0, 线缆伪装板 - 闪长岩钒磁铁矿矿石
appliedenergistics2:facade:0, 线缆伪装板 - 安山岩钒磁铁矿矿石
appliedenergistics2:facade:0, 线缆伪装板 - 铯榴石矿石
appliedenergistics2:facade:0, 线缆伪装板 - 地狱岩铯榴石矿石
appliedenergistics2:facade:0, 线缆伪装板 - 末地石铯榴石矿石
appliedenergistics2:facade:0, 线缆伪装板 - 沙子铯榴石矿石
appliedenergistics2:facade:0, 线缆伪装板 - 红沙铯榴石矿石
appliedenergistics2:facade:0, 线缆伪装板 - 花岗岩铯榴石矿石
appliedenergistics2:facade:0, 线缆伪装板 - 闪长岩铯榴石矿石
appliedenergistics2:facade:0, 线缆伪装板 - 安山岩铯榴石矿石
appliedenergistics2:facade:0, 线缆伪装板 - 膨润土矿石
appliedenergistics2:facade:0, 线缆伪装板 - 地狱岩膨润土矿石
appliedenergistics2:facade:0, 线缆伪装板 - 末地石膨润土矿石
appliedenergistics2:facade:0, 线缆伪装板 - 沙子膨润土矿石
appliedenergistics2:facade:0, 线缆伪装板 - 红沙膨润土矿石
appliedenergistics2:facade:0, 线缆伪装板 - 花岗岩膨润土矿石
appliedenergistics2:facade:0, 线缆伪装板 - 闪长岩膨润土矿石
appliedenergistics2:facade:0, 线缆伪装板 - 安山岩膨润土矿石
appliedenergistics2:facade:0, 线缆伪装板 - 漂白土矿石
appliedenergistics2:facade:0, 线缆伪装板 - 地狱岩漂白土矿石
appliedenergistics2:facade:0, 线缆伪装板 - 末地石漂白土矿石
appliedenergistics2:facade:0, 线缆伪装板 - 沙子漂白土矿石
appliedenergistics2:facade:0, 线缆伪装板 - 红沙漂白土矿石
appliedenergistics2:facade:0, 线缆伪装板 - 花岗岩漂白土矿石
appliedenergistics2:facade:0, 线缆伪装板 - 闪长岩漂白土矿石
appliedenergistics2:facade:0, 线缆伪装板 - 安山岩漂白土矿石
appliedenergistics2:facade:0, 线缆伪装板 - 沥青铀矿矿石
appliedenergistics2:facade:0, 线缆伪装板 - 地狱岩沥青铀矿矿石
appliedenergistics2:facade:0, 线缆伪装板 - 末地石沥青铀矿矿石
appliedenergistics2:facade:0, 线缆伪装板 - 沙子沥青铀矿矿石
appliedenergistics2:facade:0, 线缆伪装板 - 红沙沥青铀矿矿石
appliedenergistics2:facade:0, 线缆伪装板 - 花岗岩沥青铀矿矿石
appliedenergistics2:facade:0, 线缆伪装板 - 闪长岩沥青铀矿矿石
appliedenergistics2:facade:0, 线缆伪装板 - 安山岩沥青铀矿矿石
appliedenergistics2:facade:0, 线缆伪装板 - 独居石矿石
appliedenergistics2:facade:0, 线缆伪装板 - 地狱岩独居石矿石
appliedenergistics2:facade:0, 线缆伪装板 - 末地石独居石矿石
appliedenergistics2:facade:0, 线缆伪装板 - 沙子独居石矿石
appliedenergistics2:facade:0, 线缆伪装板 - 红沙独居石矿石
appliedenergistics2:facade:0, 线缆伪装板 - 花岗岩独居石矿石
appliedenergistics2:facade:0, 线缆伪装板 - 闪长岩独居石矿石
appliedenergistics2:facade:0, 线缆伪装板 - 安山岩独居石矿石
appliedenergistics2:facade:0, 线缆伪装板 - 天然碱矿石
appliedenergistics2:facade:0, 线缆伪装板 - 地狱岩天然碱矿石
appliedenergistics2:facade:0, 线缆伪装板 - 末地石天然碱矿石
appliedenergistics2:facade:0, 线缆伪装板 - 沙子天然碱矿石
appliedenergistics2:facade:0, 线缆伪装板 - 红沙天然碱矿石
appliedenergistics2:facade:0, 线缆伪装板 - 花岗岩天然碱矿石
appliedenergistics2:facade:0, 线缆伪装板 - 闪长岩天然碱矿石
appliedenergistics2:facade:0, 线缆伪装板 - 安山岩天然碱矿石
appliedenergistics2:facade:0, 线缆伪装板 - 石膏矿石
appliedenergistics2:facade:0, 线缆伪装板 - 地狱岩石膏矿石
appliedenergistics2:facade:0, 线缆伪装板 - 末地石石膏矿石
appliedenergistics2:facade:0, 线缆伪装板 - 沙子石膏矿石
appliedenergistics2:facade:0, 线缆伪装板 - 红沙石膏矿石
appliedenergistics2:facade:0, 线缆伪装板 - 花岗岩石膏矿石
appliedenergistics2:facade:0, 线缆伪装板 - 闪长岩石膏矿石
appliedenergistics2:facade:0, 线缆伪装板 - 安山岩石膏矿石
appliedenergistics2:facade:0, 线缆伪装板 - 沸石矿石
appliedenergistics2:facade:0, 线缆伪装板 - 地狱岩沸石矿石
appliedenergistics2:facade:0, 线缆伪装板 - 末地石沸石矿石
appliedenergistics2:facade:0, 线缆伪装板 - 沙子沸石矿石
appliedenergistics2:facade:0, 线缆伪装板 - 红沙沸石矿石
appliedenergistics2:facade:0, 线缆伪装板 - 花岗岩沸石矿石
appliedenergistics2:facade:0, 线缆伪装板 - 闪长岩沸石矿石
appliedenergistics2:facade:0, 线缆伪装板 - 安山岩沸石矿石
appliedenergistics2:facade:0, 线缆伪装板 - 红石矿石
appliedenergistics2:facade:0, 线缆伪装板 - 地狱岩红石矿石
appliedenergistics2:facade:0, 线缆伪装板 - 末地石红石矿石
appliedenergistics2:facade:0, 线缆伪装板 - 沙子红石矿石
appliedenergistics2:facade:0, 线缆伪装板 - 红沙红石矿石
appliedenergistics2:facade:0, 线缆伪装板 - 花岗岩红石矿石
appliedenergistics2:facade:0, 线缆伪装板 - 闪长岩红石矿石
appliedenergistics2:facade:0, 线缆伪装板 - 安山岩红石矿石
appliedenergistics2:facade:0, 线缆伪装板 - 蓝石矿石
appliedenergistics2:facade:0, 线缆伪装板 - 地狱岩蓝石矿石
appliedenergistics2:facade:0, 线缆伪装板 - 末地石蓝石矿石
appliedenergistics2:facade:0, 线缆伪装板 - 沙子蓝石矿石
appliedenergistics2:facade:0, 线缆伪装板 - 红沙蓝石矿石
appliedenergistics2:facade:0, 线缆伪装板 - 花岗岩蓝石矿石
appliedenergistics2:facade:0, 线缆伪装板 - 闪长岩蓝石矿石
appliedenergistics2:facade:0, 线缆伪装板 - 安山岩蓝石矿石
appliedenergistics2:facade:0, 线缆伪装板 - 硅藻土矿石
appliedenergistics2:facade:0, 线缆伪装板 - 地狱岩硅藻土矿石
appliedenergistics2:facade:0, 线缆伪装板 - 末地石硅藻土矿石
appliedenergistics2:facade:0, 线缆伪装板 - 沙子硅藻土矿石
appliedenergistics2:facade:0, 线缆伪装板 - 红沙硅藻土矿石
appliedenergistics2:facade:0, 线缆伪装板 - 花岗岩硅藻土矿石
appliedenergistics2:facade:0, 线缆伪装板 - 闪长岩硅藻土矿石
appliedenergistics2:facade:0, 线缆伪装板 - 安山岩硅藻土矿石
appliedenergistics2:facade:0, 线缆伪装板 - 花岗岩矿砂矿石
appliedenergistics2:facade:0, 线缆伪装板 - 地狱岩花岗岩矿砂矿石
appliedenergistics2:facade:0, 线缆伪装板 - 末地石花岗岩矿砂矿石
appliedenergistics2:facade:0, 线缆伪装板 - 沙子花岗岩矿砂矿石
appliedenergistics2:facade:0, 线缆伪装板 - 红沙花岗岩矿砂矿石
appliedenergistics2:facade:0, 线缆伪装板 - 花岗岩花岗岩矿砂矿石
appliedenergistics2:facade:0, 线缆伪装板 - 闪长岩花岗岩矿砂矿石
appliedenergistics2:facade:0, 线缆伪装板 - 安山岩花岗岩矿砂矿石
appliedenergistics2:facade:0, 线缆伪装板 - 石榴石砂矿石
appliedenergistics2:facade:0, 线缆伪装板 - 地狱岩石榴石砂矿石
appliedenergistics2:facade:0, 线缆伪装板 - 末地石石榴石砂矿石
appliedenergistics2:facade:0, 线缆伪装板 - 沙子石榴石砂矿石
appliedenergistics2:facade:0, 线缆伪装板 - 红沙石榴石砂矿石
appliedenergistics2:facade:0, 线缆伪装板 - 花岗岩石榴石砂矿石
appliedenergistics2:facade:0, 线缆伪装板 - 闪长岩石榴石砂矿石
appliedenergistics2:facade:0, 线缆伪装板 - 安山岩石榴石砂矿石
appliedenergistics2:facade:0, 线缆伪装板 - 玄武岩矿砂矿石
appliedenergistics2:facade:0, 线缆伪装板 - 地狱岩玄武岩矿砂矿石
appliedenergistics2:facade:0, 线缆伪装板 - 末地石玄武岩矿砂矿石
appliedenergistics2:facade:0, 线缆伪装板 - 沙子玄武岩矿砂矿石
appliedenergistics2:facade:0, 线缆伪装板 - 红沙玄武岩矿砂矿石
appliedenergistics2:facade:0, 线缆伪装板 - 花岗岩玄武岩矿砂矿石
appliedenergistics2:facade:0, 线缆伪装板 - 闪长岩玄武岩矿砂矿石
appliedenergistics2:facade:0, 线缆伪装板 - 安山岩玄武岩矿砂矿石
appliedenergistics2:facade:0, 线缆伪装板 - 贫瘠锕矿石
appliedenergistics2:facade:0, 线缆伪装板 - 贫瘠地狱岩锕矿石
appliedenergistics2:facade:0, 线缆伪装板 - 贫瘠末地石锕矿石
appliedenergistics2:facade:0, 线缆伪装板 - 贫瘠沙子锕矿石
appliedenergistics2:facade:0, 线缆伪装板 - 贫瘠红沙锕矿石
appliedenergistics2:facade:0, 线缆伪装板 - 贫瘠花岗岩锕矿石
appliedenergistics2:facade:0, 线缆伪装板 - 贫瘠闪长岩锕矿石
appliedenergistics2:facade:0, 线缆伪装板 - 贫瘠安山岩锕矿石
appliedenergistics2:facade:0, 线缆伪装板 - 贫瘠铝矿石
appliedenergistics2:facade:0, 线缆伪装板 - 贫瘠地狱岩铝矿石
appliedenergistics2:facade:0, 线缆伪装板 - 贫瘠末地石铝矿石
appliedenergistics2:facade:0, 线缆伪装板 - 贫瘠沙子铝矿石
appliedenergistics2:facade:0, 线缆伪装板 - 贫瘠红沙铝矿石
appliedenergistics2:facade:0, 线缆伪装板 - 贫瘠花岗岩铝矿石
appliedenergistics2:facade:0, 线缆伪装板 - 贫瘠闪长岩铝矿石
appliedenergistics2:facade:0, 线缆伪装板 - 贫瘠安山岩铝矿石
appliedenergistics2:facade:0, 线缆伪装板 - 贫瘠镅矿石
appliedenergistics2:facade:0, 线缆伪装板 - 贫瘠地狱岩镅矿石
appliedenergistics2:facade:0, 线缆伪装板 - 贫瘠末地石镅矿石
appliedenergistics2:facade:0, 线缆伪装板 - 贫瘠沙子镅矿石
appliedenergistics2:facade:0, 线缆伪装板 - 贫瘠红沙镅矿石
appliedenergistics2:facade:0, 线缆伪装板 - 贫瘠花岗岩镅矿石
appliedenergistics2:facade:0, 线缆伪装板 - 贫瘠闪长岩镅矿石
appliedenergistics2:facade:0, 线缆伪装板 - 贫瘠安山岩镅矿石
appliedenergistics2:facade:0, 线缆伪装板 - 贫瘠锑矿石
appliedenergistics2:facade:0, 线缆伪装板 - 贫瘠地狱岩锑矿石
appliedenergistics2:facade:0, 线缆伪装板 - 贫瘠末地石锑矿石
appliedenergistics2:facade:0, 线缆伪装板 - 贫瘠沙子锑矿石
appliedenergistics2:facade:0, 线缆伪装板 - 贫瘠红沙锑矿石
appliedenergistics2:facade:0, 线缆伪装板 - 贫瘠花岗岩锑矿石
appliedenergistics2:facade:0, 线缆伪装板 - 贫瘠闪长岩锑矿石
appliedenergistics2:facade:0, 线缆伪装板 - 贫瘠安山岩锑矿石
appliedenergistics2:facade:0, 线缆伪装板 - 贫瘠砷矿石
appliedenergistics2:facade:0, 线缆伪装板 - 贫瘠地狱岩砷矿石
appliedenergistics2:facade:0, 线缆伪装板 - 贫瘠末地石砷矿石
appliedenergistics2:facade:0, 线缆伪装板 - 贫瘠沙子砷矿石
appliedenergistics2:facade:0, 线缆伪装板 - 贫瘠红沙砷矿石
appliedenergistics2:facade:0, 线缆伪装板 - 贫瘠花岗岩砷矿石
appliedenergistics2:facade:0, 线缆伪装板 - 贫瘠闪长岩砷矿石
appliedenergistics2:facade:0, 线缆伪装板 - 贫瘠安山岩砷矿石
appliedenergistics2:facade:0, 线缆伪装板 - 贫瘠砹矿石
appliedenergistics2:facade:0, 线缆伪装板 - 贫瘠地狱岩砹矿石
appliedenergistics2:facade:0, 线缆伪装板 - 贫瘠末地石砹矿石
appliedenergistics2:facade:0, 线缆伪装板 - 贫瘠沙子砹矿石
appliedenergistics2:facade:0, 线缆伪装板 - 贫瘠红沙砹矿石
appliedenergistics2:facade:0, 线缆伪装板 - 贫瘠花岗岩砹矿石
appliedenergistics2:facade:0, 线缆伪装板 - 贫瘠闪长岩砹矿石
appliedenergistics2:facade:0, 线缆伪装板 - 贫瘠安山岩砹矿石
appliedenergistics2:facade:0, 线缆伪装板 - 贫瘠钡矿石
appliedenergistics2:facade:0, 线缆伪装板 - 贫瘠地狱岩钡矿石
appliedenergistics2:facade:0, 线缆伪装板 - 贫瘠末地石钡矿石
appliedenergistics2:facade:0, 线缆伪装板 - 贫瘠沙子钡矿石
appliedenergistics2:facade:0, 线缆伪装板 - 贫瘠红沙钡矿石
appliedenergistics2:facade:0, 线缆伪装板 - 贫瘠花岗岩钡矿石
appliedenergistics2:facade:0, 线缆伪装板 - 贫瘠闪长岩钡矿石
appliedenergistics2:facade:0, 线缆伪装板 - 贫瘠安山岩钡矿石
appliedenergistics2:facade:0, 线缆伪装板 - 贫瘠锫矿石
appliedenergistics2:facade:0, 线缆伪装板 - 贫瘠地狱岩锫矿石
appliedenergistics2:facade:0, 线缆伪装板 - 贫瘠末地石锫矿石
appliedenergistics2:facade:0, 线缆伪装板 - 贫瘠沙子锫矿石
appliedenergistics2:facade:0, 线缆伪装板 - 贫瘠红沙锫矿石
appliedenergistics2:facade:0, 线缆伪装板 - 贫瘠花岗岩锫矿石
appliedenergistics2:facade:0, 线缆伪装板 - 贫瘠闪长岩锫矿石
appliedenergistics2:facade:0, 线缆伪装板 - 贫瘠安山岩锫矿石
appliedenergistics2:facade:0, 线缆伪装板 - 贫瘠铍矿石
appliedenergistics2:facade:0, 线缆伪装板 - 贫瘠地狱岩铍矿石
appliedenergistics2:facade:0, 线缆伪装板 - 贫瘠末地石铍矿石
appliedenergistics2:facade:0, 线缆伪装板 - 贫瘠沙子铍矿石
appliedenergistics2:facade:0, 线缆伪装板 - 贫瘠红沙铍矿石
appliedenergistics2:facade:0, 线缆伪装板 - 贫瘠花岗岩铍矿石
appliedenergistics2:facade:0, 线缆伪装板 - 贫瘠闪长岩铍矿石
appliedenergistics2:facade:0, 线缆伪装板 - 贫瘠安山岩铍矿石
appliedenergistics2:facade:0, 线缆伪装板 - 贫瘠铋矿石
appliedenergistics2:facade:0, 线缆伪装板 - 贫瘠地狱岩铋矿石
appliedenergistics2:facade:0, 线缆伪装板 - 贫瘠末地石铋矿石
appliedenergistics2:facade:0, 线缆伪装板 - 贫瘠沙子铋矿石
appliedenergistics2:facade:0, 线缆伪装板 - 贫瘠红沙铋矿石
appliedenergistics2:facade:0, 线缆伪装板 - 贫瘠花岗岩铋矿石
appliedenergistics2:facade:0, 线缆伪装板 - 贫瘠闪长岩铋矿石
appliedenergistics2:facade:0, 线缆伪装板 - 贫瘠安山岩铋矿石
appliedenergistics2:facade:0, 线缆伪装板 - 贫瘠钅波矿石
appliedenergistics2:facade:0, 线缆伪装板 - 贫瘠地狱岩钅波矿石
appliedenergistics2:facade:0, 线缆伪装板 - 贫瘠末地石钅波矿石
appliedenergistics2:facade:0, 线缆伪装板 - 贫瘠沙子钅波矿石
appliedenergistics2:facade:0, 线缆伪装板 - 贫瘠红沙钅波矿石
appliedenergistics2:facade:0, 线缆伪装板 - 贫瘠花岗岩钅波矿石
appliedenergistics2:facade:0, 线缆伪装板 - 贫瘠闪长岩钅波矿石
appliedenergistics2:facade:0, 线缆伪装板 - 贫瘠安山岩钅波矿石
appliedenergistics2:facade:0, 线缆伪装板 - 贫瘠硼矿石
appliedenergistics2:facade:0, 线缆伪装板 - 贫瘠地狱岩硼矿石
appliedenergistics2:facade:0, 线缆伪装板 - 贫瘠末地石硼矿石
appliedenergistics2:facade:0, 线缆伪装板 - 贫瘠沙子硼矿石
appliedenergistics2:facade:0, 线缆伪装板 - 贫瘠红沙硼矿石
appliedenergistics2:facade:0, 线缆伪装板 - 贫瘠花岗岩硼矿石
appliedenergistics2:facade:0, 线缆伪装板 - 贫瘠闪长岩硼矿石
appliedenergistics2:facade:0, 线缆伪装板 - 贫瘠安山岩硼矿石
appliedenergistics2:facade:0, 线缆伪装板 - 贫瘠溴矿石
appliedenergistics2:facade:0, 线缆伪装板 - 贫瘠地狱岩溴矿石
appliedenergistics2:facade:0, 线缆伪装板 - 贫瘠末地石溴矿石
appliedenergistics2:facade:0, 线缆伪装板 - 贫瘠沙子溴矿石
appliedenergistics2:facade:0, 线缆伪装板 - 贫瘠红沙溴矿石
appliedenergistics2:facade:0, 线缆伪装板 - 贫瘠花岗岩溴矿石
appliedenergistics2:facade:0, 线缆伪装板 - 贫瘠闪长岩溴矿石
appliedenergistics2:facade:0, 线缆伪装板 - 贫瘠安山岩溴矿石
appliedenergistics2:facade:0, 线缆伪装板 - 贫瘠铯矿石
appliedenergistics2:facade:0, 线缆伪装板 - 贫瘠地狱岩铯矿石
appliedenergistics2:facade:0, 线缆伪装板 - 贫瘠末地石铯矿石
appliedenergistics2:facade:0, 线缆伪装板 - 贫瘠沙子铯矿石
appliedenergistics2:facade:0, 线缆伪装板 - 贫瘠红沙铯矿石
appliedenergistics2:facade:0, 线缆伪装板 - 贫瘠花岗岩铯矿石
appliedenergistics2:facade:0, 线缆伪装板 - 贫瘠闪长岩铯矿石
appliedenergistics2:facade:0, 线缆伪装板 - 贫瘠安山岩铯矿石
appliedenergistics2:facade:0, 线缆伪装板 - 贫瘠钙矿石
appliedenergistics2:facade:0, 线缆伪装板 - 贫瘠地狱岩钙矿石
appliedenergistics2:facade:0, 线缆伪装板 - 贫瘠末地石钙矿石
appliedenergistics2:facade:0, 线缆伪装板 - 贫瘠沙子钙矿石
appliedenergistics2:facade:0, 线缆伪装板 - 贫瘠红沙钙矿石
appliedenergistics2:facade:0, 线缆伪装板 - 贫瘠花岗岩钙矿石
appliedenergistics2:facade:0, 线缆伪装板 - 贫瘠闪长岩钙矿石
appliedenergistics2:facade:0, 线缆伪装板 - 贫瘠安山岩钙矿石
appliedenergistics2:facade:0, 线缆伪装板 - 贫瘠锎矿石
appliedenergistics2:facade:0, 线缆伪装板 - 贫瘠地狱岩锎矿石
appliedenergistics2:facade:0, 线缆伪装板 - 贫瘠末地石锎矿石
appliedenergistics2:facade:0, 线缆伪装板 - 贫瘠沙子锎矿石
appliedenergistics2:facade:0, 线缆伪装板 - 贫瘠红沙锎矿石
appliedenergistics2:facade:0, 线缆伪装板 - 贫瘠花岗岩锎矿石
appliedenergistics2:facade:0, 线缆伪装板 - 贫瘠闪长岩锎矿石
appliedenergistics2:facade:0, 线缆伪装板 - 贫瘠安山岩锎矿石
appliedenergistics2:facade:0, 线缆伪装板 - 贫瘠碳矿石
appliedenergistics2:facade:0, 线缆伪装板 - 贫瘠地狱岩碳矿石
appliedenergistics2:facade:0, 线缆伪装板 - 贫瘠末地石碳矿石
appliedenergistics2:facade:0, 线缆伪装板 - 贫瘠沙子碳矿石
appliedenergistics2:facade:0, 线缆伪装板 - 贫瘠红沙碳矿石
appliedenergistics2:facade:0, 线缆伪装板 - 贫瘠花岗岩碳矿石
appliedenergistics2:facade:0, 线缆伪装板 - 贫瘠闪长岩碳矿石
appliedenergistics2:facade:0, 线缆伪装板 - 贫瘠安山岩碳矿石
appliedenergistics2:facade:0, 线缆伪装板 - 贫瘠镉矿石
appliedenergistics2:facade:0, 线缆伪装板 - 贫瘠地狱岩镉矿石
appliedenergistics2:facade:0, 线缆伪装板 - 贫瘠末地石镉矿石
appliedenergistics2:facade:0, 线缆伪装板 - 贫瘠沙子镉矿石
appliedenergistics2:facade:0, 线缆伪装板 - 贫瘠红沙镉矿石
appliedenergistics2:facade:0, 线缆伪装板 - 贫瘠花岗岩镉矿石
appliedenergistics2:facade:0, 线缆伪装板 - 贫瘠闪长岩镉矿石
appliedenergistics2:facade:0, 线缆伪装板 - 贫瘠安山岩镉矿石
appliedenergistics2:facade:0, 线缆伪装板 - 贫瘠铈矿石
appliedenergistics2:facade:0, 线缆伪装板 - 贫瘠地狱岩铈矿石
appliedenergistics2:facade:0, 线缆伪装板 - 贫瘠末地石铈矿石
appliedenergistics2:facade:0, 线缆伪装板 - 贫瘠沙子铈矿石
appliedenergistics2:facade:0, 线缆伪装板 - 贫瘠红沙铈矿石
appliedenergistics2:facade:0, 线缆伪装板 - 贫瘠花岗岩铈矿石
appliedenergistics2:facade:0, 线缆伪装板 - 贫瘠闪长岩铈矿石
appliedenergistics2:facade:0, 线缆伪装板 - 贫瘠安山岩铈矿石
appliedenergistics2:facade:0, 线缆伪装板 - 贫瘠铬矿石
appliedenergistics2:facade:0, 线缆伪装板 - 贫瘠地狱岩铬矿石
appliedenergistics2:facade:0, 线缆伪装板 - 贫瘠末地石铬矿石
appliedenergistics2:facade:0, 线缆伪装板 - 贫瘠沙子铬矿石
appliedenergistics2:facade:0, 线缆伪装板 - 贫瘠红沙铬矿石
appliedenergistics2:facade:0, 线缆伪装板 - 贫瘠花岗岩铬矿石
appliedenergistics2:facade:0, 线缆伪装板 - 贫瘠闪长岩铬矿石
appliedenergistics2:facade:0, 线缆伪装板 - 贫瘠安山岩铬矿石
appliedenergistics2:facade:0, 线缆伪装板 - 贫瘠钴矿石
appliedenergistics2:facade:0, 线缆伪装板 - 贫瘠地狱岩钴矿石
appliedenergistics2:facade:0, 线缆伪装板 - 贫瘠末地石钴矿石
appliedenergistics2:facade:0, 线缆伪装板 - 贫瘠沙子钴矿石
appliedenergistics2:facade:0, 线缆伪装板 - 贫瘠红沙钴矿石
appliedenergistics2:facade:0, 线缆伪装板 - 贫瘠花岗岩钴矿石
appliedenergistics2:facade:0, 线缆伪装板 - 贫瘠闪长岩钴矿石
appliedenergistics2:facade:0, 线缆伪装板 - 贫瘠安山岩钴矿石
appliedenergistics2:facade:0, 线缆伪装板 - 贫瘠钅哥矿石
appliedenergistics2:facade:0, 线缆伪装板 - 贫瘠地狱岩钅哥矿石
appliedenergistics2:facade:0, 线缆伪装板 - 贫瘠末地石钅哥矿石
appliedenergistics2:facade:0, 线缆伪装板 - 贫瘠沙子钅哥矿石
appliedenergistics2:facade:0, 线缆伪装板 - 贫瘠红沙钅哥矿石
appliedenergistics2:facade:0, 线缆伪装板 - 贫瘠花岗岩钅哥矿石
appliedenergistics2:facade:0, 线缆伪装板 - 贫瘠闪长岩钅哥矿石
appliedenergistics2:facade:0, 线缆伪装板 - 贫瘠安山岩钅哥矿石
appliedenergistics2:facade:0, 线缆伪装板 - 贫瘠铜矿石
appliedenergistics2:facade:0, 线缆伪装板 - 贫瘠地狱岩铜矿石
appliedenergistics2:facade:0, 线缆伪装板 - 贫瘠末地石铜矿石
appliedenergistics2:facade:0, 线缆伪装板 - 贫瘠沙子铜矿石
appliedenergistics2:facade:0, 线缆伪装板 - 贫瘠红沙铜矿石
appliedenergistics2:facade:0, 线缆伪装板 - 贫瘠花岗岩铜矿石
appliedenergistics2:facade:0, 线缆伪装板 - 贫瘠闪长岩铜矿石
appliedenergistics2:facade:0, 线缆伪装板 - 贫瘠安山岩铜矿石
appliedenergistics2:facade:0, 线缆伪装板 - 贫瘠锔矿石
appliedenergistics2:facade:0, 线缆伪装板 - 贫瘠地狱岩锔矿石
appliedenergistics2:facade:0, 线缆伪装板 - 贫瘠末地石锔矿石
appliedenergistics2:facade:0, 线缆伪装板 - 贫瘠沙子锔矿石
appliedenergistics2:facade:0, 线缆伪装板 - 贫瘠红沙锔矿石
appliedenergistics2:facade:0, 线缆伪装板 - 贫瘠花岗岩锔矿石
appliedenergistics2:facade:0, 线缆伪装板 - 贫瘠闪长岩锔矿石
appliedenergistics2:facade:0, 线缆伪装板 - 贫瘠安山岩锔矿石
appliedenergistics2:facade:0, 线缆伪装板 - 贫瘠钅达矿石
appliedenergistics2:facade:0, 线缆伪装板 - 贫瘠地狱岩钅达矿石
appliedenergistics2:facade:0, 线缆伪装板 - 贫瘠末地石钅达矿石
appliedenergistics2:facade:0, 线缆伪装板 - 贫瘠沙子钅达矿石
appliedenergistics2:facade:0, 线缆伪装板 - 贫瘠红沙钅达矿石
appliedenergistics2:facade:0, 线缆伪装板 - 贫瘠花岗岩钅达矿石
appliedenergistics2:facade:0, 线缆伪装板 - 贫瘠闪长岩钅达矿石
appliedenergistics2:facade:0, 线缆伪装板 - 贫瘠安山岩钅达矿石
appliedenergistics2:facade:0, 线缆伪装板 - 贫瘠钅杜矿石
appliedenergistics2:facade:0, 线缆伪装板 - 贫瘠地狱岩钅杜矿石
appliedenergistics2:facade:0, 线缆伪装板 - 贫瘠末地石钅杜矿石
appliedenergistics2:facade:0, 线缆伪装板 - 贫瘠沙子钅杜矿石
appliedenergistics2:facade:0, 线缆伪装板 - 贫瘠红沙钅杜矿石
appliedenergistics2:facade:0, 线缆伪装板 - 贫瘠花岗岩钅杜矿石
appliedenergistics2:facade:0, 线缆伪装板 - 贫瘠闪长岩钅杜矿石
appliedenergistics2:facade:0, 线缆伪装板 - 贫瘠安山岩钅杜矿石
appliedenergistics2:facade:0, 线缆伪装板 - 贫瘠镝矿石
appliedenergistics2:facade:0, 线缆伪装板 - 贫瘠地狱岩镝矿石
appliedenergistics2:facade:0, 线缆伪装板 - 贫瘠末地石镝矿石
appliedenergistics2:facade:0, 线缆伪装板 - 贫瘠沙子镝矿石
appliedenergistics2:facade:0, 线缆伪装板 - 贫瘠红沙镝矿石
appliedenergistics2:facade:0, 线缆伪装板 - 贫瘠花岗岩镝矿石
appliedenergistics2:facade:0, 线缆伪装板 - 贫瘠闪长岩镝矿石
appliedenergistics2:facade:0, 线缆伪装板 - 贫瘠安山岩镝矿石
appliedenergistics2:facade:0, 线缆伪装板 - 贫瘠锿矿石
appliedenergistics2:facade:0, 线缆伪装板 - 贫瘠地狱岩锿矿石
appliedenergistics2:facade:0, 线缆伪装板 - 贫瘠末地石锿矿石
appliedenergistics2:facade:0, 线缆伪装板 - 贫瘠沙子锿矿石
appliedenergistics2:facade:0, 线缆伪装板 - 贫瘠红沙锿矿石
appliedenergistics2:facade:0, 线缆伪装板 - 贫瘠花岗岩锿矿石
appliedenergistics2:facade:0, 线缆伪装板 - 贫瘠闪长岩锿矿石
appliedenergistics2:facade:0, 线缆伪装板 - 贫瘠安山岩锿矿石
appliedenergistics2:facade:0, 线缆伪装板 - 贫瘠铒矿石
appliedenergistics2:facade:0, 线缆伪装板 - 贫瘠地狱岩铒矿石
appliedenergistics2:facade:0, 线缆伪装板 - 贫瘠末地石铒矿石
appliedenergistics2:facade:0, 线缆伪装板 - 贫瘠沙子铒矿石
appliedenergistics2:facade:0, 线缆伪装板 - 贫瘠红沙铒矿石
appliedenergistics2:facade:0, 线缆伪装板 - 贫瘠花岗岩铒矿石
appliedenergistics2:facade:0, 线缆伪装板 - 贫瘠闪长岩铒矿石
appliedenergistics2:facade:0, 线缆伪装板 - 贫瘠安山岩铒矿石
appliedenergistics2:facade:0, 线缆伪装板 - 贫瘠铕矿石
appliedenergistics2:facade:0, 线缆伪装板 - 贫瘠地狱岩铕矿石
appliedenergistics2:facade:0, 线缆伪装板 - 贫瘠末地石铕矿石
appliedenergistics2:facade:0, 线缆伪装板 - 贫瘠沙子铕矿石
appliedenergistics2:facade:0, 线缆伪装板 - 贫瘠红沙铕矿石
appliedenergistics2:facade:0, 线缆伪装板 - 贫瘠花岗岩铕矿石
appliedenergistics2:facade:0, 线缆伪装板 - 贫瘠闪长岩铕矿石
appliedenergistics2:facade:0, 线缆伪装板 - 贫瘠安山岩铕矿石
appliedenergistics2:facade:0, 线缆伪装板 - 贫瘠镄矿石
appliedenergistics2:facade:0, 线缆伪装板 - 贫瘠地狱岩镄矿石
appliedenergistics2:facade:0, 线缆伪装板 - 贫瘠末地石镄矿石
appliedenergistics2:facade:0, 线缆伪装板 - 贫瘠沙子镄矿石
appliedenergistics2:facade:0, 线缆伪装板 - 贫瘠红沙镄矿石
appliedenergistics2:facade:0, 线缆伪装板 - 贫瘠花岗岩镄矿石
appliedenergistics2:facade:0, 线缆伪装板 - 贫瘠闪长岩镄矿石
appliedenergistics2:facade:0, 线缆伪装板 - 贫瘠安山岩镄矿石
appliedenergistics2:facade:0, 线缆伪装板 - 贫瘠钅夫矿石
appliedenergistics2:facade:0, 线缆伪装板 - 贫瘠地狱岩钅夫矿石
appliedenergistics2:facade:0, 线缆伪装板 - 贫瘠末地石钅夫矿石
appliedenergistics2:facade:0, 线缆伪装板 - 贫瘠沙子钅夫矿石
appliedenergistics2:facade:0, 线缆伪装板 - 贫瘠红沙钅夫矿石
appliedenergistics2:facade:0, 线缆伪装板 - 贫瘠花岗岩钅夫矿石
appliedenergistics2:facade:0, 线缆伪装板 - 贫瘠闪长岩钅夫矿石
appliedenergistics2:facade:0, 线缆伪装板 - 贫瘠安山岩钅夫矿石
appliedenergistics2:facade:0, 线缆伪装板 - 贫瘠钫矿石
appliedenergistics2:facade:0, 线缆伪装板 - 贫瘠地狱岩钫矿石
appliedenergistics2:facade:0, 线缆伪装板 - 贫瘠末地石钫矿石
appliedenergistics2:facade:0, 线缆伪装板 - 贫瘠沙子钫矿石
appliedenergistics2:facade:0, 线缆伪装板 - 贫瘠红沙钫矿石
appliedenergistics2:facade:0, 线缆伪装板 - 贫瘠花岗岩钫矿石
appliedenergistics2:facade:0, 线缆伪装板 - 贫瘠闪长岩钫矿石
appliedenergistics2:facade:0, 线缆伪装板 - 贫瘠安山岩钫矿石
appliedenergistics2:facade:0, 线缆伪装板 - 贫瘠钆矿石
appliedenergistics2:facade:0, 线缆伪装板 - 贫瘠地狱岩钆矿石
appliedenergistics2:facade:0, 线缆伪装板 - 贫瘠末地石钆矿石
appliedenergistics2:facade:0, 线缆伪装板 - 贫瘠沙子钆矿石
appliedenergistics2:facade:0, 线缆伪装板 - 贫瘠红沙钆矿石
appliedenergistics2:facade:0, 线缆伪装板 - 贫瘠花岗岩钆矿石
appliedenergistics2:facade:0, 线缆伪装板 - 贫瘠闪长岩钆矿石
appliedenergistics2:facade:0, 线缆伪装板 - 贫瘠安山岩钆矿石
appliedenergistics2:facade:0, 线缆伪装板 - 贫瘠镓矿石
appliedenergistics2:facade:0, 线缆伪装板 - 贫瘠地狱岩镓矿石
appliedenergistics2:facade:0, 线缆伪装板 - 贫瘠末地石镓矿石
appliedenergistics2:facade:0, 线缆伪装板 - 贫瘠沙子镓矿石
appliedenergistics2:facade:0, 线缆伪装板 - 贫瘠红沙镓矿石
appliedenergistics2:facade:0, 线缆伪装板 - 贫瘠花岗岩镓矿石
appliedenergistics2:facade:0, 线缆伪装板 - 贫瘠闪长岩镓矿石
appliedenergistics2:facade:0, 线缆伪装板 - 贫瘠安山岩镓矿石
appliedenergistics2:facade:0, 线缆伪装板 - 贫瘠锗矿石
appliedenergistics2:facade:0, 线缆伪装板 - 贫瘠地狱岩锗矿石
appliedenergistics2:facade:0, 线缆伪装板 - 贫瘠末地石锗矿石
appliedenergistics2:facade:0, 线缆伪装板 - 贫瘠沙子锗矿石
appliedenergistics2:facade:0, 线缆伪装板 - 贫瘠红沙锗矿石
appliedenergistics2:facade:0, 线缆伪装板 - 贫瘠花岗岩锗矿石
appliedenergistics2:facade:0, 线缆伪装板 - 贫瘠闪长岩锗矿石
appliedenergistics2:facade:0, 线缆伪装板 - 贫瘠安山岩锗矿石
appliedenergistics2:facade:0, 线缆伪装板 - 贫瘠金矿石
appliedenergistics2:facade:0, 线缆伪装板 - 贫瘠地狱岩金矿石
appliedenergistics2:facade:0, 线缆伪装板 - 贫瘠末地石金矿石
appliedenergistics2:facade:0, 线缆伪装板 - 贫瘠沙子金矿石
appliedenergistics2:facade:0, 线缆伪装板 - 贫瘠红沙金矿石
appliedenergistics2:facade:0, 线缆伪装板 - 贫瘠花岗岩金矿石
appliedenergistics2:facade:0, 线缆伪装板 - 贫瘠闪长岩金矿石
appliedenergistics2:facade:0, 线缆伪装板 - 贫瘠安山岩金矿石
appliedenergistics2:facade:0, 线缆伪装板 - 贫瘠铪矿石
appliedenergistics2:facade:0, 线缆伪装板 - 贫瘠地狱岩铪矿石
appliedenergistics2:facade:0, 线缆伪装板 - 贫瘠末地石铪矿石
appliedenergistics2:facade:0, 线缆伪装板 - 贫瘠沙子铪矿石
appliedenergistics2:facade:0, 线缆伪装板 - 贫瘠红沙铪矿石
appliedenergistics2:facade:0, 线缆伪装板 - 贫瘠花岗岩铪矿石
appliedenergistics2:facade:0, 线缆伪装板 - 贫瘠闪长岩铪矿石
appliedenergistics2:facade:0, 线缆伪装板 - 贫瘠安山岩铪矿石
appliedenergistics2:facade:0, 线缆伪装板 - 贫瘠钅黑矿石
appliedenergistics2:facade:0, 线缆伪装板 - 贫瘠地狱岩钅黑矿石
appliedenergistics2:facade:0, 线缆伪装板 - 贫瘠末地石钅黑矿石
appliedenergistics2:facade:0, 线缆伪装板 - 贫瘠沙子钅黑矿石
appliedenergistics2:facade:0, 线缆伪装板 - 贫瘠红沙钅黑矿石
appliedenergistics2:facade:0, 线缆伪装板 - 贫瘠花岗岩钅黑矿石
appliedenergistics2:facade:0, 线缆伪装板 - 贫瘠闪长岩钅黑矿石
appliedenergistics2:facade:0, 线缆伪装板 - 贫瘠安山岩钅黑矿石
appliedenergistics2:facade:0, 线缆伪装板 - 贫瘠钬矿石
appliedenergistics2:facade:0, 线缆伪装板 - 贫瘠地狱岩钬矿石
appliedenergistics2:facade:0, 线缆伪装板 - 贫瘠末地石钬矿石
appliedenergistics2:facade:0, 线缆伪装板 - 贫瘠沙子钬矿石
appliedenergistics2:facade:0, 线缆伪装板 - 贫瘠红沙钬矿石
appliedenergistics2:facade:0, 线缆伪装板 - 贫瘠花岗岩钬矿石
appliedenergistics2:facade:0, 线缆伪装板 - 贫瘠闪长岩钬矿石
appliedenergistics2:facade:0, 线缆伪装板 - 贫瘠安山岩钬矿石
appliedenergistics2:facade:0, 线缆伪装板 - 贫瘠铟矿石
appliedenergistics2:facade:0, 线缆伪装板 - 贫瘠地狱岩铟矿石
appliedenergistics2:facade:0, 线缆伪装板 - 贫瘠末地石铟矿石
appliedenergistics2:facade:0, 线缆伪装板 - 贫瘠沙子铟矿石
appliedenergistics2:facade:0, 线缆伪装板 - 贫瘠红沙铟矿石
appliedenergistics2:facade:0, 线缆伪装板 - 贫瘠花岗岩铟矿石
appliedenergistics2:facade:0, 线缆伪装板 - 贫瘠闪长岩铟矿石
appliedenergistics2:facade:0, 线缆伪装板 - 贫瘠安山岩铟矿石
appliedenergistics2:facade:0, 线缆伪装板 - 贫瘠碘矿石
appliedenergistics2:facade:0, 线缆伪装板 - 贫瘠地狱岩碘矿石
appliedenergistics2:facade:0, 线缆伪装板 - 贫瘠末地石碘矿石
appliedenergistics2:facade:0, 线缆伪装板 - 贫瘠沙子碘矿石
appliedenergistics2:facade:0, 线缆伪装板 - 贫瘠红沙碘矿石
appliedenergistics2:facade:0, 线缆伪装板 - 贫瘠花岗岩碘矿石
appliedenergistics2:facade:0, 线缆伪装板 - 贫瘠闪长岩碘矿石
appliedenergistics2:facade:0, 线缆伪装板 - 贫瘠安山岩碘矿石
appliedenergistics2:facade:0, 线缆伪装板 - 贫瘠铱矿石
appliedenergistics2:facade:0, 线缆伪装板 - 贫瘠地狱岩铱矿石
appliedenergistics2:facade:0, 线缆伪装板 - 贫瘠末地石铱矿石
appliedenergistics2:facade:0, 线缆伪装板 - 贫瘠沙子铱矿石
appliedenergistics2:facade:0, 线缆伪装板 - 贫瘠红沙铱矿石
appliedenergistics2:facade:0, 线缆伪装板 - 贫瘠花岗岩铱矿石
appliedenergistics2:facade:0, 线缆伪装板 - 贫瘠闪长岩铱矿石
appliedenergistics2:facade:0, 线缆伪装板 - 贫瘠安山岩铱矿石
appliedenergistics2:facade:0, 线缆伪装板 - 贫瘠铁矿石
appliedenergistics2:facade:0, 线缆伪装板 - 贫瘠地狱岩铁矿石
appliedenergistics2:facade:0, 线缆伪装板 - 贫瘠末地石铁矿石
appliedenergistics2:facade:0, 线缆伪装板 - 贫瘠沙子铁矿石
appliedenergistics2:facade:0, 线缆伪装板 - 贫瘠红沙铁矿石
appliedenergistics2:facade:0, 线缆伪装板 - 贫瘠花岗岩铁矿石
appliedenergistics2:facade:0, 线缆伪装板 - 贫瘠闪长岩铁矿石
appliedenergistics2:facade:0, 线缆伪装板 - 贫瘠安山岩铁矿石
appliedenergistics2:facade:0, 线缆伪装板 - 贫瘠镧矿石
appliedenergistics2:facade:0, 线缆伪装板 - 贫瘠地狱岩镧矿石
appliedenergistics2:facade:0, 线缆伪装板 - 贫瘠末地石镧矿石
appliedenergistics2:facade:0, 线缆伪装板 - 贫瘠沙子镧矿石
appliedenergistics2:facade:0, 线缆伪装板 - 贫瘠红沙镧矿石
appliedenergistics2:facade:0, 线缆伪装板 - 贫瘠花岗岩镧矿石
appliedenergistics2:facade:0, 线缆伪装板 - 贫瘠闪长岩镧矿石
appliedenergistics2:facade:0, 线缆伪装板 - 贫瘠安山岩镧矿石
appliedenergistics2:facade:0, 线缆伪装板 - 贫瘠铹矿石
appliedenergistics2:facade:0, 线缆伪装板 - 贫瘠地狱岩铹矿石
appliedenergistics2:facade:0, 线缆伪装板 - 贫瘠末地石铹矿石
appliedenergistics2:facade:0, 线缆伪装板 - 贫瘠沙子铹矿石
appliedenergistics2:facade:0, 线缆伪装板 - 贫瘠红沙铹矿石
appliedenergistics2:facade:0, 线缆伪装板 - 贫瘠花岗岩铹矿石
appliedenergistics2:facade:0, 线缆伪装板 - 贫瘠闪长岩铹矿石
appliedenergistics2:facade:0, 线缆伪装板 - 贫瘠安山岩铹矿石
appliedenergistics2:facade:0, 线缆伪装板 - 贫瘠铅矿石
appliedenergistics2:facade:0, 线缆伪装板 - 贫瘠地狱岩铅矿石
appliedenergistics2:facade:0, 线缆伪装板 - 贫瘠末地石铅矿石
appliedenergistics2:facade:0, 线缆伪装板 - 贫瘠沙子铅矿石
appliedenergistics2:facade:0, 线缆伪装板 - 贫瘠红沙铅矿石
appliedenergistics2:facade:0, 线缆伪装板 - 贫瘠花岗岩铅矿石
appliedenergistics2:facade:0, 线缆伪装板 - 贫瘠闪长岩铅矿石
appliedenergistics2:facade:0, 线缆伪装板 - 贫瘠安山岩铅矿石
appliedenergistics2:facade:0, 线缆伪装板 - 贫瘠锂矿石
appliedenergistics2:facade:0, 线缆伪装板 - 贫瘠地狱岩锂矿石
appliedenergistics2:facade:0, 线缆伪装板 - 贫瘠末地石锂矿石
appliedenergistics2:facade:0, 线缆伪装板 - 贫瘠沙子锂矿石
appliedenergistics2:facade:0, 线缆伪装板 - 贫瘠红沙锂矿石
appliedenergistics2:facade:0, 线缆伪装板 - 贫瘠花岗岩锂矿石
appliedenergistics2:facade:0, 线缆伪装板 - 贫瘠闪长岩锂矿石
appliedenergistics2:facade:0, 线缆伪装板 - 贫瘠安山岩锂矿石
appliedenergistics2:facade:0, 线缆伪装板 - 贫瘠钅立矿石
appliedenergistics2:facade:0, 线缆伪装板 - 贫瘠地狱岩钅立矿石
appliedenergistics2:facade:0, 线缆伪装板 - 贫瘠末地石钅立矿石
appliedenergistics2:facade:0, 线缆伪装板 - 贫瘠沙子钅立矿石
appliedenergistics2:facade:0, 线缆伪装板 - 贫瘠红沙钅立矿石
appliedenergistics2:facade:0, 线缆伪装板 - 贫瘠花岗岩钅立矿石
appliedenergistics2:facade:0, 线缆伪装板 - 贫瘠闪长岩钅立矿石
appliedenergistics2:facade:0, 线缆伪装板 - 贫瘠安山岩钅立矿石
appliedenergistics2:facade:0, 线缆伪装板 - 贫瘠镥矿石
appliedenergistics2:facade:0, 线缆伪装板 - 贫瘠地狱岩镥矿石
appliedenergistics2:facade:0, 线缆伪装板 - 贫瘠末地石镥矿石
appliedenergistics2:facade:0, 线缆伪装板 - 贫瘠沙子镥矿石
appliedenergistics2:facade:0, 线缆伪装板 - 贫瘠红沙镥矿石
appliedenergistics2:facade:0, 线缆伪装板 - 贫瘠花岗岩镥矿石
appliedenergistics2:facade:0, 线缆伪装板 - 贫瘠闪长岩镥矿石
appliedenergistics2:facade:0, 线缆伪装板 - 贫瘠安山岩镥矿石
appliedenergistics2:facade:0, 线缆伪装板 - 贫瘠镁矿石
appliedenergistics2:facade:0, 线缆伪装板 - 贫瘠地狱岩镁矿石
appliedenergistics2:facade:0, 线缆伪装板 - 贫瘠末地石镁矿石
appliedenergistics2:facade:0, 线缆伪装板 - 贫瘠沙子镁矿石
appliedenergistics2:facade:0, 线缆伪装板 - 贫瘠红沙镁矿石
appliedenergistics2:facade:0, 线缆伪装板 - 贫瘠花岗岩镁矿石
appliedenergistics2:facade:0, 线缆伪装板 - 贫瘠闪长岩镁矿石
appliedenergistics2:facade:0, 线缆伪装板 - 贫瘠安山岩镁矿石
appliedenergistics2:facade:0, 线缆伪装板 - 贫瘠钔矿石
appliedenergistics2:facade:0, 线缆伪装板 - 贫瘠地狱岩钔矿石
appliedenergistics2:facade:0, 线缆伪装板 - 贫瘠末地石钔矿石
appliedenergistics2:facade:0, 线缆伪装板 - 贫瘠沙子钔矿石
appliedenergistics2:facade:0, 线缆伪装板 - 贫瘠红沙钔矿石
appliedenergistics2:facade:0, 线缆伪装板 - 贫瘠花岗岩钔矿石
appliedenergistics2:facade:0, 线缆伪装板 - 贫瘠闪长岩钔矿石
appliedenergistics2:facade:0, 线缆伪装板 - 贫瘠安山岩钔矿石
appliedenergistics2:facade:0, 线缆伪装板 - 贫瘠锰矿石
appliedenergistics2:facade:0, 线缆伪装板 - 贫瘠地狱岩锰矿石
appliedenergistics2:facade:0, 线缆伪装板 - 贫瘠末地石锰矿石
appliedenergistics2:facade:0, 线缆伪装板 - 贫瘠沙子锰矿石
appliedenergistics2:facade:0, 线缆伪装板 - 贫瘠红沙锰矿石
appliedenergistics2:facade:0, 线缆伪装板 - 贫瘠花岗岩锰矿石
appliedenergistics2:facade:0, 线缆伪装板 - 贫瘠闪长岩锰矿石
appliedenergistics2:facade:0, 线缆伪装板 - 贫瘠安山岩锰矿石
appliedenergistics2:facade:0, 线缆伪装板 - 贫瘠钅麦矿石
appliedenergistics2:facade:0, 线缆伪装板 - 贫瘠地狱岩钅麦矿石
appliedenergistics2:facade:0, 线缆伪装板 - 贫瘠末地石钅麦矿石
appliedenergistics2:facade:0, 线缆伪装板 - 贫瘠沙子钅麦矿石
appliedenergistics2:facade:0, 线缆伪装板 - 贫瘠红沙钅麦矿石
appliedenergistics2:facade:0, 线缆伪装板 - 贫瘠花岗岩钅麦矿石
appliedenergistics2:facade:0, 线缆伪装板 - 贫瘠闪长岩钅麦矿石
appliedenergistics2:facade:0, 线缆伪装板 - 贫瘠安山岩钅麦矿石
appliedenergistics2:facade:0, 线缆伪装板 - 贫瘠钼矿石
appliedenergistics2:facade:0, 线缆伪装板 - 贫瘠地狱岩钼矿石
appliedenergistics2:facade:0, 线缆伪装板 - 贫瘠末地石钼矿石
appliedenergistics2:facade:0, 线缆伪装板 - 贫瘠沙子钼矿石
appliedenergistics2:facade:0, 线缆伪装板 - 贫瘠红沙钼矿石
appliedenergistics2:facade:0, 线缆伪装板 - 贫瘠花岗岩钼矿石
appliedenergistics2:facade:0, 线缆伪装板 - 贫瘠闪长岩钼矿石
appliedenergistics2:facade:0, 线缆伪装板 - 贫瘠安山岩钼矿石
appliedenergistics2:facade:0, 线缆伪装板 - 贫瘠镆矿石
appliedenergistics2:facade:0, 线缆伪装板 - 贫瘠地狱岩镆矿石
appliedenergistics2:facade:0, 线缆伪装板 - 贫瘠末地石镆矿石
appliedenergistics2:facade:0, 线缆伪装板 - 贫瘠沙子镆矿石
appliedenergistics2:facade:0, 线缆伪装板 - 贫瘠红沙镆矿石
appliedenergistics2:facade:0, 线缆伪装板 - 贫瘠花岗岩镆矿石
appliedenergistics2:facade:0, 线缆伪装板 - 贫瘠闪长岩镆矿石
appliedenergistics2:facade:0, 线缆伪装板 - 贫瘠安山岩镆矿石
appliedenergistics2:facade:0, 线缆伪装板 - 贫瘠钕矿石
appliedenergistics2:facade:0, 线缆伪装板 - 贫瘠地狱岩钕矿石
appliedenergistics2:facade:0, 线缆伪装板 - 贫瘠末地石钕矿石
appliedenergistics2:facade:0, 线缆伪装板 - 贫瘠沙子钕矿石
appliedenergistics2:facade:0, 线缆伪装板 - 贫瘠红沙钕矿石
appliedenergistics2:facade:0, 线缆伪装板 - 贫瘠花岗岩钕矿石
appliedenergistics2:facade:0, 线缆伪装板 - 贫瘠闪长岩钕矿石
appliedenergistics2:facade:0, 线缆伪装板 - 贫瘠安山岩钕矿石
appliedenergistics2:facade:0, 线缆伪装板 - 贫瘠镎矿石
appliedenergistics2:facade:0, 线缆伪装板 - 贫瘠地狱岩镎矿石
appliedenergistics2:facade:0, 线缆伪装板 - 贫瘠末地石镎矿石
appliedenergistics2:facade:0, 线缆伪装板 - 贫瘠沙子镎矿石
appliedenergistics2:facade:0, 线缆伪装板 - 贫瘠红沙镎矿石
appliedenergistics2:facade:0, 线缆伪装板 - 贫瘠花岗岩镎矿石
appliedenergistics2:facade:0, 线缆伪装板 - 贫瘠闪长岩镎矿石
appliedenergistics2:facade:0, 线缆伪装板 - 贫瘠安山岩镎矿石
appliedenergistics2:facade:0, 线缆伪装板 - 贫瘠镍矿石
appliedenergistics2:facade:0, 线缆伪装板 - 贫瘠地狱岩镍矿石
appliedenergistics2:facade:0, 线缆伪装板 - 贫瘠末地石镍矿石
appliedenergistics2:facade:0, 线缆伪装板 - 贫瘠沙子镍矿石
appliedenergistics2:facade:0, 线缆伪装板 - 贫瘠红沙镍矿石
appliedenergistics2:facade:0, 线缆伪装板 - 贫瘠花岗岩镍矿石
appliedenergistics2:facade:0, 线缆伪装板 - 贫瘠闪长岩镍矿石
appliedenergistics2:facade:0, 线缆伪装板 - 贫瘠安山岩镍矿石
appliedenergistics2:facade:0, 线缆伪装板 - 贫瘠钅尔矿石
appliedenergistics2:facade:0, 线缆伪装板 - 贫瘠地狱岩钅尔矿石
appliedenergistics2:facade:0, 线缆伪装板 - 贫瘠末地石钅尔矿石
appliedenergistics2:facade:0, 线缆伪装板 - 贫瘠沙子钅尔矿石
appliedenergistics2:facade:0, 线缆伪装板 - 贫瘠红沙钅尔矿石
appliedenergistics2:facade:0, 线缆伪装板 - 贫瘠花岗岩钅尔矿石
appliedenergistics2:facade:0, 线缆伪装板 - 贫瘠闪长岩钅尔矿石
appliedenergistics2:facade:0, 线缆伪装板 - 贫瘠安山岩钅尔矿石
appliedenergistics2:facade:0, 线缆伪装板 - 贫瘠铌矿石
appliedenergistics2:facade:0, 线缆伪装板 - 贫瘠地狱岩铌矿石
appliedenergistics2:facade:0, 线缆伪装板 - 贫瘠末地石铌矿石
appliedenergistics2:facade:0, 线缆伪装板 - 贫瘠沙子铌矿石
appliedenergistics2:facade:0, 线缆伪装板 - 贫瘠红沙铌矿石
appliedenergistics2:facade:0, 线缆伪装板 - 贫瘠花岗岩铌矿石
appliedenergistics2:facade:0, 线缆伪装板 - 贫瘠闪长岩铌矿石
appliedenergistics2:facade:0, 线缆伪装板 - 贫瘠安山岩铌矿石
appliedenergistics2:facade:0, 线缆伪装板 - 贫瘠锘矿石
appliedenergistics2:facade:0, 线缆伪装板 - 贫瘠地狱岩锘矿石
appliedenergistics2:facade:0, 线缆伪装板 - 贫瘠末地石锘矿石
appliedenergistics2:facade:0, 线缆伪装板 - 贫瘠沙子锘矿石
appliedenergistics2:facade:0, 线缆伪装板 - 贫瘠红沙锘矿石
appliedenergistics2:facade:0, 线缆伪装板 - 贫瘠花岗岩锘矿石
appliedenergistics2:facade:0, 线缆伪装板 - 贫瘠闪长岩锘矿石
appliedenergistics2:facade:0, 线缆伪装板 - 贫瘠安山岩锘矿石
appliedenergistics2:facade:0, 线缆伪装板 - 贫瘠气奥矿石
appliedenergistics2:facade:0, 线缆伪装板 - 贫瘠地狱岩气奥矿石
appliedenergistics2:facade:0, 线缆伪装板 - 贫瘠末地石气奥矿石
appliedenergistics2:facade:0, 线缆伪装板 - 贫瘠沙子气奥矿石
appliedenergistics2:facade:0, 线缆伪装板 - 贫瘠红沙气奥矿石
appliedenergistics2:facade:0, 线缆伪装板 - 贫瘠花岗岩气奥矿石
appliedenergistics2:facade:0, 线缆伪装板 - 贫瘠闪长岩气奥矿石
appliedenergistics2:facade:0, 线缆伪装板 - 贫瘠安山岩气奥矿石
appliedenergistics2:facade:0, 线缆伪装板 - 贫瘠锇矿石
appliedenergistics2:facade:0, 线缆伪装板 - 贫瘠地狱岩锇矿石
appliedenergistics2:facade:0, 线缆伪装板 - 贫瘠末地石锇矿石
appliedenergistics2:facade:0, 线缆伪装板 - 贫瘠沙子锇矿石
appliedenergistics2:facade:0, 线缆伪装板 - 贫瘠红沙锇矿石
appliedenergistics2:facade:0, 线缆伪装板 - 贫瘠花岗岩锇矿石
appliedenergistics2:facade:0, 线缆伪装板 - 贫瘠闪长岩锇矿石
appliedenergistics2:facade:0, 线缆伪装板 - 贫瘠安山岩锇矿石
appliedenergistics2:facade:0, 线缆伪装板 - 贫瘠钯矿石
appliedenergistics2:facade:0, 线缆伪装板 - 贫瘠地狱岩钯矿石
appliedenergistics2:facade:0, 线缆伪装板 - 贫瘠末地石钯矿石
appliedenergistics2:facade:0, 线缆伪装板 - 贫瘠沙子钯矿石
appliedenergistics2:facade:0, 线缆伪装板 - 贫瘠红沙钯矿石
appliedenergistics2:facade:0, 线缆伪装板 - 贫瘠花岗岩钯矿石
appliedenergistics2:facade:0, 线缆伪装板 - 贫瘠闪长岩钯矿石
appliedenergistics2:facade:0, 线缆伪装板 - 贫瘠安山岩钯矿石
appliedenergistics2:facade:0, 线缆伪装板 - 贫瘠磷矿石
appliedenergistics2:facade:0, 线缆伪装板 - 贫瘠地狱岩磷矿石
appliedenergistics2:facade:0, 线缆伪装板 - 贫瘠末地石磷矿石
appliedenergistics2:facade:0, 线缆伪装板 - 贫瘠沙子磷矿石
appliedenergistics2:facade:0, 线缆伪装板 - 贫瘠红沙磷矿石
appliedenergistics2:facade:0, 线缆伪装板 - 贫瘠花岗岩磷矿石
appliedenergistics2:facade:0, 线缆伪装板 - 贫瘠闪长岩磷矿石
appliedenergistics2:facade:0, 线缆伪装板 - 贫瘠安山岩磷矿石
appliedenergistics2:facade:0, 线缆伪装板 - 贫瘠钋矿石
appliedenergistics2:facade:0, 线缆伪装板 - 贫瘠地狱岩钋矿石
appliedenergistics2:facade:0, 线缆伪装板 - 贫瘠末地石钋矿石
appliedenergistics2:facade:0, 线缆伪装板 - 贫瘠沙子钋矿石
appliedenergistics2:facade:0, 线缆伪装板 - 贫瘠红沙钋矿石
appliedenergistics2:facade:0, 线缆伪装板 - 贫瘠花岗岩钋矿石
appliedenergistics2:facade:0, 线缆伪装板 - 贫瘠闪长岩钋矿石
appliedenergistics2:facade:0, 线缆伪装板 - 贫瘠安山岩钋矿石
appliedenergistics2:facade:0, 线缆伪装板 - 贫瘠铂矿石
appliedenergistics2:facade:0, 线缆伪装板 - 贫瘠地狱岩铂矿石
appliedenergistics2:facade:0, 线缆伪装板 - 贫瘠末地石铂矿石
appliedenergistics2:facade:0, 线缆伪装板 - 贫瘠沙子铂矿石
appliedenergistics2:facade:0, 线缆伪装板 - 贫瘠红沙铂矿石
appliedenergistics2:facade:0, 线缆伪装板 - 贫瘠花岗岩铂矿石
appliedenergistics2:facade:0, 线缆伪装板 - 贫瘠闪长岩铂矿石
appliedenergistics2:facade:0, 线缆伪装板 - 贫瘠安山岩铂矿石
appliedenergistics2:facade:0, 线缆伪装板 - 贫瘠钚-239矿石
appliedenergistics2:facade:0, 线缆伪装板 - 贫瘠地狱岩钚-239矿石
appliedenergistics2:facade:0, 线缆伪装板 - 贫瘠末地石钚-239矿石
appliedenergistics2:facade:0, 线缆伪装板 - 贫瘠沙子钚-239矿石
appliedenergistics2:facade:0, 线缆伪装板 - 贫瘠红沙钚-239矿石
appliedenergistics2:facade:0, 线缆伪装板 - 贫瘠花岗岩钚-239矿石
appliedenergistics2:facade:0, 线缆伪装板 - 贫瘠闪长岩钚-239矿石
appliedenergistics2:facade:0, 线缆伪装板 - 贫瘠安山岩钚-239矿石
appliedenergistics2:facade:0, 线缆伪装板 - 贫瘠钚-241矿石
appliedenergistics2:facade:0, 线缆伪装板 - 贫瘠地狱岩钚-241矿石
appliedenergistics2:facade:0, 线缆伪装板 - 贫瘠末地石钚-241矿石
appliedenergistics2:facade:0, 线缆伪装板 - 贫瘠沙子钚-241矿石
appliedenergistics2:facade:0, 线缆伪装板 - 贫瘠红沙钚-241矿石
appliedenergistics2:facade:0, 线缆伪装板 - 贫瘠花岗岩钚-241矿石
appliedenergistics2:facade:0, 线缆伪装板 - 贫瘠闪长岩钚-241矿石
appliedenergistics2:facade:0, 线缆伪装板 - 贫瘠安山岩钚-241矿石
appliedenergistics2:facade:0, 线缆伪装板 - 贫瘠钾矿石
appliedenergistics2:facade:0, 线缆伪装板 - 贫瘠地狱岩钾矿石
appliedenergistics2:facade:0, 线缆伪装板 - 贫瘠末地石钾矿石
appliedenergistics2:facade:0, 线缆伪装板 - 贫瘠沙子钾矿石
appliedenergistics2:facade:0, 线缆伪装板 - 贫瘠红沙钾矿石
appliedenergistics2:facade:0, 线缆伪装板 - 贫瘠花岗岩钾矿石
appliedenergistics2:facade:0, 线缆伪装板 - 贫瘠闪长岩钾矿石
appliedenergistics2:facade:0, 线缆伪装板 - 贫瘠安山岩钾矿石
appliedenergistics2:facade:0, 线缆伪装板 - 贫瘠镨矿石
appliedenergistics2:facade:0, 线缆伪装板 - 贫瘠地狱岩镨矿石
appliedenergistics2:facade:0, 线缆伪装板 - 贫瘠末地石镨矿石
appliedenergistics2:facade:0, 线缆伪装板 - 贫瘠沙子镨矿石
appliedenergistics2:facade:0, 线缆伪装板 - 贫瘠红沙镨矿石
appliedenergistics2:facade:0, 线缆伪装板 - 贫瘠花岗岩镨矿石
appliedenergistics2:facade:0, 线缆伪装板 - 贫瘠闪长岩镨矿石
appliedenergistics2:facade:0, 线缆伪装板 - 贫瘠安山岩镨矿石
appliedenergistics2:facade:0, 线缆伪装板 - 贫瘠钷矿石
appliedenergistics2:facade:0, 线缆伪装板 - 贫瘠地狱岩钷矿石
appliedenergistics2:facade:0, 线缆伪装板 - 贫瘠末地石钷矿石
appliedenergistics2:facade:0, 线缆伪装板 - 贫瘠沙子钷矿石
appliedenergistics2:facade:0, 线缆伪装板 - 贫瘠红沙钷矿石
appliedenergistics2:facade:0, 线缆伪装板 - 贫瘠花岗岩钷矿石
appliedenergistics2:facade:0, 线缆伪装板 - 贫瘠闪长岩钷矿石
appliedenergistics2:facade:0, 线缆伪装板 - 贫瘠安山岩钷矿石
appliedenergistics2:facade:0, 线缆伪装板 - 贫瘠镤矿石
appliedenergistics2:facade:0, 线缆伪装板 - 贫瘠地狱岩镤矿石
appliedenergistics2:facade:0, 线缆伪装板 - 贫瘠末地石镤矿石
appliedenergistics2:facade:0, 线缆伪装板 - 贫瘠沙子镤矿石
appliedenergistics2:facade:0, 线缆伪装板 - 贫瘠红沙镤矿石
appliedenergistics2:facade:0, 线缆伪装板 - 贫瘠花岗岩镤矿石
appliedenergistics2:facade:0, 线缆伪装板 - 贫瘠闪长岩镤矿石
appliedenergistics2:facade:0, 线缆伪装板 - 贫瘠安山岩镤矿石
appliedenergistics2:facade:0, 线缆伪装板 - 贫瘠镭矿石
appliedenergistics2:facade:0, 线缆伪装板 - 贫瘠地狱岩镭矿石
appliedenergistics2:facade:0, 线缆伪装板 - 贫瘠末地石镭矿石
appliedenergistics2:facade:0, 线缆伪装板 - 贫瘠沙子镭矿石
appliedenergistics2:facade:0, 线缆伪装板 - 贫瘠红沙镭矿石
appliedenergistics2:facade:0, 线缆伪装板 - 贫瘠花岗岩镭矿石
appliedenergistics2:facade:0, 线缆伪装板 - 贫瘠闪长岩镭矿石
appliedenergistics2:facade:0, 线缆伪装板 - 贫瘠安山岩镭矿石
appliedenergistics2:facade:0, 线缆伪装板 - 贫瘠铼矿石
appliedenergistics2:facade:0, 线缆伪装板 - 贫瘠地狱岩铼矿石
appliedenergistics2:facade:0, 线缆伪装板 - 贫瘠末地石铼矿石
appliedenergistics2:facade:0, 线缆伪装板 - 贫瘠沙子铼矿石
appliedenergistics2:facade:0, 线缆伪装板 - 贫瘠红沙铼矿石
appliedenergistics2:facade:0, 线缆伪装板 - 贫瘠花岗岩铼矿石
appliedenergistics2:facade:0, 线缆伪装板 - 贫瘠闪长岩铼矿石
appliedenergistics2:facade:0, 线缆伪装板 - 贫瘠安山岩铼矿石
appliedenergistics2:facade:0, 线缆伪装板 - 贫瘠铑矿石
appliedenergistics2:facade:0, 线缆伪装板 - 贫瘠地狱岩铑矿石
appliedenergistics2:facade:0, 线缆伪装板 - 贫瘠末地石铑矿石
appliedenergistics2:facade:0, 线缆伪装板 - 贫瘠沙子铑矿石
appliedenergistics2:facade:0, 线缆伪装板 - 贫瘠红沙铑矿石
appliedenergistics2:facade:0, 线缆伪装板 - 贫瘠花岗岩铑矿石
appliedenergistics2:facade:0, 线缆伪装板 - 贫瘠闪长岩铑矿石
appliedenergistics2:facade:0, 线缆伪装板 - 贫瘠安山岩铑矿石
appliedenergistics2:facade:0, 线缆伪装板 - 贫瘠钅仑矿石
appliedenergistics2:facade:0, 线缆伪装板 - 贫瘠地狱岩钅仑矿石
appliedenergistics2:facade:0, 线缆伪装板 - 贫瘠末地石钅仑矿石
appliedenergistics2:facade:0, 线缆伪装板 - 贫瘠沙子钅仑矿石
appliedenergistics2:facade:0, 线缆伪装板 - 贫瘠红沙钅仑矿石
appliedenergistics2:facade:0, 线缆伪装板 - 贫瘠花岗岩钅仑矿石
appliedenergistics2:facade:0, 线缆伪装板 - 贫瘠闪长岩钅仑矿石
appliedenergistics2:facade:0, 线缆伪装板 - 贫瘠安山岩钅仑矿石
appliedenergistics2:facade:0, 线缆伪装板 - 贫瘠铷矿石
appliedenergistics2:facade:0, 线缆伪装板 - 贫瘠地狱岩铷矿石
appliedenergistics2:facade:0, 线缆伪装板 - 贫瘠末地石铷矿石
appliedenergistics2:facade:0, 线缆伪装板 - 贫瘠沙子铷矿石
appliedenergistics2:facade:0, 线缆伪装板 - 贫瘠红沙铷矿石
appliedenergistics2:facade:0, 线缆伪装板 - 贫瘠花岗岩铷矿石
appliedenergistics2:facade:0, 线缆伪装板 - 贫瘠闪长岩铷矿石
appliedenergistics2:facade:0, 线缆伪装板 - 贫瘠安山岩铷矿石
appliedenergistics2:facade:0, 线缆伪装板 - 贫瘠钌矿石
appliedenergistics2:facade:0, 线缆伪装板 - 贫瘠地狱岩钌矿石
appliedenergistics2:facade:0, 线缆伪装板 - 贫瘠末地石钌矿石
appliedenergistics2:facade:0, 线缆伪装板 - 贫瘠沙子钌矿石
appliedenergistics2:facade:0, 线缆伪装板 - 贫瘠红沙钌矿石
appliedenergistics2:facade:0, 线缆伪装板 - 贫瘠花岗岩钌矿石
appliedenergistics2:facade:0, 线缆伪装板 - 贫瘠闪长岩钌矿石
appliedenergistics2:facade:0, 线缆伪装板 - 贫瘠安山岩钌矿石
appliedenergistics2:facade:0, 线缆伪装板 - 贫瘠钅卢矿石
appliedenergistics2:facade:0, 线缆伪装板 - 贫瘠地狱岩钅卢矿石
appliedenergistics2:facade:0, 线缆伪装板 - 贫瘠末地石钅卢矿石
appliedenergistics2:facade:0, 线缆伪装板 - 贫瘠沙子钅卢矿石
appliedenergistics2:facade:0, 线缆伪装板 - 贫瘠红沙钅卢矿石
appliedenergistics2:facade:0, 线缆伪装板 - 贫瘠花岗岩钅卢矿石
appliedenergistics2:facade:0, 线缆伪装板 - 贫瘠闪长岩钅卢矿石
appliedenergistics2:facade:0, 线缆伪装板 - 贫瘠安山岩钅卢矿石
appliedenergistics2:facade:0, 线缆伪装板 - 贫瘠钐矿石
appliedenergistics2:facade:0, 线缆伪装板 - 贫瘠地狱岩钐矿石
appliedenergistics2:facade:0, 线缆伪装板 - 贫瘠末地石钐矿石
appliedenergistics2:facade:0, 线缆伪装板 - 贫瘠沙子钐矿石
appliedenergistics2:facade:0, 线缆伪装板 - 贫瘠红沙钐矿石
appliedenergistics2:facade:0, 线缆伪装板 - 贫瘠花岗岩钐矿石
appliedenergistics2:facade:0, 线缆伪装板 - 贫瘠闪长岩钐矿石
appliedenergistics2:facade:0, 线缆伪装板 - 贫瘠安山岩钐矿石
appliedenergistics2:facade:0, 线缆伪装板 - 贫瘠钪矿石
appliedenergistics2:facade:0, 线缆伪装板 - 贫瘠地狱岩钪矿石
appliedenergistics2:facade:0, 线缆伪装板 - 贫瘠末地石钪矿石
appliedenergistics2:facade:0, 线缆伪装板 - 贫瘠沙子钪矿石
appliedenergistics2:facade:0, 线缆伪装板 - 贫瘠红沙钪矿石
appliedenergistics2:facade:0, 线缆伪装板 - 贫瘠花岗岩钪矿石
appliedenergistics2:facade:0, 线缆伪装板 - 贫瘠闪长岩钪矿石
appliedenergistics2:facade:0, 线缆伪装板 - 贫瘠安山岩钪矿石
appliedenergistics2:facade:0, 线缆伪装板 - 贫瘠钅喜矿石
appliedenergistics2:facade:0, 线缆伪装板 - 贫瘠地狱岩钅喜矿石
appliedenergistics2:facade:0, 线缆伪装板 - 贫瘠末地石钅喜矿石
appliedenergistics2:facade:0, 线缆伪装板 - 贫瘠沙子钅喜矿石
appliedenergistics2:facade:0, 线缆伪装板 - 贫瘠红沙钅喜矿石
appliedenergistics2:facade:0, 线缆伪装板 - 贫瘠花岗岩钅喜矿石
appliedenergistics2:facade:0, 线缆伪装板 - 贫瘠闪长岩钅喜矿石
appliedenergistics2:facade:0, 线缆伪装板 - 贫瘠安山岩钅喜矿石
appliedenergistics2:facade:0, 线缆伪装板 - 贫瘠硒矿石
appliedenergistics2:facade:0, 线缆伪装板 - 贫瘠地狱岩硒矿石
appliedenergistics2:facade:0, 线缆伪装板 - 贫瘠末地石硒矿石
appliedenergistics2:facade:0, 线缆伪装板 - 贫瘠沙子硒矿石
appliedenergistics2:facade:0, 线缆伪装板 - 贫瘠红沙硒矿石
appliedenergistics2:facade:0, 线缆伪装板 - 贫瘠花岗岩硒矿石
appliedenergistics2:facade:0, 线缆伪装板 - 贫瘠闪长岩硒矿石
appliedenergistics2:facade:0, 线缆伪装板 - 贫瘠安山岩硒矿石
appliedenergistics2:facade:0, 线缆伪装板 - 贫瘠硅矿石
appliedenergistics2:facade:0, 线缆伪装板 - 贫瘠地狱岩硅矿石
appliedenergistics2:facade:0, 线缆伪装板 - 贫瘠末地石硅矿石
appliedenergistics2:facade:0, 线缆伪装板 - 贫瘠沙子硅矿石
appliedenergistics2:facade:0, 线缆伪装板 - 贫瘠红沙硅矿石
appliedenergistics2:facade:0, 线缆伪装板 - 贫瘠花岗岩硅矿石
appliedenergistics2:facade:0, 线缆伪装板 - 贫瘠闪长岩硅矿石
appliedenergistics2:facade:0, 线缆伪装板 - 贫瘠安山岩硅矿石
appliedenergistics2:facade:0, 线缆伪装板 - 贫瘠银矿石
appliedenergistics2:facade:0, 线缆伪装板 - 贫瘠地狱岩银矿石
appliedenergistics2:facade:0, 线缆伪装板 - 贫瘠末地石银矿石
appliedenergistics2:facade:0, 线缆伪装板 - 贫瘠沙子银矿石
appliedenergistics2:facade:0, 线缆伪装板 - 贫瘠红沙银矿石
appliedenergistics2:facade:0, 线缆伪装板 - 贫瘠花岗岩银矿石
appliedenergistics2:facade:0, 线缆伪装板 - 贫瘠闪长岩银矿石
appliedenergistics2:facade:0, 线缆伪装板 - 贫瘠安山岩银矿石
appliedenergistics2:facade:0, 线缆伪装板 - 贫瘠钠矿石
appliedenergistics2:facade:0, 线缆伪装板 - 贫瘠地狱岩钠矿石
appliedenergistics2:facade:0, 线缆伪装板 - 贫瘠末地石钠矿石
appliedenergistics2:facade:0, 线缆伪装板 - 贫瘠沙子钠矿石
appliedenergistics2:facade:0, 线缆伪装板 - 贫瘠红沙钠矿石
appliedenergistics2:facade:0, 线缆伪装板 - 贫瘠花岗岩钠矿石
appliedenergistics2:facade:0, 线缆伪装板 - 贫瘠闪长岩钠矿石
appliedenergistics2:facade:0, 线缆伪装板 - 贫瘠安山岩钠矿石
appliedenergistics2:facade:0, 线缆伪装板 - 贫瘠锶矿石
appliedenergistics2:facade:0, 线缆伪装板 - 贫瘠地狱岩锶矿石
appliedenergistics2:facade:0, 线缆伪装板 - 贫瘠末地石锶矿石
appliedenergistics2:facade:0, 线缆伪装板 - 贫瘠沙子锶矿石
appliedenergistics2:facade:0, 线缆伪装板 - 贫瘠红沙锶矿石
appliedenergistics2:facade:0, 线缆伪装板 - 贫瘠花岗岩锶矿石
appliedenergistics2:facade:0, 线缆伪装板 - 贫瘠闪长岩锶矿石
appliedenergistics2:facade:0, 线缆伪装板 - 贫瘠安山岩锶矿石
appliedenergistics2:facade:0, 线缆伪装板 - 贫瘠硫矿石
appliedenergistics2:facade:0, 线缆伪装板 - 贫瘠地狱岩硫矿石
appliedenergistics2:facade:0, 线缆伪装板 - 贫瘠末地石硫矿石
appliedenergistics2:facade:0, 线缆伪装板 - 贫瘠沙子硫矿石
appliedenergistics2:facade:0, 线缆伪装板 - 贫瘠红沙硫矿石
appliedenergistics2:facade:0, 线缆伪装板 - 贫瘠花岗岩硫矿石
appliedenergistics2:facade:0, 线缆伪装板 - 贫瘠闪长岩硫矿石
appliedenergistics2:facade:0, 线缆伪装板 - 贫瘠安山岩硫矿石
appliedenergistics2:facade:0, 线缆伪装板 - 贫瘠钽矿石
appliedenergistics2:facade:0, 线缆伪装板 - 贫瘠地狱岩钽矿石
appliedenergistics2:facade:0, 线缆伪装板 - 贫瘠末地石钽矿石
appliedenergistics2:facade:0, 线缆伪装板 - 贫瘠沙子钽矿石
appliedenergistics2:facade:0, 线缆伪装板 - 贫瘠红沙钽矿石
appliedenergistics2:facade:0, 线缆伪装板 - 贫瘠花岗岩钽矿石
appliedenergistics2:facade:0, 线缆伪装板 - 贫瘠闪长岩钽矿石
appliedenergistics2:facade:0, 线缆伪装板 - 贫瘠安山岩钽矿石
appliedenergistics2:facade:0, 线缆伪装板 - 贫瘠锝矿石
appliedenergistics2:facade:0, 线缆伪装板 - 贫瘠地狱岩锝矿石
appliedenergistics2:facade:0, 线缆伪装板 - 贫瘠末地石锝矿石
appliedenergistics2:facade:0, 线缆伪装板 - 贫瘠沙子锝矿石
appliedenergistics2:facade:0, 线缆伪装板 - 贫瘠红沙锝矿石
appliedenergistics2:facade:0, 线缆伪装板 - 贫瘠花岗岩锝矿石
appliedenergistics2:facade:0, 线缆伪装板 - 贫瘠闪长岩锝矿石
appliedenergistics2:facade:0, 线缆伪装板 - 贫瘠安山岩锝矿石
appliedenergistics2:facade:0, 线缆伪装板 - 贫瘠碲矿石
appliedenergistics2:facade:0, 线缆伪装板 - 贫瘠地狱岩碲矿石
appliedenergistics2:facade:0, 线缆伪装板 - 贫瘠末地石碲矿石
appliedenergistics2:facade:0, 线缆伪装板 - 贫瘠沙子碲矿石
appliedenergistics2:facade:0, 线缆伪装板 - 贫瘠红沙碲矿石
appliedenergistics2:facade:0, 线缆伪装板 - 贫瘠花岗岩碲矿石
appliedenergistics2:facade:0, 线缆伪装板 - 贫瘠闪长岩碲矿石
appliedenergistics2:facade:0, 线缆伪装板 - 贫瘠安山岩碲矿石
appliedenergistics2:facade:0, 线缆伪装板 - 贫瘠石田矿石
appliedenergistics2:facade:0, 线缆伪装板 - 贫瘠地狱岩石田矿石
appliedenergistics2:facade:0, 线缆伪装板 - 贫瘠末地石石田矿石
appliedenergistics2:facade:0, 线缆伪装板 - 贫瘠沙子石田矿石
appliedenergistics2:facade:0, 线缆伪装板 - 贫瘠红沙石田矿石
appliedenergistics2:facade:0, 线缆伪装板 - 贫瘠花岗岩石田矿石
appliedenergistics2:facade:0, 线缆伪装板 - 贫瘠闪长岩石田矿石
appliedenergistics2:facade:0, 线缆伪装板 - 贫瘠安山岩石田矿石
appliedenergistics2:facade:0, 线缆伪装板 - 贫瘠铽矿石
appliedenergistics2:facade:0, 线缆伪装板 - 贫瘠地狱岩铽矿石
appliedenergistics2:facade:0, 线缆伪装板 - 贫瘠末地石铽矿石
appliedenergistics2:facade:0, 线缆伪装板 - 贫瘠沙子铽矿石
appliedenergistics2:facade:0, 线缆伪装板 - 贫瘠红沙铽矿石
appliedenergistics2:facade:0, 线缆伪装板 - 贫瘠花岗岩铽矿石
appliedenergistics2:facade:0, 线缆伪装板 - 贫瘠闪长岩铽矿石
appliedenergistics2:facade:0, 线缆伪装板 - 贫瘠安山岩铽矿石
appliedenergistics2:facade:0, 线缆伪装板 - 贫瘠钍矿石
appliedenergistics2:facade:0, 线缆伪装板 - 贫瘠地狱岩钍矿石
appliedenergistics2:facade:0, 线缆伪装板 - 贫瘠末地石钍矿石
appliedenergistics2:facade:0, 线缆伪装板 - 贫瘠沙子钍矿石
appliedenergistics2:facade:0, 线缆伪装板 - 贫瘠红沙钍矿石
appliedenergistics2:facade:0, 线缆伪装板 - 贫瘠花岗岩钍矿石
appliedenergistics2:facade:0, 线缆伪装板 - 贫瘠闪长岩钍矿石
appliedenergistics2:facade:0, 线缆伪装板 - 贫瘠安山岩钍矿石
appliedenergistics2:facade:0, 线缆伪装板 - 贫瘠铊矿石
appliedenergistics2:facade:0, 线缆伪装板 - 贫瘠地狱岩铊矿石
appliedenergistics2:facade:0, 线缆伪装板 - 贫瘠末地石铊矿石
appliedenergistics2:facade:0, 线缆伪装板 - 贫瘠沙子铊矿石
appliedenergistics2:facade:0, 线缆伪装板 - 贫瘠红沙铊矿石
appliedenergistics2:facade:0, 线缆伪装板 - 贫瘠花岗岩铊矿石
appliedenergistics2:facade:0, 线缆伪装板 - 贫瘠闪长岩铊矿石
appliedenergistics2:facade:0, 线缆伪装板 - 贫瘠安山岩铊矿石
appliedenergistics2:facade:0, 线缆伪装板 - 贫瘠铥矿石
appliedenergistics2:facade:0, 线缆伪装板 - 贫瘠地狱岩铥矿石
appliedenergistics2:facade:0, 线缆伪装板 - 贫瘠末地石铥矿石
appliedenergistics2:facade:0, 线缆伪装板 - 贫瘠沙子铥矿石
appliedenergistics2:facade:0, 线缆伪装板 - 贫瘠红沙铥矿石
appliedenergistics2:facade:0, 线缆伪装板 - 贫瘠花岗岩铥矿石
appliedenergistics2:facade:0, 线缆伪装板 - 贫瘠闪长岩铥矿石
appliedenergistics2:facade:0, 线缆伪装板 - 贫瘠安山岩铥矿石
appliedenergistics2:facade:0, 线缆伪装板 - 贫瘠锡矿石
appliedenergistics2:facade:0, 线缆伪装板 - 贫瘠地狱岩锡矿石
appliedenergistics2:facade:0, 线缆伪装板 - 贫瘠末地石锡矿石
appliedenergistics2:facade:0, 线缆伪装板 - 贫瘠沙子锡矿石
appliedenergistics2:facade:0, 线缆伪装板 - 贫瘠红沙锡矿石
appliedenergistics2:facade:0, 线缆伪装板 - 贫瘠花岗岩锡矿石
appliedenergistics2:facade:0, 线缆伪装板 - 贫瘠闪长岩锡矿石
appliedenergistics2:facade:0, 线缆伪装板 - 贫瘠安山岩锡矿石
appliedenergistics2:facade:0, 线缆伪装板 - 贫瘠钛矿石
appliedenergistics2:facade:0, 线缆伪装板 - 贫瘠地狱岩钛矿石
appliedenergistics2:facade:0, 线缆伪装板 - 贫瘠末地石钛矿石
appliedenergistics2:facade:0, 线缆伪装板 - 贫瘠沙子钛矿石
appliedenergistics2:facade:0, 线缆伪装板 - 贫瘠红沙钛矿石
appliedenergistics2:facade:0, 线缆伪装板 - 贫瘠花岗岩钛矿石
appliedenergistics2:facade:0, 线缆伪装板 - 贫瘠闪长岩钛矿石
appliedenergistics2:facade:0, 线缆伪装板 - 贫瘠安山岩钛矿石
appliedenergistics2:facade:0, 线缆伪装板 - 贫瘠钨矿石
appliedenergistics2:facade:0, 线缆伪装板 - 贫瘠地狱岩钨矿石
appliedenergistics2:facade:0, 线缆伪装板 - 贫瘠末地石钨矿石
appliedenergistics2:facade:0, 线缆伪装板 - 贫瘠沙子钨矿石
appliedenergistics2:facade:0, 线缆伪装板 - 贫瘠红沙钨矿石
appliedenergistics2:facade:0, 线缆伪装板 - 贫瘠花岗岩钨矿石
appliedenergistics2:facade:0, 线缆伪装板 - 贫瘠闪长岩钨矿石
appliedenergistics2:facade:0, 线缆伪装板 - 贫瘠安山岩钨矿石
appliedenergistics2:facade:0, 线缆伪装板 - 贫瘠铀矿石
appliedenergistics2:facade:0, 线缆伪装板 - 贫瘠地狱岩铀矿石
appliedenergistics2:facade:0, 线缆伪装板 - 贫瘠末地石铀矿石
appliedenergistics2:facade:0, 线缆伪装板 - 贫瘠沙子铀矿石
appliedenergistics2:facade:0, 线缆伪装板 - 贫瘠红沙铀矿石
appliedenergistics2:facade:0, 线缆伪装板 - 贫瘠花岗岩铀矿石
appliedenergistics2:facade:0, 线缆伪装板 - 贫瘠闪长岩铀矿石
appliedenergistics2:facade:0, 线缆伪装板 - 贫瘠安山岩铀矿石
appliedenergistics2:facade:0, 线缆伪装板 - 贫瘠铀-235矿石
appliedenergistics2:facade:0, 线缆伪装板 - 贫瘠地狱岩铀-235矿石
appliedenergistics2:facade:0, 线缆伪装板 - 贫瘠末地石铀-235矿石
appliedenergistics2:facade:0, 线缆伪装板 - 贫瘠沙子铀-235矿石
appliedenergistics2:facade:0, 线缆伪装板 - 贫瘠红沙铀-235矿石
appliedenergistics2:facade:0, 线缆伪装板 - 贫瘠花岗岩铀-235矿石
appliedenergistics2:facade:0, 线缆伪装板 - 贫瘠闪长岩铀-235矿石
appliedenergistics2:facade:0, 线缆伪装板 - 贫瘠安山岩铀-235矿石
appliedenergistics2:facade:0, 线缆伪装板 - 贫瘠钒矿石
appliedenergistics2:facade:0, 线缆伪装板 - 贫瘠地狱岩钒矿石
appliedenergistics2:facade:0, 线缆伪装板 - 贫瘠末地石钒矿石
appliedenergistics2:facade:0, 线缆伪装板 - 贫瘠沙子钒矿石
appliedenergistics2:facade:0, 线缆伪装板 - 贫瘠红沙钒矿石
appliedenergistics2:facade:0, 线缆伪装板 - 贫瘠花岗岩钒矿石
appliedenergistics2:facade:0, 线缆伪装板 - 贫瘠闪长岩钒矿石
appliedenergistics2:facade:0, 线缆伪装板 - 贫瘠安山岩钒矿石
appliedenergistics2:facade:0, 线缆伪装板 - 贫瘠镱矿石
appliedenergistics2:facade:0, 线缆伪装板 - 贫瘠地狱岩镱矿石
appliedenergistics2:facade:0, 线缆伪装板 - 贫瘠末地石镱矿石
appliedenergistics2:facade:0, 线缆伪装板 - 贫瘠沙子镱矿石
appliedenergistics2:facade:0, 线缆伪装板 - 贫瘠红沙镱矿石
appliedenergistics2:facade:0, 线缆伪装板 - 贫瘠花岗岩镱矿石
appliedenergistics2:facade:0, 线缆伪装板 - 贫瘠闪长岩镱矿石
appliedenergistics2:facade:0, 线缆伪装板 - 贫瘠安山岩镱矿石
appliedenergistics2:facade:0, 线缆伪装板 - 贫瘠钇矿石
appliedenergistics2:facade:0, 线缆伪装板 - 贫瘠地狱岩钇矿石
appliedenergistics2:facade:0, 线缆伪装板 - 贫瘠末地石钇矿石
appliedenergistics2:facade:0, 线缆伪装板 - 贫瘠沙子钇矿石
appliedenergistics2:facade:0, 线缆伪装板 - 贫瘠红沙钇矿石
appliedenergistics2:facade:0, 线缆伪装板 - 贫瘠花岗岩钇矿石
appliedenergistics2:facade:0, 线缆伪装板 - 贫瘠闪长岩钇矿石
appliedenergistics2:facade:0, 线缆伪装板 - 贫瘠安山岩钇矿石
appliedenergistics2:facade:0, 线缆伪装板 - 贫瘠锌矿石
appliedenergistics2:facade:0, 线缆伪装板 - 贫瘠地狱岩锌矿石
appliedenergistics2:facade:0, 线缆伪装板 - 贫瘠末地石锌矿石
appliedenergistics2:facade:0, 线缆伪装板 - 贫瘠沙子锌矿石
appliedenergistics2:facade:0, 线缆伪装板 - 贫瘠红沙锌矿石
appliedenergistics2:facade:0, 线缆伪装板 - 贫瘠花岗岩锌矿石
appliedenergistics2:facade:0, 线缆伪装板 - 贫瘠闪长岩锌矿石
appliedenergistics2:facade:0, 线缆伪装板 - 贫瘠安山岩锌矿石
appliedenergistics2:facade:0, 线缆伪装板 - 贫瘠锆矿石
appliedenergistics2:facade:0, 线缆伪装板 - 贫瘠地狱岩锆矿石
appliedenergistics2:facade:0, 线缆伪装板 - 贫瘠末地石锆矿石
appliedenergistics2:facade:0, 线缆伪装板 - 贫瘠沙子锆矿石
appliedenergistics2:facade:0, 线缆伪装板 - 贫瘠红沙锆矿石
appliedenergistics2:facade:0, 线缆伪装板 - 贫瘠花岗岩锆矿石
appliedenergistics2:facade:0, 线缆伪装板 - 贫瘠闪长岩锆矿石
appliedenergistics2:facade:0, 线缆伪装板 - 贫瘠安山岩锆矿石
appliedenergistics2:facade:0, 线缆伪装板 - 贫瘠硅岩矿石
appliedenergistics2:facade:0, 线缆伪装板 - 贫瘠地狱岩硅岩矿石
appliedenergistics2:facade:0, 线缆伪装板 - 贫瘠末地石硅岩矿石
appliedenergistics2:facade:0, 线缆伪装板 - 贫瘠沙子硅岩矿石
appliedenergistics2:facade:0, 线缆伪装板 - 贫瘠红沙硅岩矿石
appliedenergistics2:facade:0, 线缆伪装板 - 贫瘠花岗岩硅岩矿石
appliedenergistics2:facade:0, 线缆伪装板 - 贫瘠闪长岩硅岩矿石
appliedenergistics2:facade:0, 线缆伪装板 - 贫瘠安山岩硅岩矿石
appliedenergistics2:facade:0, 线缆伪装板 - 贫瘠富集硅岩矿石
appliedenergistics2:facade:0, 线缆伪装板 - 贫瘠地狱岩富集硅岩矿石
appliedenergistics2:facade:0, 线缆伪装板 - 贫瘠末地石富集硅岩矿石
appliedenergistics2:facade:0, 线缆伪装板 - 贫瘠沙子富集硅岩矿石
appliedenergistics2:facade:0, 线缆伪装板 - 贫瘠红沙富集硅岩矿石
appliedenergistics2:facade:0, 线缆伪装板 - 贫瘠花岗岩富集硅岩矿石
appliedenergistics2:facade:0, 线缆伪装板 - 贫瘠闪长岩富集硅岩矿石
appliedenergistics2:facade:0, 线缆伪装板 - 贫瘠安山岩富集硅岩矿石
appliedenergistics2:facade:0, 线缆伪装板 - 贫瘠超能硅岩矿石
appliedenergistics2:facade:0, 线缆伪装板 - 贫瘠地狱岩超能硅岩矿石
appliedenergistics2:facade:0, 线缆伪装板 - 贫瘠末地石超能硅岩矿石
appliedenergistics2:facade:0, 线缆伪装板 - 贫瘠沙子超能硅岩矿石
appliedenergistics2:facade:0, 线缆伪装板 - 贫瘠红沙超能硅岩矿石
appliedenergistics2:facade:0, 线缆伪装板 - 贫瘠花岗岩超能硅岩矿石
appliedenergistics2:facade:0, 线缆伪装板 - 贫瘠闪长岩超能硅岩矿石
appliedenergistics2:facade:0, 线缆伪装板 - 贫瘠安山岩超能硅岩矿石
appliedenergistics2:facade:0, 线缆伪装板 - 贫瘠中子素矿石
appliedenergistics2:facade:0, 线缆伪装板 - 贫瘠地狱岩中子素矿石
appliedenergistics2:facade:0, 线缆伪装板 - 贫瘠末地石中子素矿石
appliedenergistics2:facade:0, 线缆伪装板 - 贫瘠沙子中子素矿石
appliedenergistics2:facade:0, 线缆伪装板 - 贫瘠红沙中子素矿石
appliedenergistics2:facade:0, 线缆伪装板 - 贫瘠花岗岩中子素矿石
appliedenergistics2:facade:0, 线缆伪装板 - 贫瘠闪长岩中子素矿石
appliedenergistics2:facade:0, 线缆伪装板 - 贫瘠安山岩中子素矿石
appliedenergistics2:facade:0, 线缆伪装板 - 贫瘠三钛合金矿石
appliedenergistics2:facade:0, 线缆伪装板 - 贫瘠地狱岩三钛合金矿石
appliedenergistics2:facade:0, 线缆伪装板 - 贫瘠末地石三钛合金矿石
appliedenergistics2:facade:0, 线缆伪装板 - 贫瘠沙子三钛合金矿石
appliedenergistics2:facade:0, 线缆伪装板 - 贫瘠红沙三钛合金矿石
appliedenergistics2:facade:0, 线缆伪装板 - 贫瘠花岗岩三钛合金矿石
appliedenergistics2:facade:0, 线缆伪装板 - 贫瘠闪长岩三钛合金矿石
appliedenergistics2:facade:0, 线缆伪装板 - 贫瘠安山岩三钛合金矿石
appliedenergistics2:facade:0, 线缆伪装板 - 贫瘠铿铀矿石
appliedenergistics2:facade:0, 线缆伪装板 - 贫瘠地狱岩铿铀矿石
appliedenergistics2:facade:0, 线缆伪装板 - 贫瘠末地石铿铀矿石
appliedenergistics2:facade:0, 线缆伪装板 - 贫瘠沙子铿铀矿石
appliedenergistics2:facade:0, 线缆伪装板 - 贫瘠红沙铿铀矿石
appliedenergistics2:facade:0, 线缆伪装板 - 贫瘠花岗岩铿铀矿石
appliedenergistics2:facade:0, 线缆伪装板 - 贫瘠闪长岩铿铀矿石
appliedenergistics2:facade:0, 线缆伪装板 - 贫瘠安山岩铿铀矿石
appliedenergistics2:facade:0, 线缆伪装板 - 贫瘠凯金矿石
appliedenergistics2:facade:0, 线缆伪装板 - 贫瘠地狱岩凯金矿石
appliedenergistics2:facade:0, 线缆伪装板 - 贫瘠末地石凯金矿石
appliedenergistics2:facade:0, 线缆伪装板 - 贫瘠沙子凯金矿石
appliedenergistics2:facade:0, 线缆伪装板 - 贫瘠红沙凯金矿石
appliedenergistics2:facade:0, 线缆伪装板 - 贫瘠花岗岩凯金矿石
appliedenergistics2:facade:0, 线缆伪装板 - 贫瘠闪长岩凯金矿石
appliedenergistics2:facade:0, 线缆伪装板 - 贫瘠安山岩凯金矿石
appliedenergistics2:facade:0, 线缆伪装板 - 贫瘠铀-238矿石
appliedenergistics2:facade:0, 线缆伪装板 - 贫瘠地狱岩铀-238矿石
appliedenergistics2:facade:0, 线缆伪装板 - 贫瘠末地石铀-238矿石
appliedenergistics2:facade:0, 线缆伪装板 - 贫瘠沙子铀-238矿石
appliedenergistics2:facade:0, 线缆伪装板 - 贫瘠红沙铀-238矿石
appliedenergistics2:facade:0, 线缆伪装板 - 贫瘠花岗岩铀-238矿石
appliedenergistics2:facade:0, 线缆伪装板 - 贫瘠闪长岩铀-238矿石
appliedenergistics2:facade:0, 线缆伪装板 - 贫瘠安山岩铀-238矿石
appliedenergistics2:facade:0, 线缆伪装板 - 贫瘠钚矿石
appliedenergistics2:facade:0, 线缆伪装板 - 贫瘠地狱岩钚矿石
appliedenergistics2:facade:0, 线缆伪装板 - 贫瘠末地石钚矿石
appliedenergistics2:facade:0, 线缆伪装板 - 贫瘠沙子钚矿石
appliedenergistics2:facade:0, 线缆伪装板 - 贫瘠红沙钚矿石
appliedenergistics2:facade:0, 线缆伪装板 - 贫瘠花岗岩钚矿石
appliedenergistics2:facade:0, 线缆伪装板 - 贫瘠闪长岩钚矿石
appliedenergistics2:facade:0, 线缆伪装板 - 贫瘠安山岩钚矿石
appliedenergistics2:facade:0, 线缆伪装板 - 贫瘠镭-225矿石
appliedenergistics2:facade:0, 线缆伪装板 - 贫瘠地狱岩镭-225矿石
appliedenergistics2:facade:0, 线缆伪装板 - 贫瘠末地石镭-225矿石
appliedenergistics2:facade:0, 线缆伪装板 - 贫瘠沙子镭-225矿石
appliedenergistics2:facade:0, 线缆伪装板 - 贫瘠红沙镭-225矿石
appliedenergistics2:facade:0, 线缆伪装板 - 贫瘠花岗岩镭-225矿石
appliedenergistics2:facade:0, 线缆伪装板 - 贫瘠闪长岩镭-225矿石
appliedenergistics2:facade:0, 线缆伪装板 - 贫瘠安山岩镭-225矿石
appliedenergistics2:facade:0, 线缆伪装板 - 贫瘠镭-226矿石
appliedenergistics2:facade:0, 线缆伪装板 - 贫瘠地狱岩镭-226矿石
appliedenergistics2:facade:0, 线缆伪装板 - 贫瘠末地石镭-226矿石
appliedenergistics2:facade:0, 线缆伪装板 - 贫瘠沙子镭-226矿石
appliedenergistics2:facade:0, 线缆伪装板 - 贫瘠红沙镭-226矿石
appliedenergistics2:facade:0, 线缆伪装板 - 贫瘠花岗岩镭-226矿石
appliedenergistics2:facade:0, 线缆伪装板 - 贫瘠闪长岩镭-226矿石
appliedenergistics2:facade:0, 线缆伪装板 - 贫瘠安山岩镭-226矿石
appliedenergistics2:facade:0, 线缆伪装板 - 贫瘠镤-231矿石
appliedenergistics2:facade:0, 线缆伪装板 - 贫瘠地狱岩镤-231矿石
appliedenergistics2:facade:0, 线缆伪装板 - 贫瘠末地石镤-231矿石
appliedenergistics2:facade:0, 线缆伪装板 - 贫瘠沙子镤-231矿石
appliedenergistics2:facade:0, 线缆伪装板 - 贫瘠红沙镤-231矿石
appliedenergistics2:facade:0, 线缆伪装板 - 贫瘠花岗岩镤-231矿石
appliedenergistics2:facade:0, 线缆伪装板 - 贫瘠闪长岩镤-231矿石
appliedenergistics2:facade:0, 线缆伪装板 - 贫瘠安山岩镤-231矿石
appliedenergistics2:facade:0, 线缆伪装板 - 贫瘠镤-233矿石
appliedenergistics2:facade:0, 线缆伪装板 - 贫瘠地狱岩镤-233矿石
appliedenergistics2:facade:0, 线缆伪装板 - 贫瘠末地石镤-233矿石
appliedenergistics2:facade:0, 线缆伪装板 - 贫瘠沙子镤-233矿石
appliedenergistics2:facade:0, 线缆伪装板 - 贫瘠红沙镤-233矿石
appliedenergistics2:facade:0, 线缆伪装板 - 贫瘠花岗岩镤-233矿石
appliedenergistics2:facade:0, 线缆伪装板 - 贫瘠闪长岩镤-233矿石
appliedenergistics2:facade:0, 线缆伪装板 - 贫瘠安山岩镤-233矿石
appliedenergistics2:facade:0, 线缆伪装板 - 贫瘠铀-232矿石
appliedenergistics2:facade:0, 线缆伪装板 - 贫瘠地狱岩铀-232矿石
appliedenergistics2:facade:0, 线缆伪装板 - 贫瘠末地石铀-232矿石
appliedenergistics2:facade:0, 线缆伪装板 - 贫瘠沙子铀-232矿石
appliedenergistics2:facade:0, 线缆伪装板 - 贫瘠红沙铀-232矿石
appliedenergistics2:facade:0, 线缆伪装板 - 贫瘠花岗岩铀-232矿石
appliedenergistics2:facade:0, 线缆伪装板 - 贫瘠闪长岩铀-232矿石
appliedenergistics2:facade:0, 线缆伪装板 - 贫瘠安山岩铀-232矿石
appliedenergistics2:facade:0, 线缆伪装板 - 贫瘠铀-233矿石
appliedenergistics2:facade:0, 线缆伪装板 - 贫瘠地狱岩铀-233矿石
appliedenergistics2:facade:0, 线缆伪装板 - 贫瘠末地石铀-233矿石
appliedenergistics2:facade:0, 线缆伪装板 - 贫瘠沙子铀-233矿石
appliedenergistics2:facade:0, 线缆伪装板 - 贫瘠红沙铀-233矿石
appliedenergistics2:facade:0, 线缆伪装板 - 贫瘠花岗岩铀-233矿石
appliedenergistics2:facade:0, 线缆伪装板 - 贫瘠闪长岩铀-233矿石
appliedenergistics2:facade:0, 线缆伪装板 - 贫瘠安山岩铀-233矿石
appliedenergistics2:facade:0, 线缆伪装板 - 贫瘠铀-234矿石
appliedenergistics2:facade:0, 线缆伪装板 - 贫瘠地狱岩铀-234矿石
appliedenergistics2:facade:0, 线缆伪装板 - 贫瘠末地石铀-234矿石
appliedenergistics2:facade:0, 线缆伪装板 - 贫瘠沙子铀-234矿石
appliedenergistics2:facade:0, 线缆伪装板 - 贫瘠红沙铀-234矿石
appliedenergistics2:facade:0, 线缆伪装板 - 贫瘠花岗岩铀-234矿石
appliedenergistics2:facade:0, 线缆伪装板 - 贫瘠闪长岩铀-234矿石
appliedenergistics2:facade:0, 线缆伪装板 - 贫瘠安山岩铀-234矿石
appliedenergistics2:facade:0, 线缆伪装板 - 贫瘠铀-236矿石
appliedenergistics2:facade:0, 线缆伪装板 - 贫瘠地狱岩铀-236矿石
appliedenergistics2:facade:0, 线缆伪装板 - 贫瘠末地石铀-236矿石
appliedenergistics2:facade:0, 线缆伪装板 - 贫瘠沙子铀-236矿石
appliedenergistics2:facade:0, 线缆伪装板 - 贫瘠红沙铀-236矿石
appliedenergistics2:facade:0, 线缆伪装板 - 贫瘠花岗岩铀-236矿石
appliedenergistics2:facade:0, 线缆伪装板 - 贫瘠闪长岩铀-236矿石
appliedenergistics2:facade:0, 线缆伪装板 - 贫瘠安山岩铀-236矿石
appliedenergistics2:facade:0, 线缆伪装板 - 贫瘠铀-237矿石
appliedenergistics2:facade:0, 线缆伪装板 - 贫瘠地狱岩铀-237矿石
appliedenergistics2:facade:0, 线缆伪装板 - 贫瘠末地石铀-237矿石
appliedenergistics2:facade:0, 线缆伪装板 - 贫瘠沙子铀-237矿石
appliedenergistics2:facade:0, 线缆伪装板 - 贫瘠红沙铀-237矿石
appliedenergistics2:facade:0, 线缆伪装板 - 贫瘠花岗岩铀-237矿石
appliedenergistics2:facade:0, 线缆伪装板 - 贫瘠闪长岩铀-237矿石
appliedenergistics2:facade:0, 线缆伪装板 - 贫瘠安山岩铀-237矿石
appliedenergistics2:facade:0, 线缆伪装板 - 贫瘠铀-239矿石
appliedenergistics2:facade:0, 线缆伪装板 - 贫瘠地狱岩铀-239矿石
appliedenergistics2:facade:0, 线缆伪装板 - 贫瘠末地石铀-239矿石
appliedenergistics2:facade:0, 线缆伪装板 - 贫瘠沙子铀-239矿石
appliedenergistics2:facade:0, 线缆伪装板 - 贫瘠红沙铀-239矿石
appliedenergistics2:facade:0, 线缆伪装板 - 贫瘠花岗岩铀-239矿石
appliedenergistics2:facade:0, 线缆伪装板 - 贫瘠闪长岩铀-239矿石
appliedenergistics2:facade:0, 线缆伪装板 - 贫瘠安山岩铀-239矿石
appliedenergistics2:facade:0, 线缆伪装板 - 贫瘠镎-235矿石
appliedenergistics2:facade:0, 线缆伪装板 - 贫瘠地狱岩镎-235矿石
appliedenergistics2:facade:0, 线缆伪装板 - 贫瘠末地石镎-235矿石
appliedenergistics2:facade:0, 线缆伪装板 - 贫瘠沙子镎-235矿石
appliedenergistics2:facade:0, 线缆伪装板 - 贫瘠红沙镎-235矿石
appliedenergistics2:facade:0, 线缆伪装板 - 贫瘠花岗岩镎-235矿石
appliedenergistics2:facade:0, 线缆伪装板 - 贫瘠闪长岩镎-235矿石
appliedenergistics2:facade:0, 线缆伪装板 - 贫瘠安山岩镎-235矿石
appliedenergistics2:facade:0, 线缆伪装板 - 贫瘠镎-236矿石
appliedenergistics2:facade:0, 线缆伪装板 - 贫瘠地狱岩镎-236矿石
appliedenergistics2:facade:0, 线缆伪装板 - 贫瘠末地石镎-236矿石
appliedenergistics2:facade:0, 线缆伪装板 - 贫瘠沙子镎-236矿石
appliedenergistics2:facade:0, 线缆伪装板 - 贫瘠红沙镎-236矿石
appliedenergistics2:facade:0, 线缆伪装板 - 贫瘠花岗岩镎-236矿石
appliedenergistics2:facade:0, 线缆伪装板 - 贫瘠闪长岩镎-236矿石
appliedenergistics2:facade:0, 线缆伪装板 - 贫瘠安山岩镎-236矿石
appliedenergistics2:facade:0, 线缆伪装板 - 贫瘠镎-237矿石
appliedenergistics2:facade:0, 线缆伪装板 - 贫瘠地狱岩镎-237矿石
appliedenergistics2:facade:0, 线缆伪装板 - 贫瘠末地石镎-237矿石
appliedenergistics2:facade:0, 线缆伪装板 - 贫瘠沙子镎-237矿石
appliedenergistics2:facade:0, 线缆伪装板 - 贫瘠红沙镎-237矿石
appliedenergistics2:facade:0, 线缆伪装板 - 贫瘠花岗岩镎-237矿石
appliedenergistics2:facade:0, 线缆伪装板 - 贫瘠闪长岩镎-237矿石
appliedenergistics2:facade:0, 线缆伪装板 - 贫瘠安山岩镎-237矿石
appliedenergistics2:facade:0, 线缆伪装板 - 贫瘠镎-238矿石
appliedenergistics2:facade:0, 线缆伪装板 - 贫瘠地狱岩镎-238矿石
appliedenergistics2:facade:0, 线缆伪装板 - 贫瘠末地石镎-238矿石
appliedenergistics2:facade:0, 线缆伪装板 - 贫瘠沙子镎-238矿石
appliedenergistics2:facade:0, 线缆伪装板 - 贫瘠红沙镎-238矿石
appliedenergistics2:facade:0, 线缆伪装板 - 贫瘠花岗岩镎-238矿石
appliedenergistics2:facade:0, 线缆伪装板 - 贫瘠闪长岩镎-238矿石
appliedenergistics2:facade:0, 线缆伪装板 - 贫瘠安山岩镎-238矿石
appliedenergistics2:facade:0, 线缆伪装板 - 贫瘠镎-239矿石
appliedenergistics2:facade:0, 线缆伪装板 - 贫瘠地狱岩镎-239矿石
appliedenergistics2:facade:0, 线缆伪装板 - 贫瘠末地石镎-239矿石
appliedenergistics2:facade:0, 线缆伪装板 - 贫瘠沙子镎-239矿石
appliedenergistics2:facade:0, 线缆伪装板 - 贫瘠红沙镎-239矿石
appliedenergistics2:facade:0, 线缆伪装板 - 贫瘠花岗岩镎-239矿石
appliedenergistics2:facade:0, 线缆伪装板 - 贫瘠闪长岩镎-239矿石
appliedenergistics2:facade:0, 线缆伪装板 - 贫瘠安山岩镎-239矿石
appliedenergistics2:facade:0, 线缆伪装板 - 贫瘠钚-236矿石
appliedenergistics2:facade:0, 线缆伪装板 - 贫瘠地狱岩钚-236矿石
appliedenergistics2:facade:0, 线缆伪装板 - 贫瘠末地石钚-236矿石
appliedenergistics2:facade:0, 线缆伪装板 - 贫瘠沙子钚-236矿石
appliedenergistics2:facade:0, 线缆伪装板 - 贫瘠红沙钚-236矿石
appliedenergistics2:facade:0, 线缆伪装板 - 贫瘠花岗岩钚-236矿石
appliedenergistics2:facade:0, 线缆伪装板 - 贫瘠闪长岩钚-236矿石
appliedenergistics2:facade:0, 线缆伪装板 - 贫瘠安山岩钚-236矿石
appliedenergistics2:facade:0, 线缆伪装板 - 贫瘠钚-237矿石
appliedenergistics2:facade:0, 线缆伪装板 - 贫瘠地狱岩钚-237矿石
appliedenergistics2:facade:0, 线缆伪装板 - 贫瘠末地石钚-237矿石
appliedenergistics2:facade:0, 线缆伪装板 - 贫瘠沙子钚-237矿石
appliedenergistics2:facade:0, 线缆伪装板 - 贫瘠红沙钚-237矿石
appliedenergistics2:facade:0, 线缆伪装板 - 贫瘠花岗岩钚-237矿石
appliedenergistics2:facade:0, 线缆伪装板 - 贫瘠闪长岩钚-237矿石
appliedenergistics2:facade:0, 线缆伪装板 - 贫瘠安山岩钚-237矿石
appliedenergistics2:facade:0, 线缆伪装板 - 贫瘠钚-238矿石
appliedenergistics2:facade:0, 线缆伪装板 - 贫瘠地狱岩钚-238矿石
appliedenergistics2:facade:0, 线缆伪装板 - 贫瘠末地石钚-238矿石
appliedenergistics2:facade:0, 线缆伪装板 - 贫瘠沙子钚-238矿石
appliedenergistics2:facade:0, 线缆伪装板 - 贫瘠红沙钚-238矿石
appliedenergistics2:facade:0, 线缆伪装板 - 贫瘠花岗岩钚-238矿石
appliedenergistics2:facade:0, 线缆伪装板 - 贫瘠闪长岩钚-238矿石
appliedenergistics2:facade:0, 线缆伪装板 - 贫瘠安山岩钚-238矿石
appliedenergistics2:facade:0, 线缆伪装板 - 贫瘠钚-240矿石
appliedenergistics2:facade:0, 线缆伪装板 - 贫瘠地狱岩钚-240矿石
appliedenergistics2:facade:0, 线缆伪装板 - 贫瘠末地石钚-240矿石
appliedenergistics2:facade:0, 线缆伪装板 - 贫瘠沙子钚-240矿石
appliedenergistics2:facade:0, 线缆伪装板 - 贫瘠红沙钚-240矿石
appliedenergistics2:facade:0, 线缆伪装板 - 贫瘠花岗岩钚-240矿石
appliedenergistics2:facade:0, 线缆伪装板 - 贫瘠闪长岩钚-240矿石
appliedenergistics2:facade:0, 线缆伪装板 - 贫瘠安山岩钚-240矿石
appliedenergistics2:facade:0, 线缆伪装板 - 贫瘠钚-242矿石
appliedenergistics2:facade:0, 线缆伪装板 - 贫瘠地狱岩钚-242矿石
appliedenergistics2:facade:0, 线缆伪装板 - 贫瘠末地石钚-242矿石
appliedenergistics2:facade:0, 线缆伪装板 - 贫瘠沙子钚-242矿石
appliedenergistics2:facade:0, 线缆伪装板 - 贫瘠红沙钚-242矿石
appliedenergistics2:facade:0, 线缆伪装板 - 贫瘠花岗岩钚-242矿石
appliedenergistics2:facade:0, 线缆伪装板 - 贫瘠闪长岩钚-242矿石
appliedenergistics2:facade:0, 线缆伪装板 - 贫瘠安山岩钚-242矿石
appliedenergistics2:facade:0, 线缆伪装板 - 贫瘠钚-243矿石
appliedenergistics2:facade:0, 线缆伪装板 - 贫瘠地狱岩钚-243矿石
appliedenergistics2:facade:0, 线缆伪装板 - 贫瘠末地石钚-243矿石
appliedenergistics2:facade:0, 线缆伪装板 - 贫瘠沙子钚-243矿石
appliedenergistics2:facade:0, 线缆伪装板 - 贫瘠红沙钚-243矿石
appliedenergistics2:facade:0, 线缆伪装板 - 贫瘠花岗岩钚-243矿石
appliedenergistics2:facade:0, 线缆伪装板 - 贫瘠闪长岩钚-243矿石
appliedenergistics2:facade:0, 线缆伪装板 - 贫瘠安山岩钚-243矿石
appliedenergistics2:facade:0, 线缆伪装板 - 贫瘠钚-244矿石
appliedenergistics2:facade:0, 线缆伪装板 - 贫瘠地狱岩钚-244矿石
appliedenergistics2:facade:0, 线缆伪装板 - 贫瘠末地石钚-244矿石
appliedenergistics2:facade:0, 线缆伪装板 - 贫瘠沙子钚-244矿石
appliedenergistics2:facade:0, 线缆伪装板 - 贫瘠红沙钚-244矿石
appliedenergistics2:facade:0, 线缆伪装板 - 贫瘠花岗岩钚-244矿石
appliedenergistics2:facade:0, 线缆伪装板 - 贫瘠闪长岩钚-244矿石
appliedenergistics2:facade:0, 线缆伪装板 - 贫瘠安山岩钚-244矿石
appliedenergistics2:facade:0, 线缆伪装板 - 贫瘠钍-228矿石
appliedenergistics2:facade:0, 线缆伪装板 - 贫瘠地狱岩钍-228矿石
appliedenergistics2:facade:0, 线缆伪装板 - 贫瘠末地石钍-228矿石
appliedenergistics2:facade:0, 线缆伪装板 - 贫瘠沙子钍-228矿石
appliedenergistics2:facade:0, 线缆伪装板 - 贫瘠红沙钍-228矿石
appliedenergistics2:facade:0, 线缆伪装板 - 贫瘠花岗岩钍-228矿石
appliedenergistics2:facade:0, 线缆伪装板 - 贫瘠闪长岩钍-228矿石
appliedenergistics2:facade:0, 线缆伪装板 - 贫瘠安山岩钍-228矿石
appliedenergistics2:facade:0, 线缆伪装板 - 贫瘠钍-229矿石
appliedenergistics2:facade:0, 线缆伪装板 - 贫瘠地狱岩钍-229矿石
appliedenergistics2:facade:0, 线缆伪装板 - 贫瘠末地石钍-229矿石
appliedenergistics2:facade:0, 线缆伪装板 - 贫瘠沙子钍-229矿石
appliedenergistics2:facade:0, 线缆伪装板 - 贫瘠红沙钍-229矿石
appliedenergistics2:facade:0, 线缆伪装板 - 贫瘠花岗岩钍-229矿石
appliedenergistics2:facade:0, 线缆伪装板 - 贫瘠闪长岩钍-229矿石
appliedenergistics2:facade:0, 线缆伪装板 - 贫瘠安山岩钍-229矿石
appliedenergistics2:facade:0, 线缆伪装板 - 贫瘠钍-230矿石
appliedenergistics2:facade:0, 线缆伪装板 - 贫瘠地狱岩钍-230矿石
appliedenergistics2:facade:0, 线缆伪装板 - 贫瘠末地石钍-230矿石
appliedenergistics2:facade:0, 线缆伪装板 - 贫瘠沙子钍-230矿石
appliedenergistics2:facade:0, 线缆伪装板 - 贫瘠红沙钍-230矿石
appliedenergistics2:facade:0, 线缆伪装板 - 贫瘠花岗岩钍-230矿石
appliedenergistics2:facade:0, 线缆伪装板 - 贫瘠闪长岩钍-230矿石
appliedenergistics2:facade:0, 线缆伪装板 - 贫瘠安山岩钍-230矿石
appliedenergistics2:facade:0, 线缆伪装板 - 贫瘠钍-232矿石
appliedenergistics2:facade:0, 线缆伪装板 - 贫瘠地狱岩钍-232矿石
appliedenergistics2:facade:0, 线缆伪装板 - 贫瘠末地石钍-232矿石
appliedenergistics2:facade:0, 线缆伪装板 - 贫瘠沙子钍-232矿石
appliedenergistics2:facade:0, 线缆伪装板 - 贫瘠红沙钍-232矿石
appliedenergistics2:facade:0, 线缆伪装板 - 贫瘠花岗岩钍-232矿石
appliedenergistics2:facade:0, 线缆伪装板 - 贫瘠闪长岩钍-232矿石
appliedenergistics2:facade:0, 线缆伪装板 - 贫瘠安山岩钍-232矿石
appliedenergistics2:facade:0, 线缆伪装板 - 贫瘠钍-233矿石
appliedenergistics2:facade:0, 线缆伪装板 - 贫瘠地狱岩钍-233矿石
appliedenergistics2:facade:0, 线缆伪装板 - 贫瘠末地石钍-233矿石
appliedenergistics2:facade:0, 线缆伪装板 - 贫瘠沙子钍-233矿石
appliedenergistics2:facade:0, 线缆伪装板 - 贫瘠红沙钍-233矿石
appliedenergistics2:facade:0, 线缆伪装板 - 贫瘠花岗岩钍-233矿石
appliedenergistics2:facade:0, 线缆伪装板 - 贫瘠闪长岩钍-233矿石
appliedenergistics2:facade:0, 线缆伪装板 - 贫瘠安山岩钍-233矿石
appliedenergistics2:facade:0, 线缆伪装板 - 贫瘠镅-240矿石
appliedenergistics2:facade:0, 线缆伪装板 - 贫瘠地狱岩镅-240矿石
appliedenergistics2:facade:0, 线缆伪装板 - 贫瘠末地石镅-240矿石
appliedenergistics2:facade:0, 线缆伪装板 - 贫瘠沙子镅-240矿石
appliedenergistics2:facade:0, 线缆伪装板 - 贫瘠红沙镅-240矿石
appliedenergistics2:facade:0, 线缆伪装板 - 贫瘠花岗岩镅-240矿石
appliedenergistics2:facade:0, 线缆伪装板 - 贫瘠闪长岩镅-240矿石
appliedenergistics2:facade:0, 线缆伪装板 - 贫瘠安山岩镅-240矿石
appliedenergistics2:facade:0, 线缆伪装板 - 贫瘠镅-241矿石
appliedenergistics2:facade:0, 线缆伪装板 - 贫瘠地狱岩镅-241矿石
appliedenergistics2:facade:0, 线缆伪装板 - 贫瘠末地石镅-241矿石
appliedenergistics2:facade:0, 线缆伪装板 - 贫瘠沙子镅-241矿石
appliedenergistics2:facade:0, 线缆伪装板 - 贫瘠红沙镅-241矿石
appliedenergistics2:facade:0, 线缆伪装板 - 贫瘠花岗岩镅-241矿石
appliedenergistics2:facade:0, 线缆伪装板 - 贫瘠闪长岩镅-241矿石
appliedenergistics2:facade:0, 线缆伪装板 - 贫瘠安山岩镅-241矿石
appliedenergistics2:facade:0, 线缆伪装板 - 贫瘠镅-242矿石
appliedenergistics2:facade:0, 线缆伪装板 - 贫瘠地狱岩镅-242矿石
appliedenergistics2:facade:0, 线缆伪装板 - 贫瘠末地石镅-242矿石
appliedenergistics2:facade:0, 线缆伪装板 - 贫瘠沙子镅-242矿石
appliedenergistics2:facade:0, 线缆伪装板 - 贫瘠红沙镅-242矿石
appliedenergistics2:facade:0, 线缆伪装板 - 贫瘠花岗岩镅-242矿石
appliedenergistics2:facade:0, 线缆伪装板 - 贫瘠闪长岩镅-242矿石
appliedenergistics2:facade:0, 线缆伪装板 - 贫瘠安山岩镅-242矿石
appliedenergistics2:facade:0, 线缆伪装板 - 贫瘠镅-243矿石
appliedenergistics2:facade:0, 线缆伪装板 - 贫瘠地狱岩镅-243矿石
appliedenergistics2:facade:0, 线缆伪装板 - 贫瘠末地石镅-243矿石
appliedenergistics2:facade:0, 线缆伪装板 - 贫瘠沙子镅-243矿石
appliedenergistics2:facade:0, 线缆伪装板 - 贫瘠红沙镅-243矿石
appliedenergistics2:facade:0, 线缆伪装板 - 贫瘠花岗岩镅-243矿石
appliedenergistics2:facade:0, 线缆伪装板 - 贫瘠闪长岩镅-243矿石
appliedenergistics2:facade:0, 线缆伪装板 - 贫瘠安山岩镅-243矿石
appliedenergistics2:facade:0, 线缆伪装板 - 贫瘠锔-242矿石
appliedenergistics2:facade:0, 线缆伪装板 - 贫瘠地狱岩锔-242矿石
appliedenergistics2:facade:0, 线缆伪装板 - 贫瘠末地石锔-242矿石
appliedenergistics2:facade:0, 线缆伪装板 - 贫瘠沙子锔-242矿石
appliedenergistics2:facade:0, 线缆伪装板 - 贫瘠红沙锔-242矿石
appliedenergistics2:facade:0, 线缆伪装板 - 贫瘠花岗岩锔-242矿石
appliedenergistics2:facade:0, 线缆伪装板 - 贫瘠闪长岩锔-242矿石
appliedenergistics2:facade:0, 线缆伪装板 - 贫瘠安山岩锔-242矿石
appliedenergistics2:facade:0, 线缆伪装板 - 贫瘠锔-243矿石
appliedenergistics2:facade:0, 线缆伪装板 - 贫瘠地狱岩锔-243矿石
appliedenergistics2:facade:0, 线缆伪装板 - 贫瘠末地石锔-243矿石
appliedenergistics2:facade:0, 线缆伪装板 - 贫瘠沙子锔-243矿石
appliedenergistics2:facade:0, 线缆伪装板 - 贫瘠红沙锔-243矿石
appliedenergistics2:facade:0, 线缆伪装板 - 贫瘠花岗岩锔-243矿石
appliedenergistics2:facade:0, 线缆伪装板 - 贫瘠闪长岩锔-243矿石
appliedenergistics2:facade:0, 线缆伪装板 - 贫瘠安山岩锔-243矿石
appliedenergistics2:facade:0, 线缆伪装板 - 贫瘠锔-244矿石
appliedenergistics2:facade:0, 线缆伪装板 - 贫瘠地狱岩锔-244矿石
appliedenergistics2:facade:0, 线缆伪装板 - 贫瘠末地石锔-244矿石
appliedenergistics2:facade:0, 线缆伪装板 - 贫瘠沙子锔-244矿石
appliedenergistics2:facade:0, 线缆伪装板 - 贫瘠红沙锔-244矿石
appliedenergistics2:facade:0, 线缆伪装板 - 贫瘠花岗岩锔-244矿石
appliedenergistics2:facade:0, 线缆伪装板 - 贫瘠闪长岩锔-244矿石
appliedenergistics2:facade:0, 线缆伪装板 - 贫瘠安山岩锔-244矿石
appliedenergistics2:facade:0, 线缆伪装板 - 贫瘠锔-245矿石
appliedenergistics2:facade:0, 线缆伪装板 - 贫瘠地狱岩锔-245矿石
appliedenergistics2:facade:0, 线缆伪装板 - 贫瘠末地石锔-245矿石
appliedenergistics2:facade:0, 线缆伪装板 - 贫瘠沙子锔-245矿石
appliedenergistics2:facade:0, 线缆伪装板 - 贫瘠红沙锔-245矿石
appliedenergistics2:facade:0, 线缆伪装板 - 贫瘠花岗岩锔-245矿石
appliedenergistics2:facade:0, 线缆伪装板 - 贫瘠闪长岩锔-245矿石
appliedenergistics2:facade:0, 线缆伪装板 - 贫瘠安山岩锔-245矿石
appliedenergistics2:facade:0, 线缆伪装板 - 贫瘠锔-246矿石
appliedenergistics2:facade:0, 线缆伪装板 - 贫瘠地狱岩锔-246矿石
appliedenergistics2:facade:0, 线缆伪装板 - 贫瘠末地石锔-246矿石
appliedenergistics2:facade:0, 线缆伪装板 - 贫瘠沙子锔-246矿石
appliedenergistics2:facade:0, 线缆伪装板 - 贫瘠红沙锔-246矿石
appliedenergistics2:facade:0, 线缆伪装板 - 贫瘠花岗岩锔-246矿石
appliedenergistics2:facade:0, 线缆伪装板 - 贫瘠闪长岩锔-246矿石
appliedenergistics2:facade:0, 线缆伪装板 - 贫瘠安山岩锔-246矿石
appliedenergistics2:facade:0, 线缆伪装板 - 贫瘠锔-247矿石
appliedenergistics2:facade:0, 线缆伪装板 - 贫瘠地狱岩锔-247矿石
appliedenergistics2:facade:0, 线缆伪装板 - 贫瘠末地石锔-247矿石
appliedenergistics2:facade:0, 线缆伪装板 - 贫瘠沙子锔-247矿石
appliedenergistics2:facade:0, 线缆伪装板 - 贫瘠红沙锔-247矿石
appliedenergistics2:facade:0, 线缆伪装板 - 贫瘠花岗岩锔-247矿石
appliedenergistics2:facade:0, 线缆伪装板 - 贫瘠闪长岩锔-247矿石
appliedenergistics2:facade:0, 线缆伪装板 - 贫瘠安山岩锔-247矿石
appliedenergistics2:facade:0, 线缆伪装板 - 贫瘠锔-248矿石
appliedenergistics2:facade:0, 线缆伪装板 - 贫瘠地狱岩锔-248矿石
appliedenergistics2:facade:0, 线缆伪装板 - 贫瘠末地石锔-248矿石
appliedenergistics2:facade:0, 线缆伪装板 - 贫瘠沙子锔-248矿石
appliedenergistics2:facade:0, 线缆伪装板 - 贫瘠红沙锔-248矿石
appliedenergistics2:facade:0, 线缆伪装板 - 贫瘠花岗岩锔-248矿石
appliedenergistics2:facade:0, 线缆伪装板 - 贫瘠闪长岩锔-248矿石
appliedenergistics2:facade:0, 线缆伪装板 - 贫瘠安山岩锔-248矿石
appliedenergistics2:facade:0, 线缆伪装板 - 贫瘠锔-250矿石
appliedenergistics2:facade:0, 线缆伪装板 - 贫瘠地狱岩锔-250矿石
appliedenergistics2:facade:0, 线缆伪装板 - 贫瘠末地石锔-250矿石
appliedenergistics2:facade:0, 线缆伪装板 - 贫瘠沙子锔-250矿石
appliedenergistics2:facade:0, 线缆伪装板 - 贫瘠红沙锔-250矿石
appliedenergistics2:facade:0, 线缆伪装板 - 贫瘠花岗岩锔-250矿石
appliedenergistics2:facade:0, 线缆伪装板 - 贫瘠闪长岩锔-250矿石
appliedenergistics2:facade:0, 线缆伪装板 - 贫瘠安山岩锔-250矿石
appliedenergistics2:facade:0, 线缆伪装板 - 贫瘠锫-249矿石
appliedenergistics2:facade:0, 线缆伪装板 - 贫瘠地狱岩锫-249矿石
appliedenergistics2:facade:0, 线缆伪装板 - 贫瘠末地石锫-249矿石
appliedenergistics2:facade:0, 线缆伪装板 - 贫瘠沙子锫-249矿石
appliedenergistics2:facade:0, 线缆伪装板 - 贫瘠红沙锫-249矿石
appliedenergistics2:facade:0, 线缆伪装板 - 贫瘠花岗岩锫-249矿石
appliedenergistics2:facade:0, 线缆伪装板 - 贫瘠闪长岩锫-249矿石
appliedenergistics2:facade:0, 线缆伪装板 - 贫瘠安山岩锫-249矿石
appliedenergistics2:facade:0, 线缆伪装板 - 贫瘠锎-249矿石
appliedenergistics2:facade:0, 线缆伪装板 - 贫瘠地狱岩锎-249矿石
appliedenergistics2:facade:0, 线缆伪装板 - 贫瘠末地石锎-249矿石
appliedenergistics2:facade:0, 线缆伪装板 - 贫瘠沙子锎-249矿石
appliedenergistics2:facade:0, 线缆伪装板 - 贫瘠红沙锎-249矿石
appliedenergistics2:facade:0, 线缆伪装板 - 贫瘠花岗岩锎-249矿石
appliedenergistics2:facade:0, 线缆伪装板 - 贫瘠闪长岩锎-249矿石
appliedenergistics2:facade:0, 线缆伪装板 - 贫瘠安山岩锎-249矿石
appliedenergistics2:facade:0, 线缆伪装板 - 贫瘠锎-252矿石
appliedenergistics2:facade:0, 线缆伪装板 - 贫瘠地狱岩锎-252矿石
appliedenergistics2:facade:0, 线缆伪装板 - 贫瘠末地石锎-252矿石
appliedenergistics2:facade:0, 线缆伪装板 - 贫瘠沙子锎-252矿石
appliedenergistics2:facade:0, 线缆伪装板 - 贫瘠红沙锎-252矿石
appliedenergistics2:facade:0, 线缆伪装板 - 贫瘠花岗岩锎-252矿石
appliedenergistics2:facade:0, 线缆伪装板 - 贫瘠闪长岩锎-252矿石
appliedenergistics2:facade:0, 线缆伪装板 - 贫瘠安山岩锎-252矿石
appliedenergistics2:facade:0, 线缆伪装板 - 贫瘠赛特斯石英矿石
appliedenergistics2:facade:0, 线缆伪装板 - 贫瘠地狱岩赛特斯石英矿石
appliedenergistics2:facade:0, 线缆伪装板 - 贫瘠末地石赛特斯石英矿石
appliedenergistics2:facade:0, 线缆伪装板 - 贫瘠沙子赛特斯石英矿石
appliedenergistics2:facade:0, 线缆伪装板 - 贫瘠红沙赛特斯石英矿石
appliedenergistics2:facade:0, 线缆伪装板 - 贫瘠花岗岩赛特斯石英矿石
appliedenergistics2:facade:0, 线缆伪装板 - 贫瘠闪长岩赛特斯石英矿石
appliedenergistics2:facade:0, 线缆伪装板 - 贫瘠安山岩赛特斯石英矿石
appliedenergistics2:facade:0, 线缆伪装板 - 贫瘠铁铝榴石矿石
appliedenergistics2:facade:0, 线缆伪装板 - 贫瘠地狱岩铁铝榴石矿石
appliedenergistics2:facade:0, 线缆伪装板 - 贫瘠末地石铁铝榴石矿石
appliedenergistics2:facade:0, 线缆伪装板 - 贫瘠沙子铁铝榴石矿石
appliedenergistics2:facade:0, 线缆伪装板 - 贫瘠红沙铁铝榴石矿石
appliedenergistics2:facade:0, 线缆伪装板 - 贫瘠花岗岩铁铝榴石矿石
appliedenergistics2:facade:0, 线缆伪装板 - 贫瘠闪长岩铁铝榴石矿石
appliedenergistics2:facade:0, 线缆伪装板 - 贫瘠安山岩铁铝榴石矿石
appliedenergistics2:facade:0, 线缆伪装板 - 贫瘠石棉矿石
appliedenergistics2:facade:0, 线缆伪装板 - 贫瘠地狱岩石棉矿石
appliedenergistics2:facade:0, 线缆伪装板 - 贫瘠末地石石棉矿石
appliedenergistics2:facade:0, 线缆伪装板 - 贫瘠沙子石棉矿石
appliedenergistics2:facade:0, 线缆伪装板 - 贫瘠红沙石棉矿石
appliedenergistics2:facade:0, 线缆伪装板 - 贫瘠花岗岩石棉矿石
appliedenergistics2:facade:0, 线缆伪装板 - 贫瘠闪长岩石棉矿石
appliedenergistics2:facade:0, 线缆伪装板 - 贫瘠安山岩石棉矿石
appliedenergistics2:facade:0, 线缆伪装板 - 贫瘠带状铁矿矿石
appliedenergistics2:facade:0, 线缆伪装板 - 贫瘠地狱岩带状铁矿矿石
appliedenergistics2:facade:0, 线缆伪装板 - 贫瘠末地石带状铁矿矿石
appliedenergistics2:facade:0, 线缆伪装板 - 贫瘠沙子带状铁矿矿石
appliedenergistics2:facade:0, 线缆伪装板 - 贫瘠红沙带状铁矿矿石
appliedenergistics2:facade:0, 线缆伪装板 - 贫瘠花岗岩带状铁矿矿石
appliedenergistics2:facade:0, 线缆伪装板 - 贫瘠闪长岩带状铁矿矿石
appliedenergistics2:facade:0, 线缆伪装板 - 贫瘠安山岩带状铁矿矿石
appliedenergistics2:facade:0, 线缆伪装板 - 贫瘠蓝黄玉矿石
appliedenergistics2:facade:0, 线缆伪装板 - 贫瘠地狱岩蓝黄玉矿石
appliedenergistics2:facade:0, 线缆伪装板 - 贫瘠末地石蓝黄玉矿石
appliedenergistics2:facade:0, 线缆伪装板 - 贫瘠沙子蓝黄玉矿石
appliedenergistics2:facade:0, 线缆伪装板 - 贫瘠红沙蓝黄玉矿石
appliedenergistics2:facade:0, 线缆伪装板 - 贫瘠花岗岩蓝黄玉矿石
appliedenergistics2:facade:0, 线缆伪装板 - 贫瘠闪长岩蓝黄玉矿石
appliedenergistics2:facade:0, 线缆伪装板 - 贫瘠安山岩蓝黄玉矿石
appliedenergistics2:facade:0, 线缆伪装板 - 贫瘠棕褐铁矿矿石
appliedenergistics2:facade:0, 线缆伪装板 - 贫瘠地狱岩棕褐铁矿矿石
appliedenergistics2:facade:0, 线缆伪装板 - 贫瘠末地石棕褐铁矿矿石
appliedenergistics2:facade:0, 线缆伪装板 - 贫瘠沙子棕褐铁矿矿石
appliedenergistics2:facade:0, 线缆伪装板 - 贫瘠红沙棕褐铁矿矿石
appliedenergistics2:facade:0, 线缆伪装板 - 贫瘠花岗岩棕褐铁矿矿石
appliedenergistics2:facade:0, 线缆伪装板 - 贫瘠闪长岩棕褐铁矿矿石
appliedenergistics2:facade:0, 线缆伪装板 - 贫瘠安山岩棕褐铁矿矿石
appliedenergistics2:facade:0, 线缆伪装板 - 贫瘠方解石矿石
appliedenergistics2:facade:0, 线缆伪装板 - 贫瘠地狱岩方解石矿石
appliedenergistics2:facade:0, 线缆伪装板 - 贫瘠末地石方解石矿石
appliedenergistics2:facade:0, 线缆伪装板 - 贫瘠沙子方解石矿石
appliedenergistics2:facade:0, 线缆伪装板 - 贫瘠红沙方解石矿石
appliedenergistics2:facade:0, 线缆伪装板 - 贫瘠花岗岩方解石矿石
appliedenergistics2:facade:0, 线缆伪装板 - 贫瘠闪长岩方解石矿石
appliedenergistics2:facade:0, 线缆伪装板 - 贫瘠安山岩方解石矿石
appliedenergistics2:facade:0, 线缆伪装板 - 贫瘠锡石矿石
appliedenergistics2:facade:0, 线缆伪装板 - 贫瘠地狱岩锡石矿石
appliedenergistics2:facade:0, 线缆伪装板 - 贫瘠末地石锡石矿石
appliedenergistics2:facade:0, 线缆伪装板 - 贫瘠沙子锡石矿石
appliedenergistics2:facade:0, 线缆伪装板 - 贫瘠红沙锡石矿石
appliedenergistics2:facade:0, 线缆伪装板 - 贫瘠花岗岩锡石矿石
appliedenergistics2:facade:0, 线缆伪装板 - 贫瘠闪长岩锡石矿石
appliedenergistics2:facade:0, 线缆伪装板 - 贫瘠安山岩锡石矿石
appliedenergistics2:facade:0, 线缆伪装板 - 贫瘠锡石矿砂矿石
appliedenergistics2:facade:0, 线缆伪装板 - 贫瘠地狱岩锡石矿砂矿石
appliedenergistics2:facade:0, 线缆伪装板 - 贫瘠末地石锡石矿砂矿石
appliedenergistics2:facade:0, 线缆伪装板 - 贫瘠沙子锡石矿砂矿石
appliedenergistics2:facade:0, 线缆伪装板 - 贫瘠红沙锡石矿砂矿石
appliedenergistics2:facade:0, 线缆伪装板 - 贫瘠花岗岩锡石矿砂矿石
appliedenergistics2:facade:0, 线缆伪装板 - 贫瘠闪长岩锡石矿砂矿石
appliedenergistics2:facade:0, 线缆伪装板 - 贫瘠安山岩锡石矿砂矿石
appliedenergistics2:facade:0, 线缆伪装板 - 贫瘠黄铜矿矿石
appliedenergistics2:facade:0, 线缆伪装板 - 贫瘠地狱岩黄铜矿矿石
appliedenergistics2:facade:0, 线缆伪装板 - 贫瘠末地石黄铜矿矿石
appliedenergistics2:facade:0, 线缆伪装板 - 贫瘠沙子黄铜矿矿石
appliedenergistics2:facade:0, 线缆伪装板 - 贫瘠红沙黄铜矿矿石
appliedenergistics2:facade:0, 线缆伪装板 - 贫瘠花岗岩黄铜矿矿石
appliedenergistics2:facade:0, 线缆伪装板 - 贫瘠闪长岩黄铜矿矿石
appliedenergistics2:facade:0, 线缆伪装板 - 贫瘠安山岩黄铜矿矿石
appliedenergistics2:facade:0, 线缆伪装板 - 贫瘠铬铁矿矿石
appliedenergistics2:facade:0, 线缆伪装板 - 贫瘠地狱岩铬铁矿矿石
appliedenergistics2:facade:0, 线缆伪装板 - 贫瘠末地石铬铁矿矿石
appliedenergistics2:facade:0, 线缆伪装板 - 贫瘠沙子铬铁矿矿石
appliedenergistics2:facade:0, 线缆伪装板 - 贫瘠红沙铬铁矿矿石
appliedenergistics2:facade:0, 线缆伪装板 - 贫瘠花岗岩铬铁矿矿石
appliedenergistics2:facade:0, 线缆伪装板 - 贫瘠闪长岩铬铁矿矿石
appliedenergistics2:facade:0, 线缆伪装板 - 贫瘠安山岩铬铁矿矿石
appliedenergistics2:facade:0, 线缆伪装板 - 贫瘠朱砂矿石
appliedenergistics2:facade:0, 线缆伪装板 - 贫瘠地狱岩朱砂矿石
appliedenergistics2:facade:0, 线缆伪装板 - 贫瘠末地石朱砂矿石
appliedenergistics2:facade:0, 线缆伪装板 - 贫瘠沙子朱砂矿石
appliedenergistics2:facade:0, 线缆伪装板 - 贫瘠红沙朱砂矿石
appliedenergistics2:facade:0, 线缆伪装板 - 贫瘠花岗岩朱砂矿石
appliedenergistics2:facade:0, 线缆伪装板 - 贫瘠闪长岩朱砂矿石
appliedenergistics2:facade:0, 线缆伪装板 - 贫瘠安山岩朱砂矿石
appliedenergistics2:facade:0, 线缆伪装板 - 贫瘠锆石矿石
appliedenergistics2:facade:0, 线缆伪装板 - 贫瘠地狱岩锆石矿石
appliedenergistics2:facade:0, 线缆伪装板 - 贫瘠末地石锆石矿石
appliedenergistics2:facade:0, 线缆伪装板 - 贫瘠沙子锆石矿石
appliedenergistics2:facade:0, 线缆伪装板 - 贫瘠红沙锆石矿石
appliedenergistics2:facade:0, 线缆伪装板 - 贫瘠花岗岩锆石矿石
appliedenergistics2:facade:0, 线缆伪装板 - 贫瘠闪长岩锆石矿石
appliedenergistics2:facade:0, 线缆伪装板 - 贫瘠安山岩锆石矿石
appliedenergistics2:facade:0, 线缆伪装板 - 贫瘠煤炭矿石
appliedenergistics2:facade:0, 线缆伪装板 - 贫瘠地狱岩煤炭矿石
appliedenergistics2:facade:0, 线缆伪装板 - 贫瘠末地石煤炭矿石
appliedenergistics2:facade:0, 线缆伪装板 - 贫瘠沙子煤炭矿石
appliedenergistics2:facade:0, 线缆伪装板 - 贫瘠红沙煤炭矿石
appliedenergistics2:facade:0, 线缆伪装板 - 贫瘠花岗岩煤炭矿石
appliedenergistics2:facade:0, 线缆伪装板 - 贫瘠闪长岩煤炭矿石
appliedenergistics2:facade:0, 线缆伪装板 - 贫瘠安山岩煤炭矿石
appliedenergistics2:facade:0, 线缆伪装板 - 贫瘠辉钴矿矿石
appliedenergistics2:facade:0, 线缆伪装板 - 贫瘠地狱岩辉钴矿矿石
appliedenergistics2:facade:0, 线缆伪装板 - 贫瘠末地石辉钴矿矿石
appliedenergistics2:facade:0, 线缆伪装板 - 贫瘠沙子辉钴矿矿石
appliedenergistics2:facade:0, 线缆伪装板 - 贫瘠红沙辉钴矿矿石
appliedenergistics2:facade:0, 线缆伪装板 - 贫瘠花岗岩辉钴矿矿石
appliedenergistics2:facade:0, 线缆伪装板 - 贫瘠闪长岩辉钴矿矿石
appliedenergistics2:facade:0, 线缆伪装板 - 贫瘠安山岩辉钴矿矿石
appliedenergistics2:facade:0, 线缆伪装板 - 贫瘠谢尔顿矿矿石
appliedenergistics2:facade:0, 线缆伪装板 - 贫瘠地狱岩谢尔顿矿矿石
appliedenergistics2:facade:0, 线缆伪装板 - 贫瘠末地石谢尔顿矿矿石
appliedenergistics2:facade:0, 线缆伪装板 - 贫瘠沙子谢尔顿矿矿石
appliedenergistics2:facade:0, 线缆伪装板 - 贫瘠红沙谢尔顿矿矿石
appliedenergistics2:facade:0, 线缆伪装板 - 贫瘠花岗岩谢尔顿矿矿石
appliedenergistics2:facade:0, 线缆伪装板 - 贫瘠闪长岩谢尔顿矿矿石
appliedenergistics2:facade:0, 线缆伪装板 - 贫瘠安山岩谢尔顿矿矿石
appliedenergistics2:facade:0, 线缆伪装板 - 贫瘠钻石矿石
appliedenergistics2:facade:0, 线缆伪装板 - 贫瘠地狱岩钻石矿石
appliedenergistics2:facade:0, 线缆伪装板 - 贫瘠末地石钻石矿石
appliedenergistics2:facade:0, 线缆伪装板 - 贫瘠沙子钻石矿石
appliedenergistics2:facade:0, 线缆伪装板 - 贫瘠红沙钻石矿石
appliedenergistics2:facade:0, 线缆伪装板 - 贫瘠花岗岩钻石矿石
appliedenergistics2:facade:0, 线缆伪装板 - 贫瘠闪长岩钻石矿石
appliedenergistics2:facade:0, 线缆伪装板 - 贫瘠安山岩钻石矿石
appliedenergistics2:facade:0, 线缆伪装板 - 贫瘠绿宝石矿石
appliedenergistics2:facade:0, 线缆伪装板 - 贫瘠地狱岩绿宝石矿石
appliedenergistics2:facade:0, 线缆伪装板 - 贫瘠末地石绿宝石矿石
appliedenergistics2:facade:0, 线缆伪装板 - 贫瘠沙子绿宝石矿石
appliedenergistics2:facade:0, 线缆伪装板 - 贫瘠红沙绿宝石矿石
appliedenergistics2:facade:0, 线缆伪装板 - 贫瘠花岗岩绿宝石矿石
appliedenergistics2:facade:0, 线缆伪装板 - 贫瘠闪长岩绿宝石矿石
appliedenergistics2:facade:0, 线缆伪装板 - 贫瘠安山岩绿宝石矿石
appliedenergistics2:facade:0, 线缆伪装板 - 贫瘠方铅矿矿石
appliedenergistics2:facade:0, 线缆伪装板 - 贫瘠地狱岩方铅矿矿石
appliedenergistics2:facade:0, 线缆伪装板 - 贫瘠末地石方铅矿矿石
appliedenergistics2:facade:0, 线缆伪装板 - 贫瘠沙子方铅矿矿石
appliedenergistics2:facade:0, 线缆伪装板 - 贫瘠红沙方铅矿矿石
appliedenergistics2:facade:0, 线缆伪装板 - 贫瘠花岗岩方铅矿矿石
appliedenergistics2:facade:0, 线缆伪装板 - 贫瘠闪长岩方铅矿矿石
appliedenergistics2:facade:0, 线缆伪装板 - 贫瘠安山岩方铅矿矿石
appliedenergistics2:facade:0, 线缆伪装板 - 贫瘠硅镁镍矿矿石
appliedenergistics2:facade:0, 线缆伪装板 - 贫瘠地狱岩硅镁镍矿矿石
appliedenergistics2:facade:0, 线缆伪装板 - 贫瘠末地石硅镁镍矿矿石
appliedenergistics2:facade:0, 线缆伪装板 - 贫瘠沙子硅镁镍矿矿石
appliedenergistics2:facade:0, 线缆伪装板 - 贫瘠红沙硅镁镍矿矿石
appliedenergistics2:facade:0, 线缆伪装板 - 贫瘠花岗岩硅镁镍矿矿石
appliedenergistics2:facade:0, 线缆伪装板 - 贫瘠闪长岩硅镁镍矿矿石
appliedenergistics2:facade:0, 线缆伪装板 - 贫瘠安山岩硅镁镍矿矿石
appliedenergistics2:facade:0, 线缆伪装板 - 贫瘠绿色蓝宝石矿石
appliedenergistics2:facade:0, 线缆伪装板 - 贫瘠地狱岩绿色蓝宝石矿石
appliedenergistics2:facade:0, 线缆伪装板 - 贫瘠末地石绿色蓝宝石矿石
appliedenergistics2:facade:0, 线缆伪装板 - 贫瘠沙子绿色蓝宝石矿石
appliedenergistics2:facade:0, 线缆伪装板 - 贫瘠红沙绿色蓝宝石矿石
appliedenergistics2:facade:0, 线缆伪装板 - 贫瘠花岗岩绿色蓝宝石矿石
appliedenergistics2:facade:0, 线缆伪装板 - 贫瘠闪长岩绿色蓝宝石矿石
appliedenergistics2:facade:0, 线缆伪装板 - 贫瘠安山岩绿色蓝宝石矿石
appliedenergistics2:facade:0, 线缆伪装板 - 贫瘠钙铝榴石矿石
appliedenergistics2:facade:0, 线缆伪装板 - 贫瘠地狱岩钙铝榴石矿石
appliedenergistics2:facade:0, 线缆伪装板 - 贫瘠末地石钙铝榴石矿石
appliedenergistics2:facade:0, 线缆伪装板 - 贫瘠沙子钙铝榴石矿石
appliedenergistics2:facade:0, 线缆伪装板 - 贫瘠红沙钙铝榴石矿石
appliedenergistics2:facade:0, 线缆伪装板 - 贫瘠花岗岩钙铝榴石矿石
appliedenergistics2:facade:0, 线缆伪装板 - 贫瘠闪长岩钙铝榴石矿石
appliedenergistics2:facade:0, 线缆伪装板 - 贫瘠安山岩钙铝榴石矿石
appliedenergistics2:facade:0, 线缆伪装板 - 贫瘠钛铁矿矿石
appliedenergistics2:facade:0, 线缆伪装板 - 贫瘠地狱岩钛铁矿矿石
appliedenergistics2:facade:0, 线缆伪装板 - 贫瘠末地石钛铁矿矿石
appliedenergistics2:facade:0, 线缆伪装板 - 贫瘠沙子钛铁矿矿石
appliedenergistics2:facade:0, 线缆伪装板 - 贫瘠红沙钛铁矿矿石
appliedenergistics2:facade:0, 线缆伪装板 - 贫瘠花岗岩钛铁矿矿石
appliedenergistics2:facade:0, 线缆伪装板 - 贫瘠闪长岩钛铁矿矿石
appliedenergistics2:facade:0, 线缆伪装板 - 贫瘠安山岩钛铁矿矿石
appliedenergistics2:facade:0, 线缆伪装板 - 贫瘠铝土矿矿石
appliedenergistics2:facade:0, 线缆伪装板 - 贫瘠地狱岩铝土矿矿石
appliedenergistics2:facade:0, 线缆伪装板 - 贫瘠末地石铝土矿矿石
appliedenergistics2:facade:0, 线缆伪装板 - 贫瘠沙子铝土矿矿石
appliedenergistics2:facade:0, 线缆伪装板 - 贫瘠红沙铝土矿矿石
appliedenergistics2:facade:0, 线缆伪装板 - 贫瘠花岗岩铝土矿矿石
appliedenergistics2:facade:0, 线缆伪装板 - 贫瘠闪长岩铝土矿矿石
appliedenergistics2:facade:0, 线缆伪装板 - 贫瘠安山岩铝土矿矿石
appliedenergistics2:facade:0, 线缆伪装板 - 贫瘠蓝金石矿石
appliedenergistics2:facade:0, 线缆伪装板 - 贫瘠地狱岩蓝金石矿石
appliedenergistics2:facade:0, 线缆伪装板 - 贫瘠末地石蓝金石矿石
appliedenergistics2:facade:0, 线缆伪装板 - 贫瘠沙子蓝金石矿石
appliedenergistics2:facade:0, 线缆伪装板 - 贫瘠红沙蓝金石矿石
appliedenergistics2:facade:0, 线缆伪装板 - 贫瘠花岗岩蓝金石矿石
appliedenergistics2:facade:0, 线缆伪装板 - 贫瘠闪长岩蓝金石矿石
appliedenergistics2:facade:0, 线缆伪装板 - 贫瘠安山岩蓝金石矿石
appliedenergistics2:facade:0, 线缆伪装板 - 贫瘠菱镁矿矿石
appliedenergistics2:facade:0, 线缆伪装板 - 贫瘠地狱岩菱镁矿矿石
appliedenergistics2:facade:0, 线缆伪装板 - 贫瘠末地石菱镁矿矿石
appliedenergistics2:facade:0, 线缆伪装板 - 贫瘠沙子菱镁矿矿石
appliedenergistics2:facade:0, 线缆伪装板 - 贫瘠红沙菱镁矿矿石
appliedenergistics2:facade:0, 线缆伪装板 - 贫瘠花岗岩菱镁矿矿石
appliedenergistics2:facade:0, 线缆伪装板 - 贫瘠闪长岩菱镁矿矿石
appliedenergistics2:facade:0, 线缆伪装板 - 贫瘠安山岩菱镁矿矿石
appliedenergistics2:facade:0, 线缆伪装板 - 贫瘠磁铁矿矿石
appliedenergistics2:facade:0, 线缆伪装板 - 贫瘠地狱岩磁铁矿矿石
appliedenergistics2:facade:0, 线缆伪装板 - 贫瘠末地石磁铁矿矿石
appliedenergistics2:facade:0, 线缆伪装板 - 贫瘠沙子磁铁矿矿石
appliedenergistics2:facade:0, 线缆伪装板 - 贫瘠红沙磁铁矿矿石
appliedenergistics2:facade:0, 线缆伪装板 - 贫瘠花岗岩磁铁矿矿石
appliedenergistics2:facade:0, 线缆伪装板 - 贫瘠闪长岩磁铁矿矿石
appliedenergistics2:facade:0, 线缆伪装板 - 贫瘠安山岩磁铁矿矿石
appliedenergistics2:facade:0, 线缆伪装板 - 贫瘠辉钼矿矿石
appliedenergistics2:facade:0, 线缆伪装板 - 贫瘠地狱岩辉钼矿矿石
appliedenergistics2:facade:0, 线缆伪装板 - 贫瘠末地石辉钼矿矿石
appliedenergistics2:facade:0, 线缆伪装板 - 贫瘠沙子辉钼矿矿石
appliedenergistics2:facade:0, 线缆伪装板 - 贫瘠红沙辉钼矿矿石
appliedenergistics2:facade:0, 线缆伪装板 - 贫瘠花岗岩辉钼矿矿石
appliedenergistics2:facade:0, 线缆伪装板 - 贫瘠闪长岩辉钼矿矿石
appliedenergistics2:facade:0, 线缆伪装板 - 贫瘠安山岩辉钼矿矿石
appliedenergistics2:facade:0, 线缆伪装板 - 贫瘠钼钙矿矿石
appliedenergistics2:facade:0, 线缆伪装板 - 贫瘠地狱岩钼钙矿矿石
appliedenergistics2:facade:0, 线缆伪装板 - 贫瘠末地石钼钙矿矿石
appliedenergistics2:facade:0, 线缆伪装板 - 贫瘠沙子钼钙矿矿石
appliedenergistics2:facade:0, 线缆伪装板 - 贫瘠红沙钼钙矿矿石
appliedenergistics2:facade:0, 线缆伪装板 - 贫瘠花岗岩钼钙矿矿石
appliedenergistics2:facade:0, 线缆伪装板 - 贫瘠闪长岩钼钙矿矿石
appliedenergistics2:facade:0, 线缆伪装板 - 贫瘠安山岩钼钙矿矿石
appliedenergistics2:facade:0, 线缆伪装板 - 贫瘠黄铁矿矿石
appliedenergistics2:facade:0, 线缆伪装板 - 贫瘠地狱岩黄铁矿矿石
appliedenergistics2:facade:0, 线缆伪装板 - 贫瘠末地石黄铁矿矿石
appliedenergistics2:facade:0, 线缆伪装板 - 贫瘠沙子黄铁矿矿石
appliedenergistics2:facade:0, 线缆伪装板 - 贫瘠红沙黄铁矿矿石
appliedenergistics2:facade:0, 线缆伪装板 - 贫瘠花岗岩黄铁矿矿石
appliedenergistics2:facade:0, 线缆伪装板 - 贫瘠闪长岩黄铁矿矿石
appliedenergistics2:facade:0, 线缆伪装板 - 贫瘠安山岩黄铁矿矿石
appliedenergistics2:facade:0, 线缆伪装板 - 贫瘠软锰矿矿石
appliedenergistics2:facade:0, 线缆伪装板 - 贫瘠地狱岩软锰矿矿石
appliedenergistics2:facade:0, 线缆伪装板 - 贫瘠末地石软锰矿矿石
appliedenergistics2:facade:0, 线缆伪装板 - 贫瘠沙子软锰矿矿石
appliedenergistics2:facade:0, 线缆伪装板 - 贫瘠红沙软锰矿矿石
appliedenergistics2:facade:0, 线缆伪装板 - 贫瘠花岗岩软锰矿矿石
appliedenergistics2:facade:0, 线缆伪装板 - 贫瘠闪长岩软锰矿矿石
appliedenergistics2:facade:0, 线缆伪装板 - 贫瘠安山岩软锰矿矿石
appliedenergistics2:facade:0, 线缆伪装板 - 贫瘠镁铝榴石矿石
appliedenergistics2:facade:0, 线缆伪装板 - 贫瘠地狱岩镁铝榴石矿石
appliedenergistics2:facade:0, 线缆伪装板 - 贫瘠末地石镁铝榴石矿石
appliedenergistics2:facade:0, 线缆伪装板 - 贫瘠沙子镁铝榴石矿石
appliedenergistics2:facade:0, 线缆伪装板 - 贫瘠红沙镁铝榴石矿石
appliedenergistics2:facade:0, 线缆伪装板 - 贫瘠花岗岩镁铝榴石矿石
appliedenergistics2:facade:0, 线缆伪装板 - 贫瘠闪长岩镁铝榴石矿石
appliedenergistics2:facade:0, 线缆伪装板 - 贫瘠安山岩镁铝榴石矿石
appliedenergistics2:facade:0, 线缆伪装板 - 贫瘠岩盐矿石
appliedenergistics2:facade:0, 线缆伪装板 - 贫瘠地狱岩岩盐矿石
appliedenergistics2:facade:0, 线缆伪装板 - 贫瘠末地石岩盐矿石
appliedenergistics2:facade:0, 线缆伪装板 - 贫瘠沙子岩盐矿石
appliedenergistics2:facade:0, 线缆伪装板 - 贫瘠红沙岩盐矿石
appliedenergistics2:facade:0, 线缆伪装板 - 贫瘠花岗岩岩盐矿石
appliedenergistics2:facade:0, 线缆伪装板 - 贫瘠闪长岩岩盐矿石
appliedenergistics2:facade:0, 线缆伪装板 - 贫瘠安山岩岩盐矿石
appliedenergistics2:facade:0, 线缆伪装板 - 贫瘠红宝石矿石
appliedenergistics2:facade:0, 线缆伪装板 - 贫瘠地狱岩红宝石矿石
appliedenergistics2:facade:0, 线缆伪装板 - 贫瘠末地石红宝石矿石
appliedenergistics2:facade:0, 线缆伪装板 - 贫瘠沙子红宝石矿石
appliedenergistics2:facade:0, 线缆伪装板 - 贫瘠红沙红宝石矿石
appliedenergistics2:facade:0, 线缆伪装板 - 贫瘠花岗岩红宝石矿石
appliedenergistics2:facade:0, 线缆伪装板 - 贫瘠闪长岩红宝石矿石
appliedenergistics2:facade:0, 线缆伪装板 - 贫瘠安山岩红宝石矿石
appliedenergistics2:facade:0, 线缆伪装板 - 贫瘠盐矿石
appliedenergistics2:facade:0, 线缆伪装板 - 贫瘠地狱岩盐矿石
appliedenergistics2:facade:0, 线缆伪装板 - 贫瘠末地石盐矿石
appliedenergistics2:facade:0, 线缆伪装板 - 贫瘠沙子盐矿石
appliedenergistics2:facade:0, 线缆伪装板 - 贫瘠红沙盐矿石
appliedenergistics2:facade:0, 线缆伪装板 - 贫瘠花岗岩盐矿石
appliedenergistics2:facade:0, 线缆伪装板 - 贫瘠闪长岩盐矿石
appliedenergistics2:facade:0, 线缆伪装板 - 贫瘠安山岩盐矿石
appliedenergistics2:facade:0, 线缆伪装板 - 贫瘠硝石矿石
appliedenergistics2:facade:0, 线缆伪装板 - 贫瘠地狱岩硝石矿石
appliedenergistics2:facade:0, 线缆伪装板 - 贫瘠末地石硝石矿石
appliedenergistics2:facade:0, 线缆伪装板 - 贫瘠沙子硝石矿石
appliedenergistics2:facade:0, 线缆伪装板 - 贫瘠红沙硝石矿石
appliedenergistics2:facade:0, 线缆伪装板 - 贫瘠花岗岩硝石矿石
appliedenergistics2:facade:0, 线缆伪装板 - 贫瘠闪长岩硝石矿石
appliedenergistics2:facade:0, 线缆伪装板 - 贫瘠安山岩硝石矿石
appliedenergistics2:facade:0, 线缆伪装板 - 贫瘠蓝宝石矿石
appliedenergistics2:facade:0, 线缆伪装板 - 贫瘠地狱岩蓝宝石矿石
appliedenergistics2:facade:0, 线缆伪装板 - 贫瘠末地石蓝宝石矿石
appliedenergistics2:facade:0, 线缆伪装板 - 贫瘠沙子蓝宝石矿石
appliedenergistics2:facade:0, 线缆伪装板 - 贫瘠红沙蓝宝石矿石
appliedenergistics2:facade:0, 线缆伪装板 - 贫瘠花岗岩蓝宝石矿石
appliedenergistics2:facade:0, 线缆伪装板 - 贫瘠闪长岩蓝宝石矿石
appliedenergistics2:facade:0, 线缆伪装板 - 贫瘠安山岩蓝宝石矿石
appliedenergistics2:facade:0, 线缆伪装板 - 贫瘠白钨矿矿石
appliedenergistics2:facade:0, 线缆伪装板 - 贫瘠地狱岩白钨矿矿石
appliedenergistics2:facade:0, 线缆伪装板 - 贫瘠末地石白钨矿矿石
appliedenergistics2:facade:0, 线缆伪装板 - 贫瘠沙子白钨矿矿石
appliedenergistics2:facade:0, 线缆伪装板 - 贫瘠红沙白钨矿矿石
appliedenergistics2:facade:0, 线缆伪装板 - 贫瘠花岗岩白钨矿矿石
appliedenergistics2:facade:0, 线缆伪装板 - 贫瘠闪长岩白钨矿矿石
appliedenergistics2:facade:0, 线缆伪装板 - 贫瘠安山岩白钨矿矿石
appliedenergistics2:facade:0, 线缆伪装板 - 贫瘠方钠石矿石
appliedenergistics2:facade:0, 线缆伪装板 - 贫瘠地狱岩方钠石矿石
appliedenergistics2:facade:0, 线缆伪装板 - 贫瘠末地石方钠石矿石
appliedenergistics2:facade:0, 线缆伪装板 - 贫瘠沙子方钠石矿石
appliedenergistics2:facade:0, 线缆伪装板 - 贫瘠红沙方钠石矿石
appliedenergistics2:facade:0, 线缆伪装板 - 贫瘠花岗岩方钠石矿石
appliedenergistics2:facade:0, 线缆伪装板 - 贫瘠闪长岩方钠石矿石
appliedenergistics2:facade:0, 线缆伪装板 - 贫瘠安山岩方钠石矿石
appliedenergistics2:facade:0, 线缆伪装板 - 贫瘠钽铁矿矿石
appliedenergistics2:facade:0, 线缆伪装板 - 贫瘠地狱岩钽铁矿矿石
appliedenergistics2:facade:0, 线缆伪装板 - 贫瘠末地石钽铁矿矿石
appliedenergistics2:facade:0, 线缆伪装板 - 贫瘠沙子钽铁矿矿石
appliedenergistics2:facade:0, 线缆伪装板 - 贫瘠红沙钽铁矿矿石
appliedenergistics2:facade:0, 线缆伪装板 - 贫瘠花岗岩钽铁矿矿石
appliedenergistics2:facade:0, 线缆伪装板 - 贫瘠闪长岩钽铁矿矿石
appliedenergistics2:facade:0, 线缆伪装板 - 贫瘠安山岩钽铁矿矿石
appliedenergistics2:facade:0, 线缆伪装板 - 贫瘠锰铝榴石矿石
appliedenergistics2:facade:0, 线缆伪装板 - 贫瘠地狱岩锰铝榴石矿石
appliedenergistics2:facade:0, 线缆伪装板 - 贫瘠末地石锰铝榴石矿石
appliedenergistics2:facade:0, 线缆伪装板 - 贫瘠沙子锰铝榴石矿石
appliedenergistics2:facade:0, 线缆伪装板 - 贫瘠红沙锰铝榴石矿石
appliedenergistics2:facade:0, 线缆伪装板 - 贫瘠花岗岩锰铝榴石矿石
appliedenergistics2:facade:0, 线缆伪装板 - 贫瘠闪长岩锰铝榴石矿石
appliedenergistics2:facade:0, 线缆伪装板 - 贫瘠安山岩锰铝榴石矿石
appliedenergistics2:facade:0, 线缆伪装板 - 贫瘠闪锌矿矿石
appliedenergistics2:facade:0, 线缆伪装板 - 贫瘠地狱岩闪锌矿矿石
appliedenergistics2:facade:0, 线缆伪装板 - 贫瘠末地石闪锌矿矿石
appliedenergistics2:facade:0, 线缆伪装板 - 贫瘠沙子闪锌矿矿石
appliedenergistics2:facade:0, 线缆伪装板 - 贫瘠红沙闪锌矿矿石
appliedenergistics2:facade:0, 线缆伪装板 - 贫瘠花岗岩闪锌矿矿石
appliedenergistics2:facade:0, 线缆伪装板 - 贫瘠闪长岩闪锌矿矿石
appliedenergistics2:facade:0, 线缆伪装板 - 贫瘠安山岩闪锌矿矿石
appliedenergistics2:facade:0, 线缆伪装板 - 贫瘠辉锑矿矿石
appliedenergistics2:facade:0, 线缆伪装板 - 贫瘠地狱岩辉锑矿矿石
appliedenergistics2:facade:0, 线缆伪装板 - 贫瘠末地石辉锑矿矿石
appliedenergistics2:facade:0, 线缆伪装板 - 贫瘠沙子辉锑矿矿石
appliedenergistics2:facade:0, 线缆伪装板 - 贫瘠红沙辉锑矿矿石
appliedenergistics2:facade:0, 线缆伪装板 - 贫瘠花岗岩辉锑矿矿石
appliedenergistics2:facade:0, 线缆伪装板 - 贫瘠闪长岩辉锑矿矿石
appliedenergistics2:facade:0, 线缆伪装板 - 贫瘠安山岩辉锑矿矿石
appliedenergistics2:facade:0, 线缆伪装板 - 贫瘠黝铜矿矿石
appliedenergistics2:facade:0, 线缆伪装板 - 贫瘠地狱岩黝铜矿矿石
appliedenergistics2:facade:0, 线缆伪装板 - 贫瘠末地石黝铜矿矿石
appliedenergistics2:facade:0, 线缆伪装板 - 贫瘠沙子黝铜矿矿石
appliedenergistics2:facade:0, 线缆伪装板 - 贫瘠红沙黝铜矿矿石
appliedenergistics2:facade:0, 线缆伪装板 - 贫瘠花岗岩黝铜矿矿石
appliedenergistics2:facade:0, 线缆伪装板 - 贫瘠闪长岩黝铜矿矿石
appliedenergistics2:facade:0, 线缆伪装板 - 贫瘠安山岩黝铜矿矿石
appliedenergistics2:facade:0, 线缆伪装板 - 贫瘠黄玉矿石
appliedenergistics2:facade:0, 线缆伪装板 - 贫瘠地狱岩黄玉矿石
appliedenergistics2:facade:0, 线缆伪装板 - 贫瘠末地石黄玉矿石
appliedenergistics2:facade:0, 线缆伪装板 - 贫瘠沙子黄玉矿石
appliedenergistics2:facade:0, 线缆伪装板 - 贫瘠红沙黄玉矿石
appliedenergistics2:facade:0, 线缆伪装板 - 贫瘠花岗岩黄玉矿石
appliedenergistics2:facade:0, 线缆伪装板 - 贫瘠闪长岩黄玉矿石
appliedenergistics2:facade:0, 线缆伪装板 - 贫瘠安山岩黄玉矿石
appliedenergistics2:facade:0, 线缆伪装板 - 贫瘠钨酸锂矿石
appliedenergistics2:facade:0, 线缆伪装板 - 贫瘠地狱岩钨酸锂矿石
appliedenergistics2:facade:0, 线缆伪装板 - 贫瘠末地石钨酸锂矿石
appliedenergistics2:facade:0, 线缆伪装板 - 贫瘠沙子钨酸锂矿石
appliedenergistics2:facade:0, 线缆伪装板 - 贫瘠红沙钨酸锂矿石
appliedenergistics2:facade:0, 线缆伪装板 - 贫瘠花岗岩钨酸锂矿石
appliedenergistics2:facade:0, 线缆伪装板 - 贫瘠闪长岩钨酸锂矿石
appliedenergistics2:facade:0, 线缆伪装板 - 贫瘠安山岩钨酸锂矿石
appliedenergistics2:facade:0, 线缆伪装板 - 贫瘠晶质铀矿矿石
appliedenergistics2:facade:0, 线缆伪装板 - 贫瘠地狱岩晶质铀矿矿石
appliedenergistics2:facade:0, 线缆伪装板 - 贫瘠末地石晶质铀矿矿石
appliedenergistics2:facade:0, 线缆伪装板 - 贫瘠沙子晶质铀矿矿石
appliedenergistics2:facade:0, 线缆伪装板 - 贫瘠红沙晶质铀矿矿石
appliedenergistics2:facade:0, 线缆伪装板 - 贫瘠花岗岩晶质铀矿矿石
appliedenergistics2:facade:0, 线缆伪装板 - 贫瘠闪长岩晶质铀矿矿石
appliedenergistics2:facade:0, 线缆伪装板 - 贫瘠安山岩晶质铀矿矿石
appliedenergistics2:facade:0, 线缆伪装板 - 贫瘠钼铅矿矿石
appliedenergistics2:facade:0, 线缆伪装板 - 贫瘠地狱岩钼铅矿矿石
appliedenergistics2:facade:0, 线缆伪装板 - 贫瘠末地石钼铅矿矿石
appliedenergistics2:facade:0, 线缆伪装板 - 贫瘠沙子钼铅矿矿石
appliedenergistics2:facade:0, 线缆伪装板 - 贫瘠红沙钼铅矿矿石
appliedenergistics2:facade:0, 线缆伪装板 - 贫瘠花岗岩钼铅矿矿石
appliedenergistics2:facade:0, 线缆伪装板 - 贫瘠闪长岩钼铅矿矿石
appliedenergistics2:facade:0, 线缆伪装板 - 贫瘠安山岩钼铅矿矿石
appliedenergistics2:facade:0, 线缆伪装板 - 贫瘠黄褐铁矿矿石
appliedenergistics2:facade:0, 线缆伪装板 - 贫瘠地狱岩黄褐铁矿矿石
appliedenergistics2:facade:0, 线缆伪装板 - 贫瘠末地石黄褐铁矿矿石
appliedenergistics2:facade:0, 线缆伪装板 - 贫瘠沙子黄褐铁矿矿石
appliedenergistics2:facade:0, 线缆伪装板 - 贫瘠红沙黄褐铁矿矿石
appliedenergistics2:facade:0, 线缆伪装板 - 贫瘠花岗岩黄褐铁矿矿石
appliedenergistics2:facade:0, 线缆伪装板 - 贫瘠闪长岩黄褐铁矿矿石
appliedenergistics2:facade:0, 线缆伪装板 - 贫瘠安山岩黄褐铁矿矿石
appliedenergistics2:facade:0, 线缆伪装板 - 贫瘠下界石英矿石
appliedenergistics2:facade:0, 线缆伪装板 - 贫瘠地狱岩下界石英矿石
appliedenergistics2:facade:0, 线缆伪装板 - 贫瘠末地石下界石英矿石
appliedenergistics2:facade:0, 线缆伪装板 - 贫瘠沙子下界石英矿石
appliedenergistics2:facade:0, 线缆伪装板 - 贫瘠红沙下界石英矿石
appliedenergistics2:facade:0, 线缆伪装板 - 贫瘠花岗岩下界石英矿石
appliedenergistics2:facade:0, 线缆伪装板 - 贫瘠闪长岩下界石英矿石
appliedenergistics2:facade:0, 线缆伪装板 - 贫瘠安山岩下界石英矿石
appliedenergistics2:facade:0, 线缆伪装板 - 贫瘠石英岩矿石
appliedenergistics2:facade:0, 线缆伪装板 - 贫瘠地狱岩石英岩矿石
appliedenergistics2:facade:0, 线缆伪装板 - 贫瘠末地石石英岩矿石
appliedenergistics2:facade:0, 线缆伪装板 - 贫瘠沙子石英岩矿石
appliedenergistics2:facade:0, 线缆伪装板 - 贫瘠红沙石英岩矿石
appliedenergistics2:facade:0, 线缆伪装板 - 贫瘠花岗岩石英岩矿石
appliedenergistics2:facade:0, 线缆伪装板 - 贫瘠闪长岩石英岩矿石
appliedenergistics2:facade:0, 线缆伪装板 - 贫瘠安山岩石英岩矿石
appliedenergistics2:facade:0, 线缆伪装板 - 贫瘠石墨矿石
appliedenergistics2:facade:0, 线缆伪装板 - 贫瘠地狱岩石墨矿石
appliedenergistics2:facade:0, 线缆伪装板 - 贫瘠末地石石墨矿石
appliedenergistics2:facade:0, 线缆伪装板 - 贫瘠沙子石墨矿石
appliedenergistics2:facade:0, 线缆伪装板 - 贫瘠红沙石墨矿石
appliedenergistics2:facade:0, 线缆伪装板 - 贫瘠花岗岩石墨矿石
appliedenergistics2:facade:0, 线缆伪装板 - 贫瘠闪长岩石墨矿石
appliedenergistics2:facade:0, 线缆伪装板 - 贫瘠安山岩石墨矿石
appliedenergistics2:facade:0, 线缆伪装板 - 贫瘠斑铜矿矿石
appliedenergistics2:facade:0, 线缆伪装板 - 贫瘠地狱岩斑铜矿矿石
appliedenergistics2:facade:0, 线缆伪装板 - 贫瘠末地石斑铜矿矿石
appliedenergistics2:facade:0, 线缆伪装板 - 贫瘠沙子斑铜矿矿石
appliedenergistics2:facade:0, 线缆伪装板 - 贫瘠红沙斑铜矿矿石
appliedenergistics2:facade:0, 线缆伪装板 - 贫瘠花岗岩斑铜矿矿石
appliedenergistics2:facade:0, 线缆伪装板 - 贫瘠闪长岩斑铜矿矿石
appliedenergistics2:facade:0, 线缆伪装板 - 贫瘠安山岩斑铜矿矿石
appliedenergistics2:facade:0, 线缆伪装板 - 贫瘠辉铜矿矿石
appliedenergistics2:facade:0, 线缆伪装板 - 贫瘠地狱岩辉铜矿矿石
appliedenergistics2:facade:0, 线缆伪装板 - 贫瘠末地石辉铜矿矿石
appliedenergistics2:facade:0, 线缆伪装板 - 贫瘠沙子辉铜矿矿石
appliedenergistics2:facade:0, 线缆伪装板 - 贫瘠红沙辉铜矿矿石
appliedenergistics2:facade:0, 线缆伪装板 - 贫瘠花岗岩辉铜矿矿石
appliedenergistics2:facade:0, 线缆伪装板 - 贫瘠闪长岩辉铜矿矿石
appliedenergistics2:facade:0, 线缆伪装板 - 贫瘠安山岩辉铜矿矿石
appliedenergistics2:facade:0, 线缆伪装板 - 贫瘠雄黄矿石
appliedenergistics2:facade:0, 线缆伪装板 - 贫瘠地狱岩雄黄矿石
appliedenergistics2:facade:0, 线缆伪装板 - 贫瘠末地石雄黄矿石
appliedenergistics2:facade:0, 线缆伪装板 - 贫瘠沙子雄黄矿石
appliedenergistics2:facade:0, 线缆伪装板 - 贫瘠红沙雄黄矿石
appliedenergistics2:facade:0, 线缆伪装板 - 贫瘠花岗岩雄黄矿石
appliedenergistics2:facade:0, 线缆伪装板 - 贫瘠闪长岩雄黄矿石
appliedenergistics2:facade:0, 线缆伪装板 - 贫瘠安山岩雄黄矿石
appliedenergistics2:facade:0, 线缆伪装板 - 贫瘠氟碳镧铈矿矿石
appliedenergistics2:facade:0, 线缆伪装板 - 贫瘠地狱岩氟碳镧铈矿矿石
appliedenergistics2:facade:0, 线缆伪装板 - 贫瘠末地石氟碳镧铈矿矿石
appliedenergistics2:facade:0, 线缆伪装板 - 贫瘠沙子氟碳镧铈矿矿石
appliedenergistics2:facade:0, 线缆伪装板 - 贫瘠红沙氟碳镧铈矿矿石
appliedenergistics2:facade:0, 线缆伪装板 - 贫瘠花岗岩氟碳镧铈矿矿石
appliedenergistics2:facade:0, 线缆伪装板 - 贫瘠闪长岩氟碳镧铈矿矿石
appliedenergistics2:facade:0, 线缆伪装板 - 贫瘠安山岩氟碳镧铈矿矿石
appliedenergistics2:facade:0, 线缆伪装板 - 贫瘠镍黄铁矿矿石
appliedenergistics2:facade:0, 线缆伪装板 - 贫瘠地狱岩镍黄铁矿矿石
appliedenergistics2:facade:0, 线缆伪装板 - 贫瘠末地石镍黄铁矿矿石
appliedenergistics2:facade:0, 线缆伪装板 - 贫瘠沙子镍黄铁矿矿石
appliedenergistics2:facade:0, 线缆伪装板 - 贫瘠红沙镍黄铁矿矿石
appliedenergistics2:facade:0, 线缆伪装板 - 贫瘠花岗岩镍黄铁矿矿石
appliedenergistics2:facade:0, 线缆伪装板 - 贫瘠闪长岩镍黄铁矿矿石
appliedenergistics2:facade:0, 线缆伪装板 - 贫瘠安山岩镍黄铁矿矿石
appliedenergistics2:facade:0, 线缆伪装板 - 贫瘠锂辉石矿石
appliedenergistics2:facade:0, 线缆伪装板 - 贫瘠地狱岩锂辉石矿石
appliedenergistics2:facade:0, 线缆伪装板 - 贫瘠末地石锂辉石矿石
appliedenergistics2:facade:0, 线缆伪装板 - 贫瘠沙子锂辉石矿石
appliedenergistics2:facade:0, 线缆伪装板 - 贫瘠红沙锂辉石矿石
appliedenergistics2:facade:0, 线缆伪装板 - 贫瘠花岗岩锂辉石矿石
appliedenergistics2:facade:0, 线缆伪装板 - 贫瘠闪长岩锂辉石矿石
appliedenergistics2:facade:0, 线缆伪装板 - 贫瘠安山岩锂辉石矿石
appliedenergistics2:facade:0, 线缆伪装板 - 贫瘠锂云母矿石
appliedenergistics2:facade:0, 线缆伪装板 - 贫瘠地狱岩锂云母矿石
appliedenergistics2:facade:0, 线缆伪装板 - 贫瘠末地石锂云母矿石
appliedenergistics2:facade:0, 线缆伪装板 - 贫瘠沙子锂云母矿石
appliedenergistics2:facade:0, 线缆伪装板 - 贫瘠红沙锂云母矿石
appliedenergistics2:facade:0, 线缆伪装板 - 贫瘠花岗岩锂云母矿石
appliedenergistics2:facade:0, 线缆伪装板 - 贫瘠闪长岩锂云母矿石
appliedenergistics2:facade:0, 线缆伪装板 - 贫瘠安山岩锂云母矿石
appliedenergistics2:facade:0, 线缆伪装板 - 贫瘠海绿石矿砂矿石
appliedenergistics2:facade:0, 线缆伪装板 - 贫瘠地狱岩海绿石矿砂矿石
appliedenergistics2:facade:0, 线缆伪装板 - 贫瘠末地石海绿石矿砂矿石
appliedenergistics2:facade:0, 线缆伪装板 - 贫瘠沙子海绿石矿砂矿石
appliedenergistics2:facade:0, 线缆伪装板 - 贫瘠红沙海绿石矿砂矿石
appliedenergistics2:facade:0, 线缆伪装板 - 贫瘠花岗岩海绿石矿砂矿石
appliedenergistics2:facade:0, 线缆伪装板 - 贫瘠闪长岩海绿石矿砂矿石
appliedenergistics2:facade:0, 线缆伪装板 - 贫瘠安山岩海绿石矿砂矿石
appliedenergistics2:facade:0, 线缆伪装板 - 贫瘠孔雀石矿石
appliedenergistics2:facade:0, 线缆伪装板 - 贫瘠地狱岩孔雀石矿石
appliedenergistics2:facade:0, 线缆伪装板 - 贫瘠末地石孔雀石矿石
appliedenergistics2:facade:0, 线缆伪装板 - 贫瘠沙子孔雀石矿石
appliedenergistics2:facade:0, 线缆伪装板 - 贫瘠红沙孔雀石矿石
appliedenergistics2:facade:0, 线缆伪装板 - 贫瘠花岗岩孔雀石矿石
appliedenergistics2:facade:0, 线缆伪装板 - 贫瘠闪长岩孔雀石矿石
appliedenergistics2:facade:0, 线缆伪装板 - 贫瘠安山岩孔雀石矿石
appliedenergistics2:facade:0, 线缆伪装板 - 贫瘠云母矿石
appliedenergistics2:facade:0, 线缆伪装板 - 贫瘠地狱岩云母矿石
appliedenergistics2:facade:0, 线缆伪装板 - 贫瘠末地石云母矿石
appliedenergistics2:facade:0, 线缆伪装板 - 贫瘠沙子云母矿石
appliedenergistics2:facade:0, 线缆伪装板 - 贫瘠红沙云母矿石
appliedenergistics2:facade:0, 线缆伪装板 - 贫瘠花岗岩云母矿石
appliedenergistics2:facade:0, 线缆伪装板 - 贫瘠闪长岩云母矿石
appliedenergistics2:facade:0, 线缆伪装板 - 贫瘠安山岩云母矿石
appliedenergistics2:facade:0, 线缆伪装板 - 贫瘠重晶石矿石
appliedenergistics2:facade:0, 线缆伪装板 - 贫瘠地狱岩重晶石矿石
appliedenergistics2:facade:0, 线缆伪装板 - 贫瘠末地石重晶石矿石
appliedenergistics2:facade:0, 线缆伪装板 - 贫瘠沙子重晶石矿石
appliedenergistics2:facade:0, 线缆伪装板 - 贫瘠红沙重晶石矿石
appliedenergistics2:facade:0, 线缆伪装板 - 贫瘠花岗岩重晶石矿石
appliedenergistics2:facade:0, 线缆伪装板 - 贫瘠闪长岩重晶石矿石
appliedenergistics2:facade:0, 线缆伪装板 - 贫瘠安山岩重晶石矿石
appliedenergistics2:facade:0, 线缆伪装板 - 贫瘠明矾石矿石
appliedenergistics2:facade:0, 线缆伪装板 - 贫瘠地狱岩明矾石矿石
appliedenergistics2:facade:0, 线缆伪装板 - 贫瘠末地石明矾石矿石
appliedenergistics2:facade:0, 线缆伪装板 - 贫瘠沙子明矾石矿石
appliedenergistics2:facade:0, 线缆伪装板 - 贫瘠红沙明矾石矿石
appliedenergistics2:facade:0, 线缆伪装板 - 贫瘠花岗岩明矾石矿石
appliedenergistics2:facade:0, 线缆伪装板 - 贫瘠闪长岩明矾石矿石
appliedenergistics2:facade:0, 线缆伪装板 - 贫瘠安山岩明矾石矿石
appliedenergistics2:facade:0, 线缆伪装板 - 贫瘠滑石矿石
appliedenergistics2:facade:0, 线缆伪装板 - 贫瘠地狱岩滑石矿石
appliedenergistics2:facade:0, 线缆伪装板 - 贫瘠末地石滑石矿石
appliedenergistics2:facade:0, 线缆伪装板 - 贫瘠沙子滑石矿石
appliedenergistics2:facade:0, 线缆伪装板 - 贫瘠红沙滑石矿石
appliedenergistics2:facade:0, 线缆伪装板 - 贫瘠花岗岩滑石矿石
appliedenergistics2:facade:0, 线缆伪装板 - 贫瘠闪长岩滑石矿石
appliedenergistics2:facade:0, 线缆伪装板 - 贫瘠安山岩滑石矿石
appliedenergistics2:facade:0, 线缆伪装板 - 贫瘠皂石矿石
appliedenergistics2:facade:0, 线缆伪装板 - 贫瘠地狱岩皂石矿石
appliedenergistics2:facade:0, 线缆伪装板 - 贫瘠末地石皂石矿石
appliedenergistics2:facade:0, 线缆伪装板 - 贫瘠沙子皂石矿石
appliedenergistics2:facade:0, 线缆伪装板 - 贫瘠红沙皂石矿石
appliedenergistics2:facade:0, 线缆伪装板 - 贫瘠花岗岩皂石矿石
appliedenergistics2:facade:0, 线缆伪装板 - 贫瘠闪长岩皂石矿石
appliedenergistics2:facade:0, 线缆伪装板 - 贫瘠安山岩皂石矿石
appliedenergistics2:facade:0, 线缆伪装板 - 贫瘠蓝晶石矿石
appliedenergistics2:facade:0, 线缆伪装板 - 贫瘠地狱岩蓝晶石矿石
appliedenergistics2:facade:0, 线缆伪装板 - 贫瘠末地石蓝晶石矿石
appliedenergistics2:facade:0, 线缆伪装板 - 贫瘠沙子蓝晶石矿石
appliedenergistics2:facade:0, 线缆伪装板 - 贫瘠红沙蓝晶石矿石
appliedenergistics2:facade:0, 线缆伪装板 - 贫瘠花岗岩蓝晶石矿石
appliedenergistics2:facade:0, 线缆伪装板 - 贫瘠闪长岩蓝晶石矿石
appliedenergistics2:facade:0, 线缆伪装板 - 贫瘠安山岩蓝晶石矿石
appliedenergistics2:facade:0, 线缆伪装板 - 贫瘠烧绿石矿石
appliedenergistics2:facade:0, 线缆伪装板 - 贫瘠地狱岩烧绿石矿石
appliedenergistics2:facade:0, 线缆伪装板 - 贫瘠末地石烧绿石矿石
appliedenergistics2:facade:0, 线缆伪装板 - 贫瘠沙子烧绿石矿石
appliedenergistics2:facade:0, 线缆伪装板 - 贫瘠红沙烧绿石矿石
appliedenergistics2:facade:0, 线缆伪装板 - 贫瘠花岗岩烧绿石矿石
appliedenergistics2:facade:0, 线缆伪装板 - 贫瘠闪长岩烧绿石矿石
appliedenergistics2:facade:0, 线缆伪装板 - 贫瘠安山岩烧绿石矿石
appliedenergistics2:facade:0, 线缆伪装板 - 贫瘠油砂矿石
appliedenergistics2:facade:0, 线缆伪装板 - 贫瘠地狱岩油砂矿石
appliedenergistics2:facade:0, 线缆伪装板 - 贫瘠末地石油砂矿石
appliedenergistics2:facade:0, 线缆伪装板 - 贫瘠沙子油砂矿石
appliedenergistics2:facade:0, 线缆伪装板 - 贫瘠红沙油砂矿石
appliedenergistics2:facade:0, 线缆伪装板 - 贫瘠花岗岩油砂矿石
appliedenergistics2:facade:0, 线缆伪装板 - 贫瘠闪长岩油砂矿石
appliedenergistics2:facade:0, 线缆伪装板 - 贫瘠安山岩油砂矿石
appliedenergistics2:facade:0, 线缆伪装板 - 贫瘠荧石矿石
appliedenergistics2:facade:0, 线缆伪装板 - 贫瘠地狱岩荧石矿石
appliedenergistics2:facade:0, 线缆伪装板 - 贫瘠末地石荧石矿石
appliedenergistics2:facade:0, 线缆伪装板 - 贫瘠沙子荧石矿石
appliedenergistics2:facade:0, 线缆伪装板 - 贫瘠红沙荧石矿石
appliedenergistics2:facade:0, 线缆伪装板 - 贫瘠花岗岩荧石矿石
appliedenergistics2:facade:0, 线缆伪装板 - 贫瘠闪长岩荧石矿石
appliedenergistics2:facade:0, 线缆伪装板 - 贫瘠安山岩荧石矿石
appliedenergistics2:facade:0, 线缆伪装板 - 贫瘠橄榄石矿石
appliedenergistics2:facade:0, 线缆伪装板 - 贫瘠地狱岩橄榄石矿石
appliedenergistics2:facade:0, 线缆伪装板 - 贫瘠末地石橄榄石矿石
appliedenergistics2:facade:0, 线缆伪装板 - 贫瘠沙子橄榄石矿石
appliedenergistics2:facade:0, 线缆伪装板 - 贫瘠红沙橄榄石矿石
appliedenergistics2:facade:0, 线缆伪装板 - 贫瘠花岗岩橄榄石矿石
appliedenergistics2:facade:0, 线缆伪装板 - 贫瘠闪长岩橄榄石矿石
appliedenergistics2:facade:0, 线缆伪装板 - 贫瘠安山岩橄榄石矿石
appliedenergistics2:facade:0, 线缆伪装板 - 贫瘠猫眼石矿石
appliedenergistics2:facade:0, 线缆伪装板 - 贫瘠地狱岩猫眼石矿石
appliedenergistics2:facade:0, 线缆伪装板 - 贫瘠末地石猫眼石矿石
appliedenergistics2:facade:0, 线缆伪装板 - 贫瘠沙子猫眼石矿石
appliedenergistics2:facade:0, 线缆伪装板 - 贫瘠红沙猫眼石矿石
appliedenergistics2:facade:0, 线缆伪装板 - 贫瘠花岗岩猫眼石矿石
appliedenergistics2:facade:0, 线缆伪装板 - 贫瘠闪长岩猫眼石矿石
appliedenergistics2:facade:0, 线缆伪装板 - 贫瘠安山岩猫眼石矿石
appliedenergistics2:facade:0, 线缆伪装板 - 贫瘠紫水晶矿石
appliedenergistics2:facade:0, 线缆伪装板 - 贫瘠地狱岩紫水晶矿石
appliedenergistics2:facade:0, 线缆伪装板 - 贫瘠末地石紫水晶矿石
appliedenergistics2:facade:0, 线缆伪装板 - 贫瘠沙子紫水晶矿石
appliedenergistics2:facade:0, 线缆伪装板 - 贫瘠红沙紫水晶矿石
appliedenergistics2:facade:0, 线缆伪装板 - 贫瘠花岗岩紫水晶矿石
appliedenergistics2:facade:0, 线缆伪装板 - 贫瘠闪长岩紫水晶矿石
appliedenergistics2:facade:0, 线缆伪装板 - 贫瘠安山岩紫水晶矿石
appliedenergistics2:facade:0, 线缆伪装板 - 贫瘠青金石矿石
appliedenergistics2:facade:0, 线缆伪装板 - 贫瘠地狱岩青金石矿石
appliedenergistics2:facade:0, 线缆伪装板 - 贫瘠末地石青金石矿石
appliedenergistics2:facade:0, 线缆伪装板 - 贫瘠沙子青金石矿石
appliedenergistics2:facade:0, 线缆伪装板 - 贫瘠红沙青金石矿石
appliedenergistics2:facade:0, 线缆伪装板 - 贫瘠花岗岩青金石矿石
appliedenergistics2:facade:0, 线缆伪装板 - 贫瘠闪长岩青金石矿石
appliedenergistics2:facade:0, 线缆伪装板 - 贫瘠安山岩青金石矿石
appliedenergistics2:facade:0, 线缆伪装板 - 贫瘠磷灰石矿石
appliedenergistics2:facade:0, 线缆伪装板 - 贫瘠地狱岩磷灰石矿石
appliedenergistics2:facade:0, 线缆伪装板 - 贫瘠末地石磷灰石矿石
appliedenergistics2:facade:0, 线缆伪装板 - 贫瘠沙子磷灰石矿石
appliedenergistics2:facade:0, 线缆伪装板 - 贫瘠红沙磷灰石矿石
appliedenergistics2:facade:0, 线缆伪装板 - 贫瘠花岗岩磷灰石矿石
appliedenergistics2:facade:0, 线缆伪装板 - 贫瘠闪长岩磷灰石矿石
appliedenergistics2:facade:0, 线缆伪装板 - 贫瘠安山岩磷灰石矿石
appliedenergistics2:facade:0, 线缆伪装板 - 贫瘠磷酸三钙矿石
appliedenergistics2:facade:0, 线缆伪装板 - 贫瘠地狱岩磷酸三钙矿石
appliedenergistics2:facade:0, 线缆伪装板 - 贫瘠末地石磷酸三钙矿石
appliedenergistics2:facade:0, 线缆伪装板 - 贫瘠沙子磷酸三钙矿石
appliedenergistics2:facade:0, 线缆伪装板 - 贫瘠红沙磷酸三钙矿石
appliedenergistics2:facade:0, 线缆伪装板 - 贫瘠花岗岩磷酸三钙矿石
appliedenergistics2:facade:0, 线缆伪装板 - 贫瘠闪长岩磷酸三钙矿石
appliedenergistics2:facade:0, 线缆伪装板 - 贫瘠安山岩磷酸三钙矿石
appliedenergistics2:facade:0, 线缆伪装板 - 贫瘠红石榴石矿石
appliedenergistics2:facade:0, 线缆伪装板 - 贫瘠地狱岩红石榴石矿石
appliedenergistics2:facade:0, 线缆伪装板 - 贫瘠末地石红石榴石矿石
appliedenergistics2:facade:0, 线缆伪装板 - 贫瘠沙子红石榴石矿石
appliedenergistics2:facade:0, 线缆伪装板 - 贫瘠红沙红石榴石矿石
appliedenergistics2:facade:0, 线缆伪装板 - 贫瘠花岗岩红石榴石矿石
appliedenergistics2:facade:0, 线缆伪装板 - 贫瘠闪长岩红石榴石矿石
appliedenergistics2:facade:0, 线缆伪装板 - 贫瘠安山岩红石榴石矿石
appliedenergistics2:facade:0, 线缆伪装板 - 贫瘠黄石榴石矿石
appliedenergistics2:facade:0, 线缆伪装板 - 贫瘠地狱岩黄石榴石矿石
appliedenergistics2:facade:0, 线缆伪装板 - 贫瘠末地石黄石榴石矿石
appliedenergistics2:facade:0, 线缆伪装板 - 贫瘠沙子黄石榴石矿石
appliedenergistics2:facade:0, 线缆伪装板 - 贫瘠红沙黄石榴石矿石
appliedenergistics2:facade:0, 线缆伪装板 - 贫瘠花岗岩黄石榴石矿石
appliedenergistics2:facade:0, 线缆伪装板 - 贫瘠闪长岩黄石榴石矿石
appliedenergistics2:facade:0, 线缆伪装板 - 贫瘠安山岩黄石榴石矿石
appliedenergistics2:facade:0, 线缆伪装板 - 贫瘠钒磁铁矿矿石
appliedenergistics2:facade:0, 线缆伪装板 - 贫瘠地狱岩钒磁铁矿矿石
appliedenergistics2:facade:0, 线缆伪装板 - 贫瘠末地石钒磁铁矿矿石
appliedenergistics2:facade:0, 线缆伪装板 - 贫瘠沙子钒磁铁矿矿石
appliedenergistics2:facade:0, 线缆伪装板 - 贫瘠红沙钒磁铁矿矿石
appliedenergistics2:facade:0, 线缆伪装板 - 贫瘠花岗岩钒磁铁矿矿石
appliedenergistics2:facade:0, 线缆伪装板 - 贫瘠闪长岩钒磁铁矿矿石
appliedenergistics2:facade:0, 线缆伪装板 - 贫瘠安山岩钒磁铁矿矿石
appliedenergistics2:facade:0, 线缆伪装板 - 贫瘠铯榴石矿石
appliedenergistics2:facade:0, 线缆伪装板 - 贫瘠地狱岩铯榴石矿石
appliedenergistics2:facade:0, 线缆伪装板 - 贫瘠末地石铯榴石矿石
appliedenergistics2:facade:0, 线缆伪装板 - 贫瘠沙子铯榴石矿石
appliedenergistics2:facade:0, 线缆伪装板 - 贫瘠红沙铯榴石矿石
appliedenergistics2:facade:0, 线缆伪装板 - 贫瘠花岗岩铯榴石矿石
appliedenergistics2:facade:0, 线缆伪装板 - 贫瘠闪长岩铯榴石矿石
appliedenergistics2:facade:0, 线缆伪装板 - 贫瘠安山岩铯榴石矿石
appliedenergistics2:facade:0, 线缆伪装板 - 贫瘠膨润土矿石
appliedenergistics2:facade:0, 线缆伪装板 - 贫瘠地狱岩膨润土矿石
appliedenergistics2:facade:0, 线缆伪装板 - 贫瘠末地石膨润土矿石
appliedenergistics2:facade:0, 线缆伪装板 - 贫瘠沙子膨润土矿石
appliedenergistics2:facade:0, 线缆伪装板 - 贫瘠红沙膨润土矿石
appliedenergistics2:facade:0, 线缆伪装板 - 贫瘠花岗岩膨润土矿石
appliedenergistics2:facade:0, 线缆伪装板 - 贫瘠闪长岩膨润土矿石
appliedenergistics2:facade:0, 线缆伪装板 - 贫瘠安山岩膨润土矿石
appliedenergistics2:facade:0, 线缆伪装板 - 贫瘠漂白土矿石
appliedenergistics2:facade:0, 线缆伪装板 - 贫瘠地狱岩漂白土矿石
appliedenergistics2:facade:0, 线缆伪装板 - 贫瘠末地石漂白土矿石
appliedenergistics2:facade:0, 线缆伪装板 - 贫瘠沙子漂白土矿石
appliedenergistics2:facade:0, 线缆伪装板 - 贫瘠红沙漂白土矿石
appliedenergistics2:facade:0, 线缆伪装板 - 贫瘠花岗岩漂白土矿石
appliedenergistics2:facade:0, 线缆伪装板 - 贫瘠闪长岩漂白土矿石
appliedenergistics2:facade:0, 线缆伪装板 - 贫瘠安山岩漂白土矿石
appliedenergistics2:facade:0, 线缆伪装板 - 贫瘠沥青铀矿矿石
appliedenergistics2:facade:0, 线缆伪装板 - 贫瘠地狱岩沥青铀矿矿石
appliedenergistics2:facade:0, 线缆伪装板 - 贫瘠末地石沥青铀矿矿石
appliedenergistics2:facade:0, 线缆伪装板 - 贫瘠沙子沥青铀矿矿石
appliedenergistics2:facade:0, 线缆伪装板 - 贫瘠红沙沥青铀矿矿石
appliedenergistics2:facade:0, 线缆伪装板 - 贫瘠花岗岩沥青铀矿矿石
appliedenergistics2:facade:0, 线缆伪装板 - 贫瘠闪长岩沥青铀矿矿石
appliedenergistics2:facade:0, 线缆伪装板 - 贫瘠安山岩沥青铀矿矿石
appliedenergistics2:facade:0, 线缆伪装板 - 贫瘠独居石矿石
appliedenergistics2:facade:0, 线缆伪装板 - 贫瘠地狱岩独居石矿石
appliedenergistics2:facade:0, 线缆伪装板 - 贫瘠末地石独居石矿石
appliedenergistics2:facade:0, 线缆伪装板 - 贫瘠沙子独居石矿石
appliedenergistics2:facade:0, 线缆伪装板 - 贫瘠红沙独居石矿石
appliedenergistics2:facade:0, 线缆伪装板 - 贫瘠花岗岩独居石矿石
appliedenergistics2:facade:0, 线缆伪装板 - 贫瘠闪长岩独居石矿石
appliedenergistics2:facade:0, 线缆伪装板 - 贫瘠安山岩独居石矿石
appliedenergistics2:facade:0, 线缆伪装板 - 贫瘠天然碱矿石
appliedenergistics2:facade:0, 线缆伪装板 - 贫瘠地狱岩天然碱矿石
appliedenergistics2:facade:0, 线缆伪装板 - 贫瘠末地石天然碱矿石
appliedenergistics2:facade:0, 线缆伪装板 - 贫瘠沙子天然碱矿石
appliedenergistics2:facade:0, 线缆伪装板 - 贫瘠红沙天然碱矿石
appliedenergistics2:facade:0, 线缆伪装板 - 贫瘠花岗岩天然碱矿石
appliedenergistics2:facade:0, 线缆伪装板 - 贫瘠闪长岩天然碱矿石
appliedenergistics2:facade:0, 线缆伪装板 - 贫瘠安山岩天然碱矿石
appliedenergistics2:facade:0, 线缆伪装板 - 贫瘠石膏矿石
appliedenergistics2:facade:0, 线缆伪装板 - 贫瘠地狱岩石膏矿石
appliedenergistics2:facade:0, 线缆伪装板 - 贫瘠末地石石膏矿石
appliedenergistics2:facade:0, 线缆伪装板 - 贫瘠沙子石膏矿石
appliedenergistics2:facade:0, 线缆伪装板 - 贫瘠红沙石膏矿石
appliedenergistics2:facade:0, 线缆伪装板 - 贫瘠花岗岩石膏矿石
appliedenergistics2:facade:0, 线缆伪装板 - 贫瘠闪长岩石膏矿石
appliedenergistics2:facade:0, 线缆伪装板 - 贫瘠安山岩石膏矿石
appliedenergistics2:facade:0, 线缆伪装板 - 贫瘠沸石矿石
appliedenergistics2:facade:0, 线缆伪装板 - 贫瘠地狱岩沸石矿石
appliedenergistics2:facade:0, 线缆伪装板 - 贫瘠末地石沸石矿石
appliedenergistics2:facade:0, 线缆伪装板 - 贫瘠沙子沸石矿石
appliedenergistics2:facade:0, 线缆伪装板 - 贫瘠红沙沸石矿石
appliedenergistics2:facade:0, 线缆伪装板 - 贫瘠花岗岩沸石矿石
appliedenergistics2:facade:0, 线缆伪装板 - 贫瘠闪长岩沸石矿石
appliedenergistics2:facade:0, 线缆伪装板 - 贫瘠安山岩沸石矿石
appliedenergistics2:facade:0, 线缆伪装板 - 贫瘠红石矿石
appliedenergistics2:facade:0, 线缆伪装板 - 贫瘠地狱岩红石矿石
appliedenergistics2:facade:0, 线缆伪装板 - 贫瘠末地石红石矿石
appliedenergistics2:facade:0, 线缆伪装板 - 贫瘠沙子红石矿石
appliedenergistics2:facade:0, 线缆伪装板 - 贫瘠红沙红石矿石
appliedenergistics2:facade:0, 线缆伪装板 - 贫瘠花岗岩红石矿石
appliedenergistics2:facade:0, 线缆伪装板 - 贫瘠闪长岩红石矿石
appliedenergistics2:facade:0, 线缆伪装板 - 贫瘠安山岩红石矿石
appliedenergistics2:facade:0, 线缆伪装板 - 贫瘠蓝石矿石
appliedenergistics2:facade:0, 线缆伪装板 - 贫瘠地狱岩蓝石矿石
appliedenergistics2:facade:0, 线缆伪装板 - 贫瘠末地石蓝石矿石
appliedenergistics2:facade:0, 线缆伪装板 - 贫瘠沙子蓝石矿石
appliedenergistics2:facade:0, 线缆伪装板 - 贫瘠红沙蓝石矿石
appliedenergistics2:facade:0, 线缆伪装板 - 贫瘠花岗岩蓝石矿石
appliedenergistics2:facade:0, 线缆伪装板 - 贫瘠闪长岩蓝石矿石
appliedenergistics2:facade:0, 线缆伪装板 - 贫瘠安山岩蓝石矿石
appliedenergistics2:facade:0, 线缆伪装板 - 贫瘠硅藻土矿石
appliedenergistics2:facade:0, 线缆伪装板 - 贫瘠地狱岩硅藻土矿石
appliedenergistics2:facade:0, 线缆伪装板 - 贫瘠末地石硅藻土矿石
appliedenergistics2:facade:0, 线缆伪装板 - 贫瘠沙子硅藻土矿石
appliedenergistics2:facade:0, 线缆伪装板 - 贫瘠红沙硅藻土矿石
appliedenergistics2:facade:0, 线缆伪装板 - 贫瘠花岗岩硅藻土矿石
appliedenergistics2:facade:0, 线缆伪装板 - 贫瘠闪长岩硅藻土矿石
appliedenergistics2:facade:0, 线缆伪装板 - 贫瘠安山岩硅藻土矿石
appliedenergistics2:facade:0, 线缆伪装板 - 贫瘠花岗岩矿砂矿石
appliedenergistics2:facade:0, 线缆伪装板 - 贫瘠地狱岩花岗岩矿砂矿石
appliedenergistics2:facade:0, 线缆伪装板 - 贫瘠末地石花岗岩矿砂矿石
appliedenergistics2:facade:0, 线缆伪装板 - 贫瘠沙子花岗岩矿砂矿石
appliedenergistics2:facade:0, 线缆伪装板 - 贫瘠红沙花岗岩矿砂矿石
appliedenergistics2:facade:0, 线缆伪装板 - 贫瘠花岗岩花岗岩矿砂矿石
appliedenergistics2:facade:0, 线缆伪装板 - 贫瘠闪长岩花岗岩矿砂矿石
appliedenergistics2:facade:0, 线缆伪装板 - 贫瘠安山岩花岗岩矿砂矿石
appliedenergistics2:facade:0, 线缆伪装板 - 贫瘠石榴石砂矿石
appliedenergistics2:facade:0, 线缆伪装板 - 贫瘠地狱岩石榴石砂矿石
appliedenergistics2:facade:0, 线缆伪装板 - 贫瘠末地石石榴石砂矿石
appliedenergistics2:facade:0, 线缆伪装板 - 贫瘠沙子石榴石砂矿石
appliedenergistics2:facade:0, 线缆伪装板 - 贫瘠红沙石榴石砂矿石
appliedenergistics2:facade:0, 线缆伪装板 - 贫瘠花岗岩石榴石砂矿石
appliedenergistics2:facade:0, 线缆伪装板 - 贫瘠闪长岩石榴石砂矿石
appliedenergistics2:facade:0, 线缆伪装板 - 贫瘠安山岩石榴石砂矿石
appliedenergistics2:facade:0, 线缆伪装板 - 贫瘠玄武岩矿砂矿石
appliedenergistics2:facade:0, 线缆伪装板 - 贫瘠地狱岩玄武岩矿砂矿石
appliedenergistics2:facade:0, 线缆伪装板 - 贫瘠末地石玄武岩矿砂矿石
appliedenergistics2:facade:0, 线缆伪装板 - 贫瘠沙子玄武岩矿砂矿石
appliedenergistics2:facade:0, 线缆伪装板 - 贫瘠红沙玄武岩矿砂矿石
appliedenergistics2:facade:0, 线缆伪装板 - 贫瘠花岗岩玄武岩矿砂矿石
appliedenergistics2:facade:0, 线缆伪装板 - 贫瘠闪长岩玄武岩矿砂矿石
appliedenergistics2:facade:0, 线缆伪装板 - 贫瘠安山岩玄武岩矿砂矿石
appliedenergistics2:facade:0, 线缆伪装板 - 反应堆压力壳
appliedenergistics2:facade:0, 线缆伪装板 - 燃料通道
appliedenergistics2:facade:0, 线缆伪装板 - 控制棒通道
appliedenergistics2:facade:0, 线缆伪装板 - 冷却剂通道
appliedenergistics2:facade:0, 线缆伪装板 - 乏燃料贮存格架
appliedenergistics2:facade:0, 线缆伪装板 - 气体加热器
appliedenergistics2:facade:0, 线缆伪装板 - 气体离心筒
appliedenergistics2:facade:0, 线缆伪装板 - 白色镶板
appliedenergistics2:facade:0, 线缆伪装板 - 橙色镶板
appliedenergistics2:facade:0, 线缆伪装板 - 品红色镶板
appliedenergistics2:facade:0, 线缆伪装板 - 浅蓝色镶板
appliedenergistics2:facade:0, 线缆伪装板 - 黄色镶板
appliedenergistics2:facade:0, 线缆伪装板 - 黄绿色镶板
appliedenergistics2:facade:0, 线缆伪装板 - 粉色镶板
appliedenergistics2:facade:0, 线缆伪装板 - 灰色镶板
appliedenergistics2:facade:0, 线缆伪装板 - 淡蓝色镶板
appliedenergistics2:facade:0, 线缆伪装板 - 青色镶板
appliedenergistics2:facade:0, 线缆伪装板 - 紫色镶板
appliedenergistics2:facade:0, 线缆伪装板 - 蓝色镶板
appliedenergistics2:facade:0, 线缆伪装板 - 棕色镶板
appliedenergistics2:facade:0, 线缆伪装板 - 绿色镶板
appliedenergistics2:facade:0, 线缆伪装板 - 红色镶板
appliedenergistics2:facade:0, 线缆伪装板 - 黑色镶板
appliedenergistics2:facade:0, 线缆伪装板 - 核裂变反应堆外壳
appliedenergistics2:facade:0, 线缆伪装板 - 铝块
appliedenergistics2:facade:0, 线缆伪装板 - 铝块
appliedenergistics2:facade:0, 线缆伪装板 - 铝块
appliedenergistics2:facade:0, 线缆伪装板 - 铝块
appliedenergistics2:facade:0, 线缆伪装板 - 铝块
appliedenergistics2:facade:0, 线缆伪装板 - 铝块
appliedenergistics2:facade:0, 线缆伪装板 - 铝块
appliedenergistics2:facade:0, 线缆伪装板 - 安山岩
appliedenergistics2:facade:0, 线缆伪装板 - 安山岩
appliedenergistics2:facade:0, 线缆伪装板 - 安山岩
appliedenergistics2:facade:0, 线缆伪装板 - 安山岩
appliedenergistics2:facade:0, 线缆伪装板 - 安山岩
appliedenergistics2:facade:0, 线缆伪装板 - 安山岩
appliedenergistics2:facade:0, 线缆伪装板 - 安山岩
appliedenergistics2:facade:0, 线缆伪装板 - 安山岩
appliedenergistics2:facade:0, 线缆伪装板 - 安山岩
appliedenergistics2:facade:0, 线缆伪装板 - 安山岩
appliedenergistics2:facade:0, 线缆伪装板 - 安山岩
appliedenergistics2:facade:0, 线缆伪装板 - 安山岩
appliedenergistics2:facade:0, 线缆伪装板 - 安山岩
appliedenergistics2:facade:0, 线缆伪装板 - 安山岩
appliedenergistics2:facade:0, 线缆伪装板 - 安山岩
appliedenergistics2:facade:0, 线缆伪装板 - 安山岩
appliedenergistics2:facade:0, 线缆伪装板 - 安山岩
appliedenergistics2:facade:0, 线缆伪装板 - 安山岩
appliedenergistics2:facade:0, 线缆伪装板 - 安山岩
appliedenergistics2:facade:0, 线缆伪装板 - 安山岩
appliedenergistics2:facade:0, 线缆伪装板 - 安山岩
appliedenergistics2:facade:0, 线缆伪装板 - 安山岩
appliedenergistics2:facade:0, 线缆伪装板 - 安山岩
appliedenergistics2:facade:0, 线缆伪装板 - 安山岩
appliedenergistics2:facade:0, 线缆伪装板 - 安山岩
appliedenergistics2:facade:0, 线缆伪装板 - 安山岩
appliedenergistics2:facade:0, 线缆伪装板 - 安山岩
appliedenergistics2:facade:0, 线缆伪装板 - 安山岩
appliedenergistics2:facade:0, 线缆伪装板 - 安山岩
appliedenergistics2:facade:0, 线缆伪装板 - 安山岩
appliedenergistics2:facade:0, 线缆伪装板 - 安山岩
appliedenergistics2:facade:0, 线缆伪装板 - 安山岩
appliedenergistics2:facade:0, 线缆伪装板 - 安山岩
appliedenergistics2:facade:0, 线缆伪装板 - 纯色方块
appliedenergistics2:facade:0, 线缆伪装板 - 纯色方块
appliedenergistics2:facade:0, 线缆伪装板 - 纯色方块
appliedenergistics2:facade:0, 线缆伪装板 - 纯色方块
appliedenergistics2:facade:0, 线缆伪装板 - 纯色方块
appliedenergistics2:facade:0, 线缆伪装板 - 纯色方块
appliedenergistics2:facade:0, 线缆伪装板 - 纯色方块
appliedenergistics2:facade:0, 线缆伪装板 - 纯色方块
appliedenergistics2:facade:0, 线缆伪装板 - 纯色方块
appliedenergistics2:facade:0, 线缆伪装板 - 纯色方块
appliedenergistics2:facade:0, 线缆伪装板 - 纯色方块
appliedenergistics2:facade:0, 线缆伪装板 - 纯色方块
appliedenergistics2:facade:0, 线缆伪装板 - 纯色方块
appliedenergistics2:facade:0, 线缆伪装板 - 纯色方块
appliedenergistics2:facade:0, 线缆伪装板 - 纯色方块
appliedenergistics2:facade:0, 线缆伪装板 - 纯色方块
appliedenergistics2:facade:0, 线缆伪装板 - 玄武岩
appliedenergistics2:facade:0, 线缆伪装板 - 玄武岩
appliedenergistics2:facade:0, 线缆伪装板 - 玄武岩
appliedenergistics2:facade:0, 线缆伪装板 - 玄武岩
appliedenergistics2:facade:0, 线缆伪装板 - 玄武岩
appliedenergistics2:facade:0, 线缆伪装板 - 玄武岩
appliedenergistics2:facade:0, 线缆伪装板 - 玄武岩
appliedenergistics2:facade:0, 线缆伪装板 - 玄武岩
appliedenergistics2:facade:0, 线缆伪装板 - 玄武岩
appliedenergistics2:facade:0, 线缆伪装板 - 玄武岩
appliedenergistics2:facade:0, 线缆伪装板 - 玄武岩
appliedenergistics2:facade:0, 线缆伪装板 - 玄武岩
appliedenergistics2:facade:0, 线缆伪装板 - 玄武岩
appliedenergistics2:facade:0, 线缆伪装板 - 玄武岩
appliedenergistics2:facade:0, 线缆伪装板 - 玄武岩
appliedenergistics2:facade:0, 线缆伪装板 - 玄武岩
appliedenergistics2:facade:0, 线缆伪装板 - 玄武岩
appliedenergistics2:facade:0, 线缆伪装板 - 玄武岩
appliedenergistics2:facade:0, 线缆伪装板 - 玄武岩
appliedenergistics2:facade:0, 线缆伪装板 - 玄武岩
appliedenergistics2:facade:0, 线缆伪装板 - 玄武岩
appliedenergistics2:facade:0, 线缆伪装板 - 玄武岩
appliedenergistics2:facade:0, 线缆伪装板 - 玄武岩
appliedenergistics2:facade:0, 线缆伪装板 - 玄武岩
appliedenergistics2:facade:0, 线缆伪装板 - 玄武岩
appliedenergistics2:facade:0, 线缆伪装板 - 玄武岩
appliedenergistics2:facade:0, 线缆伪装板 - 玄武岩
appliedenergistics2:facade:0, 线缆伪装板 - 玄武岩
appliedenergistics2:facade:0, 线缆伪装板 - 玄武岩
appliedenergistics2:facade:0, 线缆伪装板 - 玄武岩
appliedenergistics2:facade:0, 线缆伪装板 - 玄武岩
appliedenergistics2:facade:0, 线缆伪装板 - 玄武岩
appliedenergistics2:facade:0, 线缆伪装板 - 玄武岩
appliedenergistics2:facade:0, 线缆伪装板 - 玄武岩
appliedenergistics2:facade:0, 线缆伪装板 - 橡木书架
appliedenergistics2:facade:0, 线缆伪装板 - 橡木书架
appliedenergistics2:facade:0, 线缆伪装板 - 橡木书架
appliedenergistics2:facade:0, 线缆伪装板 - 橡木书架
appliedenergistics2:facade:0, 线缆伪装板 - 橡木书架
appliedenergistics2:facade:0, 线缆伪装板 - 橡木书架
appliedenergistics2:facade:0, 线缆伪装板 - 橡木书架
appliedenergistics2:facade:0, 线缆伪装板 - 橡木书架
appliedenergistics2:facade:0, 线缆伪装板 - 橡木书架
appliedenergistics2:facade:0, 线缆伪装板 - 橡木书架
appliedenergistics2:facade:0, 线缆伪装板 - 云杉木书架
appliedenergistics2:facade:0, 线缆伪装板 - 云杉木书架
appliedenergistics2:facade:0, 线缆伪装板 - 云杉木书架
appliedenergistics2:facade:0, 线缆伪装板 - 云杉木书架
appliedenergistics2:facade:0, 线缆伪装板 - 云杉木书架
appliedenergistics2:facade:0, 线缆伪装板 - 云杉木书架
appliedenergistics2:facade:0, 线缆伪装板 - 云杉木书架
appliedenergistics2:facade:0, 线缆伪装板 - 云杉木书架
appliedenergistics2:facade:0, 线缆伪装板 - 云杉木书架
appliedenergistics2:facade:0, 线缆伪装板 - 云杉木书架
appliedenergistics2:facade:0, 线缆伪装板 - 白桦木书架
appliedenergistics2:facade:0, 线缆伪装板 - 白桦木书架
appliedenergistics2:facade:0, 线缆伪装板 - 白桦木书架
appliedenergistics2:facade:0, 线缆伪装板 - 白桦木书架
appliedenergistics2:facade:0, 线缆伪装板 - 白桦木书架
appliedenergistics2:facade:0, 线缆伪装板 - 白桦木书架
appliedenergistics2:facade:0, 线缆伪装板 - 白桦木书架
appliedenergistics2:facade:0, 线缆伪装板 - 白桦木书架
appliedenergistics2:facade:0, 线缆伪装板 - 白桦木书架
appliedenergistics2:facade:0, 线缆伪装板 - 白桦木书架
appliedenergistics2:facade:0, 线缆伪装板 - 丛林木书架
appliedenergistics2:facade:0, 线缆伪装板 - 丛林木书架
appliedenergistics2:facade:0, 线缆伪装板 - 丛林木书架
appliedenergistics2:facade:0, 线缆伪装板 - 丛林木书架
appliedenergistics2:facade:0, 线缆伪装板 - 丛林木书架
appliedenergistics2:facade:0, 线缆伪装板 - 丛林木书架
appliedenergistics2:facade:0, 线缆伪装板 - 丛林木书架
appliedenergistics2:facade:0, 线缆伪装板 - 丛林木书架
appliedenergistics2:facade:0, 线缆伪装板 - 丛林木书架
appliedenergistics2:facade:0, 线缆伪装板 - 丛林木书架
appliedenergistics2:facade:0, 线缆伪装板 - 金合欢木书架
appliedenergistics2:facade:0, 线缆伪装板 - 金合欢木书架
appliedenergistics2:facade:0, 线缆伪装板 - 金合欢木书架
appliedenergistics2:facade:0, 线缆伪装板 - 金合欢木书架
appliedenergistics2:facade:0, 线缆伪装板 - 金合欢木书架
appliedenergistics2:facade:0, 线缆伪装板 - 金合欢木书架
appliedenergistics2:facade:0, 线缆伪装板 - 金合欢木书架
appliedenergistics2:facade:0, 线缆伪装板 - 金合欢木书架
appliedenergistics2:facade:0, 线缆伪装板 - 金合欢木书架
appliedenergistics2:facade:0, 线缆伪装板 - 金合欢木书架
appliedenergistics2:facade:0, 线缆伪装板 - 深色橡木书架
appliedenergistics2:facade:0, 线缆伪装板 - 深色橡木书架
appliedenergistics2:facade:0, 线缆伪装板 - 深色橡木书架
appliedenergistics2:facade:0, 线缆伪装板 - 深色橡木书架
appliedenergistics2:facade:0, 线缆伪装板 - 深色橡木书架
appliedenergistics2:facade:0, 线缆伪装板 - 深色橡木书架
appliedenergistics2:facade:0, 线缆伪装板 - 深色橡木书架
appliedenergistics2:facade:0, 线缆伪装板 - 深色橡木书架
appliedenergistics2:facade:0, 线缆伪装板 - 深色橡木书架
appliedenergistics2:facade:0, 线缆伪装板 - 深色橡木书架
appliedenergistics2:facade:0, 线缆伪装板 - 砖块
appliedenergistics2:facade:0, 线缆伪装板 - 砖块
appliedenergistics2:facade:0, 线缆伪装板 - 砖块
appliedenergistics2:facade:0, 线缆伪装板 - 砖块
appliedenergistics2:facade:0, 线缆伪装板 - 砖块
appliedenergistics2:facade:0, 线缆伪装板 - 砖块
appliedenergistics2:facade:0, 线缆伪装板 - 砖块
appliedenergistics2:facade:0, 线缆伪装板 - 砖块
appliedenergistics2:facade:0, 线缆伪装板 - 砖块
appliedenergistics2:facade:0, 线缆伪装板 - 砖块
appliedenergistics2:facade:0, 线缆伪装板 - 砖块
appliedenergistics2:facade:0, 线缆伪装板 - 砖块
appliedenergistics2:facade:0, 线缆伪装板 - 砖块
appliedenergistics2:facade:0, 线缆伪装板 - 砖块
appliedenergistics2:facade:0, 线缆伪装板 - 砖块
appliedenergistics2:facade:0, 线缆伪装板 - 砖块
appliedenergistics2:facade:0, 线缆伪装板 - 砖块
appliedenergistics2:facade:0, 线缆伪装板 - 砖块
appliedenergistics2:facade:0, 线缆伪装板 - 砖块
appliedenergistics2:facade:0, 线缆伪装板 - 砖块
appliedenergistics2:facade:0, 线缆伪装板 - 砖块
appliedenergistics2:facade:0, 线缆伪装板 - 砖块
appliedenergistics2:facade:0, 线缆伪装板 - 砖块
appliedenergistics2:facade:0, 线缆伪装板 - 砖块
appliedenergistics2:facade:0, 线缆伪装板 - 砖块
appliedenergistics2:facade:0, 线缆伪装板 - 砖块
appliedenergistics2:facade:0, 线缆伪装板 - 砖块
appliedenergistics2:facade:0, 线缆伪装板 - 砖块
appliedenergistics2:facade:0, 线缆伪装板 - 砖块
appliedenergistics2:facade:0, 线缆伪装板 - 砖块
appliedenergistics2:facade:0, 线缆伪装板 - 砖块
appliedenergistics2:facade:0, 线缆伪装板 - 砖块
appliedenergistics2:facade:0, 线缆伪装板 - 青铜块
appliedenergistics2:facade:0, 线缆伪装板 - 青铜块
appliedenergistics2:facade:0, 线缆伪装板 - 青铜块
appliedenergistics2:facade:0, 线缆伪装板 - 青铜块
appliedenergistics2:facade:0, 线缆伪装板 - 青铜块
appliedenergistics2:facade:0, 线缆伪装板 - 青铜块
appliedenergistics2:facade:0, 线缆伪装板 - 青铜块
appliedenergistics2:facade:0, 线缆伪装板 - 褐砂石
appliedenergistics2:facade:0, 线缆伪装板 - 褐砂石
appliedenergistics2:facade:0, 线缆伪装板 - 褐砂石
appliedenergistics2:facade:0, 线缆伪装板 - 褐砂石
appliedenergistics2:facade:0, 线缆伪装板 - 褐砂石
appliedenergistics2:facade:0, 线缆伪装板 - 褐砂石
appliedenergistics2:facade:0, 线缆伪装板 - 褐砂石
appliedenergistics2:facade:0, 线缆伪装板 - 褐砂石
appliedenergistics2:facade:0, 线缆伪装板 - 褐砂石
appliedenergistics2:facade:0, 线缆伪装板 - 褐砂石
appliedenergistics2:facade:0, 线缆伪装板 - Block of Certus Quartz
appliedenergistics2:facade:0, 线缆伪装板 - Block of Certus Quartz
appliedenergistics2:facade:0, 线缆伪装板 - Block of Certus Quartz
appliedenergistics2:facade:0, 线缆伪装板 - Block of Certus Quartz
appliedenergistics2:facade:0, 线缆伪装板 - Block of Certus Quartz
appliedenergistics2:facade:0, 线缆伪装板 - Block of Certus Quartz
appliedenergistics2:facade:0, 线缆伪装板 - Block of Certus Quartz
appliedenergistics2:facade:0, 线缆伪装板 - Block of Certus Quartz
appliedenergistics2:facade:0, 线缆伪装板 - Block of Certus Quartz
appliedenergistics2:facade:0, 线缆伪装板 - Block of Certus Quartz
appliedenergistics2:facade:0, 线缆伪装板 - Block of Certus Quartz
appliedenergistics2:facade:0, 线缆伪装板 - Block of Certus Quartz
appliedenergistics2:facade:0, 线缆伪装板 - Block of Certus Quartz
appliedenergistics2:facade:0, 线缆伪装板 - Block of Certus Quartz
appliedenergistics2:facade:0, 线缆伪装板 - Block of Certus Quartz
appliedenergistics2:facade:0, 线缆伪装板 - Block of Certus Quartz
appliedenergistics2:facade:0, 线缆伪装板 - Block of Certus Quartz
appliedenergistics2:facade:0, 线缆伪装板 - Block of Certus Quartz
appliedenergistics2:facade:0, 线缆伪装板 - Block of Certus Quartz
appliedenergistics2:facade:0, 线缆伪装板 - Block of Certus Quartz
appliedenergistics2:facade:0, 线缆伪装板 - Block of Certus Quartz
appliedenergistics2:facade:0, 线缆伪装板 - Block of Certus Quartz
appliedenergistics2:facade:0, 线缆伪装板 - Block of Certus Quartz
appliedenergistics2:facade:0, 线缆伪装板 - Block of Certus Quartz
appliedenergistics2:facade:0, 线缆伪装板 - Block of Certus Quartz
appliedenergistics2:facade:0, 线缆伪装板 - Block of Certus Quartz
appliedenergistics2:facade:0, 线缆伪装板 - Block of Certus Quartz
appliedenergistics2:facade:0, 线缆伪装板 - Block of Certus Quartz
appliedenergistics2:facade:0, 线缆伪装板 - Block of Certus Quartz
appliedenergistics2:facade:0, 线缆伪装板 - Block of Certus Quartz
appliedenergistics2:facade:0, 线缆伪装板 - Block of Certus Quartz
appliedenergistics2:facade:0, 线缆伪装板 - Block of Certus Quartz
appliedenergistics2:facade:0, 线缆伪装板 - Block of Certus Quartz
appliedenergistics2:facade:0, 线缆伪装板 - Block of Certus Quartz
appliedenergistics2:facade:0, 线缆伪装板 - 木炭块
appliedenergistics2:facade:0, 线缆伪装板 - 木炭块
appliedenergistics2:facade:0, 线缆伪装板 - 木炭块
appliedenergistics2:facade:0, 线缆伪装板 - 木炭块
appliedenergistics2:facade:0, 线缆伪装板 - 木炭块
appliedenergistics2:facade:0, 线缆伪装板 - 木炭块
appliedenergistics2:facade:0, 线缆伪装板 - 木炭块
appliedenergistics2:facade:0, 线缆伪装板 - 木炭块
appliedenergistics2:facade:0, 线缆伪装板 - 木炭块
appliedenergistics2:facade:0, 线缆伪装板 - 木炭块
appliedenergistics2:facade:0, 线缆伪装板 - 木炭块
appliedenergistics2:facade:0, 线缆伪装板 - 木炭块
appliedenergistics2:facade:0, 线缆伪装板 - 木炭块
appliedenergistics2:facade:0, 线缆伪装板 - 木炭块
appliedenergistics2:facade:0, 线缆伪装板 - 木炭块
appliedenergistics2:facade:0, 线缆伪装板 - 木炭块
appliedenergistics2:facade:0, 线缆伪装板 - 木炭块
appliedenergistics2:facade:0, 线缆伪装板 - 木炭块
appliedenergistics2:facade:0, 线缆伪装板 - 木炭块
appliedenergistics2:facade:0, 线缆伪装板 - 木炭块
appliedenergistics2:facade:0, 线缆伪装板 - 木炭块
appliedenergistics2:facade:0, 线缆伪装板 - 木炭块
appliedenergistics2:facade:0, 线缆伪装板 - 木炭块
appliedenergistics2:facade:0, 线缆伪装板 - 木炭块
appliedenergistics2:facade:0, 线缆伪装板 - 木炭块
appliedenergistics2:facade:0, 线缆伪装板 - 木炭块
appliedenergistics2:facade:0, 线缆伪装板 - 木炭块
appliedenergistics2:facade:0, 线缆伪装板 - 木炭块
appliedenergistics2:facade:0, 线缆伪装板 - 木炭块
appliedenergistics2:facade:0, 线缆伪装板 - 木炭块
appliedenergistics2:facade:0, 线缆伪装板 - 木炭块
appliedenergistics2:facade:0, 线缆伪装板 - 木炭块
appliedenergistics2:facade:0, 线缆伪装板 - 木炭块
appliedenergistics2:facade:0, 线缆伪装板 - 木炭块
appliedenergistics2:facade:0, 线缆伪装板 - 钴块
appliedenergistics2:facade:0, 线缆伪装板 - 钴块
appliedenergistics2:facade:0, 线缆伪装板 - 钴块
appliedenergistics2:facade:0, 线缆伪装板 - 钴块
appliedenergistics2:facade:0, 线缆伪装板 - 钴块
appliedenergistics2:facade:0, 线缆伪装板 - 钴块
appliedenergistics2:facade:0, 线缆伪装板 - 钴块
appliedenergistics2:facade:0, 线缆伪装板 - 圆石
appliedenergistics2:facade:0, 线缆伪装板 - 圆石
appliedenergistics2:facade:0, 线缆伪装板 - 圆石
appliedenergistics2:facade:0, 线缆伪装板 - 圆石
appliedenergistics2:facade:0, 线缆伪装板 - 圆石
appliedenergistics2:facade:0, 线缆伪装板 - 圆石
appliedenergistics2:facade:0, 线缆伪装板 - 圆石
appliedenergistics2:facade:0, 线缆伪装板 - 圆石
appliedenergistics2:facade:0, 线缆伪装板 - 圆石
appliedenergistics2:facade:0, 线缆伪装板 - 圆石
appliedenergistics2:facade:0, 线缆伪装板 - 圆石
appliedenergistics2:facade:0, 线缆伪装板 - 圆石
appliedenergistics2:facade:0, 线缆伪装板 - 圆石
appliedenergistics2:facade:0, 线缆伪装板 - 圆石
appliedenergistics2:facade:0, 线缆伪装板 - 圆石
appliedenergistics2:facade:0, 线缆伪装板 - 圆石
appliedenergistics2:facade:0, 线缆伪装板 - 圆石
appliedenergistics2:facade:0, 线缆伪装板 - 圆石
appliedenergistics2:facade:0, 线缆伪装板 - 圆石
appliedenergistics2:facade:0, 线缆伪装板 - 圆石
appliedenergistics2:facade:0, 线缆伪装板 - 圆石
appliedenergistics2:facade:0, 线缆伪装板 - 圆石
appliedenergistics2:facade:0, 线缆伪装板 - 圆石
appliedenergistics2:facade:0, 线缆伪装板 - 圆石
appliedenergistics2:facade:0, 线缆伪装板 - 圆石
appliedenergistics2:facade:0, 线缆伪装板 - 圆石
appliedenergistics2:facade:0, 线缆伪装板 - 圆石
appliedenergistics2:facade:0, 线缆伪装板 - 圆石
appliedenergistics2:facade:0, 线缆伪装板 - 圆石
appliedenergistics2:facade:0, 线缆伪装板 - 圆石
appliedenergistics2:facade:0, 线缆伪装板 - 圆石
appliedenergistics2:facade:0, 线缆伪装板 - 圆石
appliedenergistics2:facade:0, 线缆伪装板 - 圆石
appliedenergistics2:facade:0, 线缆伪装板 - 圆石
appliedenergistics2:facade:0, 线缆伪装板 - 圆石
appliedenergistics2:facade:0, 线缆伪装板 - 圆石
appliedenergistics2:facade:0, 线缆伪装板 - 煤炭块
appliedenergistics2:facade:0, 线缆伪装板 - 煤炭块
appliedenergistics2:facade:0, 线缆伪装板 - 煤炭块
appliedenergistics2:facade:0, 线缆伪装板 - 煤炭块
appliedenergistics2:facade:0, 线缆伪装板 - 煤炭块
appliedenergistics2:facade:0, 线缆伪装板 - 煤炭块
appliedenergistics2:facade:0, 线缆伪装板 - 煤炭块
appliedenergistics2:facade:0, 线缆伪装板 - 煤炭块
appliedenergistics2:facade:0, 线缆伪装板 - 煤炭块
appliedenergistics2:facade:0, 线缆伪装板 - 煤炭块
appliedenergistics2:facade:0, 线缆伪装板 - 煤炭块
appliedenergistics2:facade:0, 线缆伪装板 - 煤炭块
appliedenergistics2:facade:0, 线缆伪装板 - 煤炭块
appliedenergistics2:facade:0, 线缆伪装板 - 煤炭块
appliedenergistics2:facade:0, 线缆伪装板 - 煤炭块
appliedenergistics2:facade:0, 线缆伪装板 - 煤炭块
appliedenergistics2:facade:0, 线缆伪装板 - 煤炭块
appliedenergistics2:facade:0, 线缆伪装板 - 煤炭块
appliedenergistics2:facade:0, 线缆伪装板 - 煤炭块
appliedenergistics2:facade:0, 线缆伪装板 - 煤炭块
appliedenergistics2:facade:0, 线缆伪装板 - 煤炭块
appliedenergistics2:facade:0, 线缆伪装板 - 煤炭块
appliedenergistics2:facade:0, 线缆伪装板 - 煤炭块
appliedenergistics2:facade:0, 线缆伪装板 - 煤炭块
appliedenergistics2:facade:0, 线缆伪装板 - 煤炭块
appliedenergistics2:facade:0, 线缆伪装板 - 煤炭块
appliedenergistics2:facade:0, 线缆伪装板 - 煤炭块
appliedenergistics2:facade:0, 线缆伪装板 - 煤炭块
appliedenergistics2:facade:0, 线缆伪装板 - 煤炭块
appliedenergistics2:facade:0, 线缆伪装板 - 煤炭块
appliedenergistics2:facade:0, 线缆伪装板 - 煤炭块
appliedenergistics2:facade:0, 线缆伪装板 - 煤炭块
appliedenergistics2:facade:0, 线缆伪装板 - 煤炭块
appliedenergistics2:facade:0, 线缆伪装板 - 煤炭块
appliedenergistics2:facade:0, 线缆伪装板 - 焦煤块
appliedenergistics2:facade:0, 线缆伪装板 - 焦煤块
appliedenergistics2:facade:0, 线缆伪装板 - 焦煤块
appliedenergistics2:facade:0, 线缆伪装板 - 焦煤块
appliedenergistics2:facade:0, 线缆伪装板 - 焦煤块
appliedenergistics2:facade:0, 线缆伪装板 - 焦煤块
appliedenergistics2:facade:0, 线缆伪装板 - 焦煤块
appliedenergistics2:facade:0, 线缆伪装板 - 焦煤块
appliedenergistics2:facade:0, 线缆伪装板 - 焦煤块
appliedenergistics2:facade:0, 线缆伪装板 - 焦煤块
appliedenergistics2:facade:0, 线缆伪装板 - 焦煤块
appliedenergistics2:facade:0, 线缆伪装板 - 焦煤块
appliedenergistics2:facade:0, 线缆伪装板 - 焦煤块
appliedenergistics2:facade:0, 线缆伪装板 - 焦煤块
appliedenergistics2:facade:0, 线缆伪装板 - 焦煤块
appliedenergistics2:facade:0, 线缆伪装板 - 焦煤块
appliedenergistics2:facade:0, 线缆伪装板 - 焦煤块
appliedenergistics2:facade:0, 线缆伪装板 - 焦煤块
appliedenergistics2:facade:0, 线缆伪装板 - 焦煤块
appliedenergistics2:facade:0, 线缆伪装板 - 焦煤块
appliedenergistics2:facade:0, 线缆伪装板 - 焦煤块
appliedenergistics2:facade:0, 线缆伪装板 - 焦煤块
appliedenergistics2:facade:0, 线缆伪装板 - 焦煤块
appliedenergistics2:facade:0, 线缆伪装板 - 焦煤块
appliedenergistics2:facade:0, 线缆伪装板 - 焦煤块
appliedenergistics2:facade:0, 线缆伪装板 - 焦煤块
appliedenergistics2:facade:0, 线缆伪装板 - 焦煤块
appliedenergistics2:facade:0, 线缆伪装板 - 焦煤块
appliedenergistics2:facade:0, 线缆伪装板 - 焦煤块
appliedenergistics2:facade:0, 线缆伪装板 - 焦煤块
appliedenergistics2:facade:0, 线缆伪装板 - 焦煤块
appliedenergistics2:facade:0, 线缆伪装板 - 焦煤块
appliedenergistics2:facade:0, 线缆伪装板 - 焦煤块
appliedenergistics2:facade:0, 线缆伪装板 - 焦煤块
appliedenergistics2:facade:0, 线缆伪装板 - 苔石
appliedenergistics2:facade:0, 线缆伪装板 - 苔石
appliedenergistics2:facade:0, 线缆伪装板 - 苔石
appliedenergistics2:facade:0, 线缆伪装板 - 苔石
appliedenergistics2:facade:0, 线缆伪装板 - 苔石
appliedenergistics2:facade:0, 线缆伪装板 - 苔石
appliedenergistics2:facade:0, 线缆伪装板 - 苔石
appliedenergistics2:facade:0, 线缆伪装板 - 苔石
appliedenergistics2:facade:0, 线缆伪装板 - 苔石
appliedenergistics2:facade:0, 线缆伪装板 - 苔石
appliedenergistics2:facade:0, 线缆伪装板 - 苔石
appliedenergistics2:facade:0, 线缆伪装板 - 苔石
appliedenergistics2:facade:0, 线缆伪装板 - 苔石
appliedenergistics2:facade:0, 线缆伪装板 - 苔石
appliedenergistics2:facade:0, 线缆伪装板 - 苔石
appliedenergistics2:facade:0, 线缆伪装板 - 苔石
appliedenergistics2:facade:0, 线缆伪装板 - 苔石
appliedenergistics2:facade:0, 线缆伪装板 - 苔石
appliedenergistics2:facade:0, 线缆伪装板 - 苔石
appliedenergistics2:facade:0, 线缆伪装板 - 苔石
appliedenergistics2:facade:0, 线缆伪装板 - 苔石
appliedenergistics2:facade:0, 线缆伪装板 - 苔石
appliedenergistics2:facade:0, 线缆伪装板 - 苔石
appliedenergistics2:facade:0, 线缆伪装板 - 苔石
appliedenergistics2:facade:0, 线缆伪装板 - 苔石
appliedenergistics2:facade:0, 线缆伪装板 - 苔石
appliedenergistics2:facade:0, 线缆伪装板 - 苔石
appliedenergistics2:facade:0, 线缆伪装板 - 苔石
appliedenergistics2:facade:0, 线缆伪装板 - 苔石
appliedenergistics2:facade:0, 线缆伪装板 - 苔石
appliedenergistics2:facade:0, 线缆伪装板 - 苔石
appliedenergistics2:facade:0, 线缆伪装板 - 苔石
appliedenergistics2:facade:0, 线缆伪装板 - 苔石
appliedenergistics2:facade:0, 线缆伪装板 - 黑色混凝土
appliedenergistics2:facade:0, 线缆伪装板 - 黑色混凝土
appliedenergistics2:facade:0, 线缆伪装板 - 黑色混凝土
appliedenergistics2:facade:0, 线缆伪装板 - 黑色混凝土
appliedenergistics2:facade:0, 线缆伪装板 - 黑色混凝土
appliedenergistics2:facade:0, 线缆伪装板 - 黑色混凝土
appliedenergistics2:facade:0, 线缆伪装板 - 黑色混凝土
appliedenergistics2:facade:0, 线缆伪装板 - 黑色混凝土
appliedenergistics2:facade:0, 线缆伪装板 - 黑色混凝土
appliedenergistics2:facade:0, 线缆伪装板 - 黑色混凝土
appliedenergistics2:facade:0, 线缆伪装板 - 黑色混凝土
appliedenergistics2:facade:0, 线缆伪装板 - 黑色混凝土
appliedenergistics2:facade:0, 线缆伪装板 - 黑色混凝土
appliedenergistics2:facade:0, 线缆伪装板 - 黑色混凝土
appliedenergistics2:facade:0, 线缆伪装板 - 黑色混凝土
appliedenergistics2:facade:0, 线缆伪装板 - 黑色混凝土
appliedenergistics2:facade:0, 线缆伪装板 - 黑色混凝土
appliedenergistics2:facade:0, 线缆伪装板 - 黑色混凝土
appliedenergistics2:facade:0, 线缆伪装板 - 黑色混凝土
appliedenergistics2:facade:0, 线缆伪装板 - 黑色混凝土
appliedenergistics2:facade:0, 线缆伪装板 - 黑色混凝土
appliedenergistics2:facade:0, 线缆伪装板 - 黑色混凝土
appliedenergistics2:facade:0, 线缆伪装板 - 黑色混凝土
appliedenergistics2:facade:0, 线缆伪装板 - 黑色混凝土
appliedenergistics2:facade:0, 线缆伪装板 - 黑色混凝土
appliedenergistics2:facade:0, 线缆伪装板 - 黑色混凝土
appliedenergistics2:facade:0, 线缆伪装板 - 黑色混凝土
appliedenergistics2:facade:0, 线缆伪装板 - 黑色混凝土
appliedenergistics2:facade:0, 线缆伪装板 - 黑色混凝土
appliedenergistics2:facade:0, 线缆伪装板 - 黑色混凝土
appliedenergistics2:facade:0, 线缆伪装板 - 黑色混凝土
appliedenergistics2:facade:0, 线缆伪装板 - 黑色混凝土
appliedenergistics2:facade:0, 线缆伪装板 - 黑色混凝土
appliedenergistics2:facade:0, 线缆伪装板 - 红色混凝土
appliedenergistics2:facade:0, 线缆伪装板 - 红色混凝土
appliedenergistics2:facade:0, 线缆伪装板 - 红色混凝土
appliedenergistics2:facade:0, 线缆伪装板 - 红色混凝土
appliedenergistics2:facade:0, 线缆伪装板 - 红色混凝土
appliedenergistics2:facade:0, 线缆伪装板 - 红色混凝土
appliedenergistics2:facade:0, 线缆伪装板 - 红色混凝土
appliedenergistics2:facade:0, 线缆伪装板 - 红色混凝土
appliedenergistics2:facade:0, 线缆伪装板 - 红色混凝土
appliedenergistics2:facade:0, 线缆伪装板 - 红色混凝土
appliedenergistics2:facade:0, 线缆伪装板 - 红色混凝土
appliedenergistics2:facade:0, 线缆伪装板 - 红色混凝土
appliedenergistics2:facade:0, 线缆伪装板 - 红色混凝土
appliedenergistics2:facade:0, 线缆伪装板 - 红色混凝土
appliedenergistics2:facade:0, 线缆伪装板 - 红色混凝土
appliedenergistics2:facade:0, 线缆伪装板 - 红色混凝土
appliedenergistics2:facade:0, 线缆伪装板 - 红色混凝土
appliedenergistics2:facade:0, 线缆伪装板 - 红色混凝土
appliedenergistics2:facade:0, 线缆伪装板 - 红色混凝土
appliedenergistics2:facade:0, 线缆伪装板 - 红色混凝土
appliedenergistics2:facade:0, 线缆伪装板 - 红色混凝土
appliedenergistics2:facade:0, 线缆伪装板 - 红色混凝土
appliedenergistics2:facade:0, 线缆伪装板 - 红色混凝土
appliedenergistics2:facade:0, 线缆伪装板 - 红色混凝土
appliedenergistics2:facade:0, 线缆伪装板 - 红色混凝土
appliedenergistics2:facade:0, 线缆伪装板 - 红色混凝土
appliedenergistics2:facade:0, 线缆伪装板 - 红色混凝土
appliedenergistics2:facade:0, 线缆伪装板 - 红色混凝土
appliedenergistics2:facade:0, 线缆伪装板 - 红色混凝土
appliedenergistics2:facade:0, 线缆伪装板 - 红色混凝土
appliedenergistics2:facade:0, 线缆伪装板 - 红色混凝土
appliedenergistics2:facade:0, 线缆伪装板 - 红色混凝土
appliedenergistics2:facade:0, 线缆伪装板 - 红色混凝土
appliedenergistics2:facade:0, 线缆伪装板 - 绿色混凝土
appliedenergistics2:facade:0, 线缆伪装板 - 绿色混凝土
appliedenergistics2:facade:0, 线缆伪装板 - 绿色混凝土
appliedenergistics2:facade:0, 线缆伪装板 - 绿色混凝土
appliedenergistics2:facade:0, 线缆伪装板 - 绿色混凝土
appliedenergistics2:facade:0, 线缆伪装板 - 绿色混凝土
appliedenergistics2:facade:0, 线缆伪装板 - 绿色混凝土
appliedenergistics2:facade:0, 线缆伪装板 - 绿色混凝土
appliedenergistics2:facade:0, 线缆伪装板 - 绿色混凝土
appliedenergistics2:facade:0, 线缆伪装板 - 绿色混凝土
appliedenergistics2:facade:0, 线缆伪装板 - 绿色混凝土
appliedenergistics2:facade:0, 线缆伪装板 - 绿色混凝土
appliedenergistics2:facade:0, 线缆伪装板 - 绿色混凝土
appliedenergistics2:facade:0, 线缆伪装板 - 绿色混凝土
appliedenergistics2:facade:0, 线缆伪装板 - 绿色混凝土
appliedenergistics2:facade:0, 线缆伪装板 - 绿色混凝土
appliedenergistics2:facade:0, 线缆伪装板 - 绿色混凝土
appliedenergistics2:facade:0, 线缆伪装板 - 绿色混凝土
appliedenergistics2:facade:0, 线缆伪装板 - 绿色混凝土
appliedenergistics2:facade:0, 线缆伪装板 - 绿色混凝土
appliedenergistics2:facade:0, 线缆伪装板 - 绿色混凝土
appliedenergistics2:facade:0, 线缆伪装板 - 绿色混凝土
appliedenergistics2:facade:0, 线缆伪装板 - 绿色混凝土
appliedenergistics2:facade:0, 线缆伪装板 - 绿色混凝土
appliedenergistics2:facade:0, 线缆伪装板 - 绿色混凝土
appliedenergistics2:facade:0, 线缆伪装板 - 绿色混凝土
appliedenergistics2:facade:0, 线缆伪装板 - 绿色混凝土
appliedenergistics2:facade:0, 线缆伪装板 - 绿色混凝土
appliedenergistics2:facade:0, 线缆伪装板 - 绿色混凝土
appliedenergistics2:facade:0, 线缆伪装板 - 绿色混凝土
appliedenergistics2:facade:0, 线缆伪装板 - 绿色混凝土
appliedenergistics2:facade:0, 线缆伪装板 - 绿色混凝土
appliedenergistics2:facade:0, 线缆伪装板 - 绿色混凝土
appliedenergistics2:facade:0, 线缆伪装板 - 棕色混凝土
appliedenergistics2:facade:0, 线缆伪装板 - 棕色混凝土
appliedenergistics2:facade:0, 线缆伪装板 - 棕色混凝土
appliedenergistics2:facade:0, 线缆伪装板 - 棕色混凝土
appliedenergistics2:facade:0, 线缆伪装板 - 棕色混凝土
appliedenergistics2:facade:0, 线缆伪装板 - 棕色混凝土
appliedenergistics2:facade:0, 线缆伪装板 - 棕色混凝土
appliedenergistics2:facade:0, 线缆伪装板 - 棕色混凝土
appliedenergistics2:facade:0, 线缆伪装板 - 棕色混凝土
appliedenergistics2:facade:0, 线缆伪装板 - 棕色混凝土
appliedenergistics2:facade:0, 线缆伪装板 - 棕色混凝土
appliedenergistics2:facade:0, 线缆伪装板 - 棕色混凝土
appliedenergistics2:facade:0, 线缆伪装板 - 棕色混凝土
appliedenergistics2:facade:0, 线缆伪装板 - 棕色混凝土
appliedenergistics2:facade:0, 线缆伪装板 - 棕色混凝土
appliedenergistics2:facade:0, 线缆伪装板 - 棕色混凝土
appliedenergistics2:facade:0, 线缆伪装板 - 棕色混凝土
appliedenergistics2:facade:0, 线缆伪装板 - 棕色混凝土
appliedenergistics2:facade:0, 线缆伪装板 - 棕色混凝土
appliedenergistics2:facade:0, 线缆伪装板 - 棕色混凝土
appliedenergistics2:facade:0, 线缆伪装板 - 棕色混凝土
appliedenergistics2:facade:0, 线缆伪装板 - 棕色混凝土
appliedenergistics2:facade:0, 线缆伪装板 - 棕色混凝土
appliedenergistics2:facade:0, 线缆伪装板 - 棕色混凝土
appliedenergistics2:facade:0, 线缆伪装板 - 棕色混凝土
appliedenergistics2:facade:0, 线缆伪装板 - 棕色混凝土
appliedenergistics2:facade:0, 线缆伪装板 - 棕色混凝土
appliedenergistics2:facade:0, 线缆伪装板 - 棕色混凝土
appliedenergistics2:facade:0, 线缆伪装板 - 棕色混凝土
appliedenergistics2:facade:0, 线缆伪装板 - 棕色混凝土
appliedenergistics2:facade:0, 线缆伪装板 - 棕色混凝土
appliedenergistics2:facade:0, 线缆伪装板 - 棕色混凝土
appliedenergistics2:facade:0, 线缆伪装板 - 棕色混凝土
appliedenergistics2:facade:0, 线缆伪装板 - 蓝色混凝土
appliedenergistics2:facade:0, 线缆伪装板 - 蓝色混凝土
appliedenergistics2:facade:0, 线缆伪装板 - 蓝色混凝土
appliedenergistics2:facade:0, 线缆伪装板 - 蓝色混凝土
appliedenergistics2:facade:0, 线缆伪装板 - 蓝色混凝土
appliedenergistics2:facade:0, 线缆伪装板 - 蓝色混凝土
appliedenergistics2:facade:0, 线缆伪装板 - 蓝色混凝土
appliedenergistics2:facade:0, 线缆伪装板 - 蓝色混凝土
appliedenergistics2:facade:0, 线缆伪装板 - 蓝色混凝土
appliedenergistics2:facade:0, 线缆伪装板 - 蓝色混凝土
appliedenergistics2:facade:0, 线缆伪装板 - 蓝色混凝土
appliedenergistics2:facade:0, 线缆伪装板 - 蓝色混凝土
appliedenergistics2:facade:0, 线缆伪装板 - 蓝色混凝土
appliedenergistics2:facade:0, 线缆伪装板 - 蓝色混凝土
appliedenergistics2:facade:0, 线缆伪装板 - 蓝色混凝土
appliedenergistics2:facade:0, 线缆伪装板 - 蓝色混凝土
appliedenergistics2:facade:0, 线缆伪装板 - 蓝色混凝土
appliedenergistics2:facade:0, 线缆伪装板 - 蓝色混凝土
appliedenergistics2:facade:0, 线缆伪装板 - 蓝色混凝土
appliedenergistics2:facade:0, 线缆伪装板 - 蓝色混凝土
appliedenergistics2:facade:0, 线缆伪装板 - 蓝色混凝土
appliedenergistics2:facade:0, 线缆伪装板 - 蓝色混凝土
appliedenergistics2:facade:0, 线缆伪装板 - 蓝色混凝土
appliedenergistics2:facade:0, 线缆伪装板 - 蓝色混凝土
appliedenergistics2:facade:0, 线缆伪装板 - 蓝色混凝土
appliedenergistics2:facade:0, 线缆伪装板 - 蓝色混凝土
appliedenergistics2:facade:0, 线缆伪装板 - 蓝色混凝土
appliedenergistics2:facade:0, 线缆伪装板 - 蓝色混凝土
appliedenergistics2:facade:0, 线缆伪装板 - 蓝色混凝土
appliedenergistics2:facade:0, 线缆伪装板 - 蓝色混凝土
appliedenergistics2:facade:0, 线缆伪装板 - 蓝色混凝土
appliedenergistics2:facade:0, 线缆伪装板 - 蓝色混凝土
appliedenergistics2:facade:0, 线缆伪装板 - 蓝色混凝土
appliedenergistics2:facade:0, 线缆伪装板 - 紫色混凝土
appliedenergistics2:facade:0, 线缆伪装板 - 紫色混凝土
appliedenergistics2:facade:0, 线缆伪装板 - 紫色混凝土
appliedenergistics2:facade:0, 线缆伪装板 - 紫色混凝土
appliedenergistics2:facade:0, 线缆伪装板 - 紫色混凝土
appliedenergistics2:facade:0, 线缆伪装板 - 紫色混凝土
appliedenergistics2:facade:0, 线缆伪装板 - 紫色混凝土
appliedenergistics2:facade:0, 线缆伪装板 - 紫色混凝土
appliedenergistics2:facade:0, 线缆伪装板 - 紫色混凝土
appliedenergistics2:facade:0, 线缆伪装板 - 紫色混凝土
appliedenergistics2:facade:0, 线缆伪装板 - 紫色混凝土
appliedenergistics2:facade:0, 线缆伪装板 - 紫色混凝土
appliedenergistics2:facade:0, 线缆伪装板 - 紫色混凝土
appliedenergistics2:facade:0, 线缆伪装板 - 紫色混凝土
appliedenergistics2:facade:0, 线缆伪装板 - 紫色混凝土
appliedenergistics2:facade:0, 线缆伪装板 - 紫色混凝土
appliedenergistics2:facade:0, 线缆伪装板 - 紫色混凝土
appliedenergistics2:facade:0, 线缆伪装板 - 紫色混凝土
appliedenergistics2:facade:0, 线缆伪装板 - 紫色混凝土
appliedenergistics2:facade:0, 线缆伪装板 - 紫色混凝土
appliedenergistics2:facade:0, 线缆伪装板 - 紫色混凝土
appliedenergistics2:facade:0, 线缆伪装板 - 紫色混凝土
appliedenergistics2:facade:0, 线缆伪装板 - 紫色混凝土
appliedenergistics2:facade:0, 线缆伪装板 - 紫色混凝土
appliedenergistics2:facade:0, 线缆伪装板 - 紫色混凝土
appliedenergistics2:facade:0, 线缆伪装板 - 紫色混凝土
appliedenergistics2:facade:0, 线缆伪装板 - 紫色混凝土
appliedenergistics2:facade:0, 线缆伪装板 - 紫色混凝土
appliedenergistics2:facade:0, 线缆伪装板 - 紫色混凝土
appliedenergistics2:facade:0, 线缆伪装板 - 紫色混凝土
appliedenergistics2:facade:0, 线缆伪装板 - 紫色混凝土
appliedenergistics2:facade:0, 线缆伪装板 - 紫色混凝土
appliedenergistics2:facade:0, 线缆伪装板 - 紫色混凝土
appliedenergistics2:facade:0, 线缆伪装板 - 青色混凝土
appliedenergistics2:facade:0, 线缆伪装板 - 青色混凝土
appliedenergistics2:facade:0, 线缆伪装板 - 青色混凝土
appliedenergistics2:facade:0, 线缆伪装板 - 青色混凝土
appliedenergistics2:facade:0, 线缆伪装板 - 青色混凝土
appliedenergistics2:facade:0, 线缆伪装板 - 青色混凝土
appliedenergistics2:facade:0, 线缆伪装板 - 青色混凝土
appliedenergistics2:facade:0, 线缆伪装板 - 青色混凝土
appliedenergistics2:facade:0, 线缆伪装板 - 青色混凝土
appliedenergistics2:facade:0, 线缆伪装板 - 青色混凝土
appliedenergistics2:facade:0, 线缆伪装板 - 青色混凝土
appliedenergistics2:facade:0, 线缆伪装板 - 青色混凝土
appliedenergistics2:facade:0, 线缆伪装板 - 青色混凝土
appliedenergistics2:facade:0, 线缆伪装板 - 青色混凝土
appliedenergistics2:facade:0, 线缆伪装板 - 青色混凝土
appliedenergistics2:facade:0, 线缆伪装板 - 青色混凝土
appliedenergistics2:facade:0, 线缆伪装板 - 青色混凝土
appliedenergistics2:facade:0, 线缆伪装板 - 青色混凝土
appliedenergistics2:facade:0, 线缆伪装板 - 青色混凝土
appliedenergistics2:facade:0, 线缆伪装板 - 青色混凝土
appliedenergistics2:facade:0, 线缆伪装板 - 青色混凝土
appliedenergistics2:facade:0, 线缆伪装板 - 青色混凝土
appliedenergistics2:facade:0, 线缆伪装板 - 青色混凝土
appliedenergistics2:facade:0, 线缆伪装板 - 青色混凝土
appliedenergistics2:facade:0, 线缆伪装板 - 青色混凝土
appliedenergistics2:facade:0, 线缆伪装板 - 青色混凝土
appliedenergistics2:facade:0, 线缆伪装板 - 青色混凝土
appliedenergistics2:facade:0, 线缆伪装板 - 青色混凝土
appliedenergistics2:facade:0, 线缆伪装板 - 青色混凝土
appliedenergistics2:facade:0, 线缆伪装板 - 青色混凝土
appliedenergistics2:facade:0, 线缆伪装板 - 青色混凝土
appliedenergistics2:facade:0, 线缆伪装板 - 青色混凝土
appliedenergistics2:facade:0, 线缆伪装板 - 青色混凝土
appliedenergistics2:facade:0, 线缆伪装板 - 淡灰色混凝土
appliedenergistics2:facade:0, 线缆伪装板 - 淡灰色混凝土
appliedenergistics2:facade:0, 线缆伪装板 - 淡灰色混凝土
appliedenergistics2:facade:0, 线缆伪装板 - 淡灰色混凝土
appliedenergistics2:facade:0, 线缆伪装板 - 淡灰色混凝土
appliedenergistics2:facade:0, 线缆伪装板 - 淡灰色混凝土
appliedenergistics2:facade:0, 线缆伪装板 - 淡灰色混凝土
appliedenergistics2:facade:0, 线缆伪装板 - 淡灰色混凝土
appliedenergistics2:facade:0, 线缆伪装板 - 淡灰色混凝土
appliedenergistics2:facade:0, 线缆伪装板 - 淡灰色混凝土
appliedenergistics2:facade:0, 线缆伪装板 - 淡灰色混凝土
appliedenergistics2:facade:0, 线缆伪装板 - 淡灰色混凝土
appliedenergistics2:facade:0, 线缆伪装板 - 淡灰色混凝土
appliedenergistics2:facade:0, 线缆伪装板 - 淡灰色混凝土
appliedenergistics2:facade:0, 线缆伪装板 - 淡灰色混凝土
appliedenergistics2:facade:0, 线缆伪装板 - 淡灰色混凝土
appliedenergistics2:facade:0, 线缆伪装板 - 淡灰色混凝土
appliedenergistics2:facade:0, 线缆伪装板 - 淡灰色混凝土
appliedenergistics2:facade:0, 线缆伪装板 - 淡灰色混凝土
appliedenergistics2:facade:0, 线缆伪装板 - 淡灰色混凝土
appliedenergistics2:facade:0, 线缆伪装板 - 淡灰色混凝土
appliedenergistics2:facade:0, 线缆伪装板 - 淡灰色混凝土
appliedenergistics2:facade:0, 线缆伪装板 - 淡灰色混凝土
appliedenergistics2:facade:0, 线缆伪装板 - 淡灰色混凝土
appliedenergistics2:facade:0, 线缆伪装板 - 淡灰色混凝土
appliedenergistics2:facade:0, 线缆伪装板 - 淡灰色混凝土
appliedenergistics2:facade:0, 线缆伪装板 - 淡灰色混凝土
appliedenergistics2:facade:0, 线缆伪装板 - 淡灰色混凝土
appliedenergistics2:facade:0, 线缆伪装板 - 淡灰色混凝土
appliedenergistics2:facade:0, 线缆伪装板 - 淡灰色混凝土
appliedenergistics2:facade:0, 线缆伪装板 - 淡灰色混凝土
appliedenergistics2:facade:0, 线缆伪装板 - 淡灰色混凝土
appliedenergistics2:facade:0, 线缆伪装板 - 淡灰色混凝土
appliedenergistics2:facade:0, 线缆伪装板 - 灰色混凝土
appliedenergistics2:facade:0, 线缆伪装板 - 灰色混凝土
appliedenergistics2:facade:0, 线缆伪装板 - 灰色混凝土
appliedenergistics2:facade:0, 线缆伪装板 - 灰色混凝土
appliedenergistics2:facade:0, 线缆伪装板 - 灰色混凝土
appliedenergistics2:facade:0, 线缆伪装板 - 灰色混凝土
appliedenergistics2:facade:0, 线缆伪装板 - 灰色混凝土
appliedenergistics2:facade:0, 线缆伪装板 - 灰色混凝土
appliedenergistics2:facade:0, 线缆伪装板 - 灰色混凝土
appliedenergistics2:facade:0, 线缆伪装板 - 灰色混凝土
appliedenergistics2:facade:0, 线缆伪装板 - 灰色混凝土
appliedenergistics2:facade:0, 线缆伪装板 - 灰色混凝土
appliedenergistics2:facade:0, 线缆伪装板 - 灰色混凝土
appliedenergistics2:facade:0, 线缆伪装板 - 灰色混凝土
appliedenergistics2:facade:0, 线缆伪装板 - 灰色混凝土
appliedenergistics2:facade:0, 线缆伪装板 - 灰色混凝土
appliedenergistics2:facade:0, 线缆伪装板 - 灰色混凝土
appliedenergistics2:facade:0, 线缆伪装板 - 灰色混凝土
appliedenergistics2:facade:0, 线缆伪装板 - 灰色混凝土
appliedenergistics2:facade:0, 线缆伪装板 - 灰色混凝土
appliedenergistics2:facade:0, 线缆伪装板 - 灰色混凝土
appliedenergistics2:facade:0, 线缆伪装板 - 灰色混凝土
appliedenergistics2:facade:0, 线缆伪装板 - 灰色混凝土
appliedenergistics2:facade:0, 线缆伪装板 - 灰色混凝土
appliedenergistics2:facade:0, 线缆伪装板 - 灰色混凝土
appliedenergistics2:facade:0, 线缆伪装板 - 灰色混凝土
appliedenergistics2:facade:0, 线缆伪装板 - 灰色混凝土
appliedenergistics2:facade:0, 线缆伪装板 - 灰色混凝土
appliedenergistics2:facade:0, 线缆伪装板 - 灰色混凝土
appliedenergistics2:facade:0, 线缆伪装板 - 灰色混凝土
appliedenergistics2:facade:0, 线缆伪装板 - 灰色混凝土
appliedenergistics2:facade:0, 线缆伪装板 - 灰色混凝土
appliedenergistics2:facade:0, 线缆伪装板 - 灰色混凝土
appliedenergistics2:facade:0, 线缆伪装板 - 粉红色混凝土
appliedenergistics2:facade:0, 线缆伪装板 - 粉红色混凝土
appliedenergistics2:facade:0, 线缆伪装板 - 粉红色混凝土
appliedenergistics2:facade:0, 线缆伪装板 - 粉红色混凝土
appliedenergistics2:facade:0, 线缆伪装板 - 粉红色混凝土
appliedenergistics2:facade:0, 线缆伪装板 - 粉红色混凝土
appliedenergistics2:facade:0, 线缆伪装板 - 粉红色混凝土
appliedenergistics2:facade:0, 线缆伪装板 - 粉红色混凝土
appliedenergistics2:facade:0, 线缆伪装板 - 粉红色混凝土
appliedenergistics2:facade:0, 线缆伪装板 - 粉红色混凝土
appliedenergistics2:facade:0, 线缆伪装板 - 粉红色混凝土
appliedenergistics2:facade:0, 线缆伪装板 - 粉红色混凝土
appliedenergistics2:facade:0, 线缆伪装板 - 粉红色混凝土
appliedenergistics2:facade:0, 线缆伪装板 - 粉红色混凝土
appliedenergistics2:facade:0, 线缆伪装板 - 粉红色混凝土
appliedenergistics2:facade:0, 线缆伪装板 - 粉红色混凝土
appliedenergistics2:facade:0, 线缆伪装板 - 粉红色混凝土
appliedenergistics2:facade:0, 线缆伪装板 - 粉红色混凝土
appliedenergistics2:facade:0, 线缆伪装板 - 粉红色混凝土
appliedenergistics2:facade:0, 线缆伪装板 - 粉红色混凝土
appliedenergistics2:facade:0, 线缆伪装板 - 粉红色混凝土
appliedenergistics2:facade:0, 线缆伪装板 - 粉红色混凝土
appliedenergistics2:facade:0, 线缆伪装板 - 粉红色混凝土
appliedenergistics2:facade:0, 线缆伪装板 - 粉红色混凝土
appliedenergistics2:facade:0, 线缆伪装板 - 粉红色混凝土
appliedenergistics2:facade:0, 线缆伪装板 - 粉红色混凝土
appliedenergistics2:facade:0, 线缆伪装板 - 粉红色混凝土
appliedenergistics2:facade:0, 线缆伪装板 - 粉红色混凝土
appliedenergistics2:facade:0, 线缆伪装板 - 粉红色混凝土
appliedenergistics2:facade:0, 线缆伪装板 - 粉红色混凝土
appliedenergistics2:facade:0, 线缆伪装板 - 粉红色混凝土
appliedenergistics2:facade:0, 线缆伪装板 - 粉红色混凝土
appliedenergistics2:facade:0, 线缆伪装板 - 粉红色混凝土
appliedenergistics2:facade:0, 线缆伪装板 - 黄绿色混凝土
appliedenergistics2:facade:0, 线缆伪装板 - 黄绿色混凝土
appliedenergistics2:facade:0, 线缆伪装板 - 黄绿色混凝土
appliedenergistics2:facade:0, 线缆伪装板 - 黄绿色混凝土
appliedenergistics2:facade:0, 线缆伪装板 - 黄绿色混凝土
appliedenergistics2:facade:0, 线缆伪装板 - 黄绿色混凝土
appliedenergistics2:facade:0, 线缆伪装板 - 黄绿色混凝土
appliedenergistics2:facade:0, 线缆伪装板 - 黄绿色混凝土
appliedenergistics2:facade:0, 线缆伪装板 - 黄绿色混凝土
appliedenergistics2:facade:0, 线缆伪装板 - 黄绿色混凝土
appliedenergistics2:facade:0, 线缆伪装板 - 黄绿色混凝土
appliedenergistics2:facade:0, 线缆伪装板 - 黄绿色混凝土
appliedenergistics2:facade:0, 线缆伪装板 - 黄绿色混凝土
appliedenergistics2:facade:0, 线缆伪装板 - 黄绿色混凝土
appliedenergistics2:facade:0, 线缆伪装板 - 黄绿色混凝土
appliedenergistics2:facade:0, 线缆伪装板 - 黄绿色混凝土
appliedenergistics2:facade:0, 线缆伪装板 - 黄绿色混凝土
appliedenergistics2:facade:0, 线缆伪装板 - 黄绿色混凝土
appliedenergistics2:facade:0, 线缆伪装板 - 黄绿色混凝土
appliedenergistics2:facade:0, 线缆伪装板 - 黄绿色混凝土
appliedenergistics2:facade:0, 线缆伪装板 - 黄绿色混凝土
appliedenergistics2:facade:0, 线缆伪装板 - 黄绿色混凝土
appliedenergistics2:facade:0, 线缆伪装板 - 黄绿色混凝土
appliedenergistics2:facade:0, 线缆伪装板 - 黄绿色混凝土
appliedenergistics2:facade:0, 线缆伪装板 - 黄绿色混凝土
appliedenergistics2:facade:0, 线缆伪装板 - 黄绿色混凝土
appliedenergistics2:facade:0, 线缆伪装板 - 黄绿色混凝土
appliedenergistics2:facade:0, 线缆伪装板 - 黄绿色混凝土
appliedenergistics2:facade:0, 线缆伪装板 - 黄绿色混凝土
appliedenergistics2:facade:0, 线缆伪装板 - 黄绿色混凝土
appliedenergistics2:facade:0, 线缆伪装板 - 黄绿色混凝土
appliedenergistics2:facade:0, 线缆伪装板 - 黄绿色混凝土
appliedenergistics2:facade:0, 线缆伪装板 - 黄绿色混凝土
appliedenergistics2:facade:0, 线缆伪装板 - 黄色混凝土
appliedenergistics2:facade:0, 线缆伪装板 - 黄色混凝土
appliedenergistics2:facade:0, 线缆伪装板 - 黄色混凝土
appliedenergistics2:facade:0, 线缆伪装板 - 黄色混凝土
appliedenergistics2:facade:0, 线缆伪装板 - 黄色混凝土
appliedenergistics2:facade:0, 线缆伪装板 - 黄色混凝土
appliedenergistics2:facade:0, 线缆伪装板 - 黄色混凝土
appliedenergistics2:facade:0, 线缆伪装板 - 黄色混凝土
appliedenergistics2:facade:0, 线缆伪装板 - 黄色混凝土
appliedenergistics2:facade:0, 线缆伪装板 - 黄色混凝土
appliedenergistics2:facade:0, 线缆伪装板 - 黄色混凝土
appliedenergistics2:facade:0, 线缆伪装板 - 黄色混凝土
appliedenergistics2:facade:0, 线缆伪装板 - 黄色混凝土
appliedenergistics2:facade:0, 线缆伪装板 - 黄色混凝土
appliedenergistics2:facade:0, 线缆伪装板 - 黄色混凝土
appliedenergistics2:facade:0, 线缆伪装板 - 黄色混凝土
appliedenergistics2:facade:0, 线缆伪装板 - 黄色混凝土
appliedenergistics2:facade:0, 线缆伪装板 - 黄色混凝土
appliedenergistics2:facade:0, 线缆伪装板 - 黄色混凝土
appliedenergistics2:facade:0, 线缆伪装板 - 黄色混凝土
appliedenergistics2:facade:0, 线缆伪装板 - 黄色混凝土
appliedenergistics2:facade:0, 线缆伪装板 - 黄色混凝土
appliedenergistics2:facade:0, 线缆伪装板 - 黄色混凝土
appliedenergistics2:facade:0, 线缆伪装板 - 黄色混凝土
appliedenergistics2:facade:0, 线缆伪装板 - 黄色混凝土
appliedenergistics2:facade:0, 线缆伪装板 - 黄色混凝土
appliedenergistics2:facade:0, 线缆伪装板 - 黄色混凝土
appliedenergistics2:facade:0, 线缆伪装板 - 黄色混凝土
appliedenergistics2:facade:0, 线缆伪装板 - 黄色混凝土
appliedenergistics2:facade:0, 线缆伪装板 - 黄色混凝土
appliedenergistics2:facade:0, 线缆伪装板 - 黄色混凝土
appliedenergistics2:facade:0, 线缆伪装板 - 黄色混凝土
appliedenergistics2:facade:0, 线缆伪装板 - 黄色混凝土
appliedenergistics2:facade:0, 线缆伪装板 - 淡蓝色混凝土
appliedenergistics2:facade:0, 线缆伪装板 - 淡蓝色混凝土
appliedenergistics2:facade:0, 线缆伪装板 - 淡蓝色混凝土
appliedenergistics2:facade:0, 线缆伪装板 - 淡蓝色混凝土
appliedenergistics2:facade:0, 线缆伪装板 - 淡蓝色混凝土
appliedenergistics2:facade:0, 线缆伪装板 - 淡蓝色混凝土
appliedenergistics2:facade:0, 线缆伪装板 - 淡蓝色混凝土
appliedenergistics2:facade:0, 线缆伪装板 - 淡蓝色混凝土
appliedenergistics2:facade:0, 线缆伪装板 - 淡蓝色混凝土
appliedenergistics2:facade:0, 线缆伪装板 - 淡蓝色混凝土
appliedenergistics2:facade:0, 线缆伪装板 - 淡蓝色混凝土
appliedenergistics2:facade:0, 线缆伪装板 - 淡蓝色混凝土
appliedenergistics2:facade:0, 线缆伪装板 - 淡蓝色混凝土
appliedenergistics2:facade:0, 线缆伪装板 - 淡蓝色混凝土
appliedenergistics2:facade:0, 线缆伪装板 - 淡蓝色混凝土
appliedenergistics2:facade:0, 线缆伪装板 - 淡蓝色混凝土
appliedenergistics2:facade:0, 线缆伪装板 - 淡蓝色混凝土
appliedenergistics2:facade:0, 线缆伪装板 - 淡蓝色混凝土
appliedenergistics2:facade:0, 线缆伪装板 - 淡蓝色混凝土
appliedenergistics2:facade:0, 线缆伪装板 - 淡蓝色混凝土
appliedenergistics2:facade:0, 线缆伪装板 - 淡蓝色混凝土
appliedenergistics2:facade:0, 线缆伪装板 - 淡蓝色混凝土
appliedenergistics2:facade:0, 线缆伪装板 - 淡蓝色混凝土
appliedenergistics2:facade:0, 线缆伪装板 - 淡蓝色混凝土
appliedenergistics2:facade:0, 线缆伪装板 - 淡蓝色混凝土
appliedenergistics2:facade:0, 线缆伪装板 - 淡蓝色混凝土
appliedenergistics2:facade:0, 线缆伪装板 - 淡蓝色混凝土
appliedenergistics2:facade:0, 线缆伪装板 - 淡蓝色混凝土
appliedenergistics2:facade:0, 线缆伪装板 - 淡蓝色混凝土
appliedenergistics2:facade:0, 线缆伪装板 - 淡蓝色混凝土
appliedenergistics2:facade:0, 线缆伪装板 - 淡蓝色混凝土
appliedenergistics2:facade:0, 线缆伪装板 - 淡蓝色混凝土
appliedenergistics2:facade:0, 线缆伪装板 - 淡蓝色混凝土
appliedenergistics2:facade:0, 线缆伪装板 - 品红色混凝土
appliedenergistics2:facade:0, 线缆伪装板 - 品红色混凝土
appliedenergistics2:facade:0, 线缆伪装板 - 品红色混凝土
appliedenergistics2:facade:0, 线缆伪装板 - 品红色混凝土
appliedenergistics2:facade:0, 线缆伪装板 - 品红色混凝土
appliedenergistics2:facade:0, 线缆伪装板 - 品红色混凝土
appliedenergistics2:facade:0, 线缆伪装板 - 品红色混凝土
appliedenergistics2:facade:0, 线缆伪装板 - 品红色混凝土
appliedenergistics2:facade:0, 线缆伪装板 - 品红色混凝土
appliedenergistics2:facade:0, 线缆伪装板 - 品红色混凝土
appliedenergistics2:facade:0, 线缆伪装板 - 品红色混凝土
appliedenergistics2:facade:0, 线缆伪装板 - 品红色混凝土
appliedenergistics2:facade:0, 线缆伪装板 - 品红色混凝土
appliedenergistics2:facade:0, 线缆伪装板 - 品红色混凝土
appliedenergistics2:facade:0, 线缆伪装板 - 品红色混凝土
appliedenergistics2:facade:0, 线缆伪装板 - 品红色混凝土
appliedenergistics2:facade:0, 线缆伪装板 - 品红色混凝土
appliedenergistics2:facade:0, 线缆伪装板 - 品红色混凝土
appliedenergistics2:facade:0, 线缆伪装板 - 品红色混凝土
appliedenergistics2:facade:0, 线缆伪装板 - 品红色混凝土
appliedenergistics2:facade:0, 线缆伪装板 - 品红色混凝土
appliedenergistics2:facade:0, 线缆伪装板 - 品红色混凝土
appliedenergistics2:facade:0, 线缆伪装板 - 品红色混凝土
appliedenergistics2:facade:0, 线缆伪装板 - 品红色混凝土
appliedenergistics2:facade:0, 线缆伪装板 - 品红色混凝土
appliedenergistics2:facade:0, 线缆伪装板 - 品红色混凝土
appliedenergistics2:facade:0, 线缆伪装板 - 品红色混凝土
appliedenergistics2:facade:0, 线缆伪装板 - 品红色混凝土
appliedenergistics2:facade:0, 线缆伪装板 - 品红色混凝土
appliedenergistics2:facade:0, 线缆伪装板 - 品红色混凝土
appliedenergistics2:facade:0, 线缆伪装板 - 品红色混凝土
appliedenergistics2:facade:0, 线缆伪装板 - 品红色混凝土
appliedenergistics2:facade:0, 线缆伪装板 - 品红色混凝土
appliedenergistics2:facade:0, 线缆伪装板 - 橙色混凝土
appliedenergistics2:facade:0, 线缆伪装板 - 橙色混凝土
appliedenergistics2:facade:0, 线缆伪装板 - 橙色混凝土
appliedenergistics2:facade:0, 线缆伪装板 - 橙色混凝土
appliedenergistics2:facade:0, 线缆伪装板 - 橙色混凝土
appliedenergistics2:facade:0, 线缆伪装板 - 橙色混凝土
appliedenergistics2:facade:0, 线缆伪装板 - 橙色混凝土
appliedenergistics2:facade:0, 线缆伪装板 - 橙色混凝土
appliedenergistics2:facade:0, 线缆伪装板 - 橙色混凝土
appliedenergistics2:facade:0, 线缆伪装板 - 橙色混凝土
appliedenergistics2:facade:0, 线缆伪装板 - 橙色混凝土
appliedenergistics2:facade:0, 线缆伪装板 - 橙色混凝土
appliedenergistics2:facade:0, 线缆伪装板 - 橙色混凝土
appliedenergistics2:facade:0, 线缆伪装板 - 橙色混凝土
appliedenergistics2:facade:0, 线缆伪装板 - 橙色混凝土
appliedenergistics2:facade:0, 线缆伪装板 - 橙色混凝土
appliedenergistics2:facade:0, 线缆伪装板 - 橙色混凝土
appliedenergistics2:facade:0, 线缆伪装板 - 橙色混凝土
appliedenergistics2:facade:0, 线缆伪装板 - 橙色混凝土
appliedenergistics2:facade:0, 线缆伪装板 - 橙色混凝土
appliedenergistics2:facade:0, 线缆伪装板 - 橙色混凝土
appliedenergistics2:facade:0, 线缆伪装板 - 橙色混凝土
appliedenergistics2:facade:0, 线缆伪装板 - 橙色混凝土
appliedenergistics2:facade:0, 线缆伪装板 - 橙色混凝土
appliedenergistics2:facade:0, 线缆伪装板 - 橙色混凝土
appliedenergistics2:facade:0, 线缆伪装板 - 橙色混凝土
appliedenergistics2:facade:0, 线缆伪装板 - 橙色混凝土
appliedenergistics2:facade:0, 线缆伪装板 - 橙色混凝土
appliedenergistics2:facade:0, 线缆伪装板 - 橙色混凝土
appliedenergistics2:facade:0, 线缆伪装板 - 橙色混凝土
appliedenergistics2:facade:0, 线缆伪装板 - 橙色混凝土
appliedenergistics2:facade:0, 线缆伪装板 - 橙色混凝土
appliedenergistics2:facade:0, 线缆伪装板 - 橙色混凝土
appliedenergistics2:facade:0, 线缆伪装板 - 白色混凝土
appliedenergistics2:facade:0, 线缆伪装板 - 白色混凝土
appliedenergistics2:facade:0, 线缆伪装板 - 白色混凝土
appliedenergistics2:facade:0, 线缆伪装板 - 白色混凝土
appliedenergistics2:facade:0, 线缆伪装板 - 白色混凝土
appliedenergistics2:facade:0, 线缆伪装板 - 白色混凝土
appliedenergistics2:facade:0, 线缆伪装板 - 白色混凝土
appliedenergistics2:facade:0, 线缆伪装板 - 白色混凝土
appliedenergistics2:facade:0, 线缆伪装板 - 白色混凝土
appliedenergistics2:facade:0, 线缆伪装板 - 白色混凝土
appliedenergistics2:facade:0, 线缆伪装板 - 白色混凝土
appliedenergistics2:facade:0, 线缆伪装板 - 白色混凝土
appliedenergistics2:facade:0, 线缆伪装板 - 白色混凝土
appliedenergistics2:facade:0, 线缆伪装板 - 白色混凝土
appliedenergistics2:facade:0, 线缆伪装板 - 白色混凝土
appliedenergistics2:facade:0, 线缆伪装板 - 白色混凝土
appliedenergistics2:facade:0, 线缆伪装板 - 白色混凝土
appliedenergistics2:facade:0, 线缆伪装板 - 白色混凝土
appliedenergistics2:facade:0, 线缆伪装板 - 白色混凝土
appliedenergistics2:facade:0, 线缆伪装板 - 白色混凝土
appliedenergistics2:facade:0, 线缆伪装板 - 白色混凝土
appliedenergistics2:facade:0, 线缆伪装板 - 白色混凝土
appliedenergistics2:facade:0, 线缆伪装板 - 白色混凝土
appliedenergistics2:facade:0, 线缆伪装板 - 白色混凝土
appliedenergistics2:facade:0, 线缆伪装板 - 白色混凝土
appliedenergistics2:facade:0, 线缆伪装板 - 白色混凝土
appliedenergistics2:facade:0, 线缆伪装板 - 白色混凝土
appliedenergistics2:facade:0, 线缆伪装板 - 白色混凝土
appliedenergistics2:facade:0, 线缆伪装板 - 白色混凝土
appliedenergistics2:facade:0, 线缆伪装板 - 白色混凝土
appliedenergistics2:facade:0, 线缆伪装板 - 白色混凝土
appliedenergistics2:facade:0, 线缆伪装板 - 白色混凝土
appliedenergistics2:facade:0, 线缆伪装板 - 白色混凝土
appliedenergistics2:facade:0, 线缆伪装板 - 铜块
appliedenergistics2:facade:0, 线缆伪装板 - 铜块
appliedenergistics2:facade:0, 线缆伪装板 - 铜块
appliedenergistics2:facade:0, 线缆伪装板 - 铜块
appliedenergistics2:facade:0, 线缆伪装板 - 铜块
appliedenergistics2:facade:0, 线缆伪装板 - 铜块
appliedenergistics2:facade:0, 线缆伪装板 - 铜块
appliedenergistics2:facade:0, 线缆伪装板 - 钻石块
appliedenergistics2:facade:0, 线缆伪装板 - 钻石块
appliedenergistics2:facade:0, 线缆伪装板 - 钻石块
appliedenergistics2:facade:0, 线缆伪装板 - 钻石块
appliedenergistics2:facade:0, 线缆伪装板 - 钻石块
appliedenergistics2:facade:0, 线缆伪装板 - 钻石块
appliedenergistics2:facade:0, 线缆伪装板 - 钻石块
appliedenergistics2:facade:0, 线缆伪装板 - 钻石块
appliedenergistics2:facade:0, 线缆伪装板 - 钻石块
appliedenergistics2:facade:0, 线缆伪装板 - 钻石块
appliedenergistics2:facade:0, 线缆伪装板 - 钻石块
appliedenergistics2:facade:0, 线缆伪装板 - 钻石块
appliedenergistics2:facade:0, 线缆伪装板 - 闪长岩
appliedenergistics2:facade:0, 线缆伪装板 - 闪长岩
appliedenergistics2:facade:0, 线缆伪装板 - 闪长岩
appliedenergistics2:facade:0, 线缆伪装板 - 闪长岩
appliedenergistics2:facade:0, 线缆伪装板 - 闪长岩
appliedenergistics2:facade:0, 线缆伪装板 - 闪长岩
appliedenergistics2:facade:0, 线缆伪装板 - 闪长岩
appliedenergistics2:facade:0, 线缆伪装板 - 闪长岩
appliedenergistics2:facade:0, 线缆伪装板 - 闪长岩
appliedenergistics2:facade:0, 线缆伪装板 - 闪长岩
appliedenergistics2:facade:0, 线缆伪装板 - 闪长岩
appliedenergistics2:facade:0, 线缆伪装板 - 闪长岩
appliedenergistics2:facade:0, 线缆伪装板 - 闪长岩
appliedenergistics2:facade:0, 线缆伪装板 - 闪长岩
appliedenergistics2:facade:0, 线缆伪装板 - 闪长岩
appliedenergistics2:facade:0, 线缆伪装板 - 闪长岩
appliedenergistics2:facade:0, 线缆伪装板 - 闪长岩
appliedenergistics2:facade:0, 线缆伪装板 - 闪长岩
appliedenergistics2:facade:0, 线缆伪装板 - 闪长岩
appliedenergistics2:facade:0, 线缆伪装板 - 闪长岩
appliedenergistics2:facade:0, 线缆伪装板 - 闪长岩
appliedenergistics2:facade:0, 线缆伪装板 - 闪长岩
appliedenergistics2:facade:0, 线缆伪装板 - 闪长岩
appliedenergistics2:facade:0, 线缆伪装板 - 闪长岩
appliedenergistics2:facade:0, 线缆伪装板 - 闪长岩
appliedenergistics2:facade:0, 线缆伪装板 - 闪长岩
appliedenergistics2:facade:0, 线缆伪装板 - 闪长岩
appliedenergistics2:facade:0, 线缆伪装板 - 闪长岩
appliedenergistics2:facade:0, 线缆伪装板 - 闪长岩
appliedenergistics2:facade:0, 线缆伪装板 - 闪长岩
appliedenergistics2:facade:0, 线缆伪装板 - 闪长岩
appliedenergistics2:facade:0, 线缆伪装板 - 闪长岩
appliedenergistics2:facade:0, 线缆伪装板 - 闪长岩
appliedenergistics2:facade:0, 线缆伪装板 - 泥土
appliedenergistics2:facade:0, 线缆伪装板 - 泥土
appliedenergistics2:facade:0, 线缆伪装板 - 泥土
appliedenergistics2:facade:0, 线缆伪装板 - 泥土
appliedenergistics2:facade:0, 线缆伪装板 - 泥土
appliedenergistics2:facade:0, 线缆伪装板 - 泥土
appliedenergistics2:facade:0, 线缆伪装板 - 泥土
appliedenergistics2:facade:0, 线缆伪装板 - 泥土
appliedenergistics2:facade:0, 线缆伪装板 - 泥土
appliedenergistics2:facade:0, 线缆伪装板 - 泥土
appliedenergistics2:facade:0, 线缆伪装板 - 泥土
appliedenergistics2:facade:0, 线缆伪装板 - 泥土
appliedenergistics2:facade:0, 线缆伪装板 - 泥土
appliedenergistics2:facade:0, 线缆伪装板 - 泥土
appliedenergistics2:facade:0, 线缆伪装板 - 泥土
appliedenergistics2:facade:0, 线缆伪装板 - 泥土
appliedenergistics2:facade:0, 线缆伪装板 - 琥珀金块
appliedenergistics2:facade:0, 线缆伪装板 - 琥珀金块
appliedenergistics2:facade:0, 线缆伪装板 - 琥珀金块
appliedenergistics2:facade:0, 线缆伪装板 - 琥珀金块
appliedenergistics2:facade:0, 线缆伪装板 - 琥珀金块
appliedenergistics2:facade:0, 线缆伪装板 - 琥珀金块
appliedenergistics2:facade:0, 线缆伪装板 - 琥珀金块
appliedenergistics2:facade:0, 线缆伪装板 - 绿宝石块
appliedenergistics2:facade:0, 线缆伪装板 - 绿宝石块
appliedenergistics2:facade:0, 线缆伪装板 - 绿宝石块
appliedenergistics2:facade:0, 线缆伪装板 - 绿宝石块
appliedenergistics2:facade:0, 线缆伪装板 - 绿宝石块
appliedenergistics2:facade:0, 线缆伪装板 - 绿宝石块
appliedenergistics2:facade:0, 线缆伪装板 - 绿宝石块
appliedenergistics2:facade:0, 线缆伪装板 - 绿宝石块
appliedenergistics2:facade:0, 线缆伪装板 - 绿宝石块
appliedenergistics2:facade:0, 线缆伪装板 - 绿宝石块
appliedenergistics2:facade:0, 线缆伪装板 - 绿宝石块
appliedenergistics2:facade:0, 线缆伪装板 - 绿宝石块
appliedenergistics2:facade:0, 线缆伪装板 - 绿宝石块
appliedenergistics2:facade:0, 线缆伪装板 - 绿宝石块
appliedenergistics2:facade:0, 线缆伪装板 - 紫珀块
appliedenergistics2:facade:0, 线缆伪装板 - 紫珀块
appliedenergistics2:facade:0, 线缆伪装板 - 紫珀块
appliedenergistics2:facade:0, 线缆伪装板 - 紫珀块
appliedenergistics2:facade:0, 线缆伪装板 - 紫珀块
appliedenergistics2:facade:0, 线缆伪装板 - 紫珀块
appliedenergistics2:facade:0, 线缆伪装板 - 紫珀块
appliedenergistics2:facade:0, 线缆伪装板 - 紫珀块
appliedenergistics2:facade:0, 线缆伪装板 - 紫珀块
appliedenergistics2:facade:0, 线缆伪装板 - 紫珀块
appliedenergistics2:facade:0, 线缆伪装板 - 紫珀块
appliedenergistics2:facade:0, 线缆伪装板 - 紫珀块
appliedenergistics2:facade:0, 线缆伪装板 - 紫珀块
appliedenergistics2:facade:0, 线缆伪装板 - 紫珀块
appliedenergistics2:facade:0, 线缆伪装板 - 紫珀块
appliedenergistics2:facade:0, 线缆伪装板 - 紫珀块
appliedenergistics2:facade:0, 线缆伪装板 - 紫珀块
appliedenergistics2:facade:0, 线缆伪装板 - 紫珀块
appliedenergistics2:facade:0, 线缆伪装板 - 紫珀块
appliedenergistics2:facade:0, 线缆伪装板 - 紫珀块
appliedenergistics2:facade:0, 线缆伪装板 - 紫珀块
appliedenergistics2:facade:0, 线缆伪装板 - 紫珀块
appliedenergistics2:facade:0, 线缆伪装板 - 紫珀块
appliedenergistics2:facade:0, 线缆伪装板 - 紫珀块
appliedenergistics2:facade:0, 线缆伪装板 - 紫珀块
appliedenergistics2:facade:0, 线缆伪装板 - 紫珀块
appliedenergistics2:facade:0, 线缆伪装板 - 紫珀块
appliedenergistics2:facade:0, 线缆伪装板 - 紫珀块
appliedenergistics2:facade:0, 线缆伪装板 - 紫珀块
appliedenergistics2:facade:0, 线缆伪装板 - 紫珀块
appliedenergistics2:facade:0, 线缆伪装板 - 紫珀块
appliedenergistics2:facade:0, 线缆伪装板 - 末地石
appliedenergistics2:facade:0, 线缆伪装板 - 末地石
appliedenergistics2:facade:0, 线缆伪装板 - 末地石
appliedenergistics2:facade:0, 线缆伪装板 - 末地石
appliedenergistics2:facade:0, 线缆伪装板 - 末地石
appliedenergistics2:facade:0, 线缆伪装板 - 末地石
appliedenergistics2:facade:0, 线缆伪装板 - 末地石
appliedenergistics2:facade:0, 线缆伪装板 - 末地石
appliedenergistics2:facade:0, 线缆伪装板 - 末地石
appliedenergistics2:facade:0, 线缆伪装板 - 末地石
appliedenergistics2:facade:0, 线缆伪装板 - 末地石
appliedenergistics2:facade:0, 线缆伪装板 - 末地石
appliedenergistics2:facade:0, 线缆伪装板 - 末地石
appliedenergistics2:facade:0, 线缆伪装板 - 末地石
appliedenergistics2:facade:0, 线缆伪装板 - 末地石
appliedenergistics2:facade:0, 线缆伪装板 - 末地石
appliedenergistics2:facade:0, 线缆伪装板 - 末地石
appliedenergistics2:facade:0, 线缆伪装板 - 末地石
appliedenergistics2:facade:0, 线缆伪装板 - 末地石
appliedenergistics2:facade:0, 线缆伪装板 - 末地石
appliedenergistics2:facade:0, 线缆伪装板 - 末地石
appliedenergistics2:facade:0, 线缆伪装板 - 末地石
appliedenergistics2:facade:0, 线缆伪装板 - 末地石
appliedenergistics2:facade:0, 线缆伪装板 - 末地石
appliedenergistics2:facade:0, 线缆伪装板 - 末地石
appliedenergistics2:facade:0, 线缆伪装板 - 末地石
appliedenergistics2:facade:0, 线缆伪装板 - 末地石
appliedenergistics2:facade:0, 线缆伪装板 - 末地石
appliedenergistics2:facade:0, 线缆伪装板 - 末地石
appliedenergistics2:facade:0, 线缆伪装板 - 末地石
appliedenergistics2:facade:0, 线缆伪装板 - 末地石
appliedenergistics2:facade:0, 线缆伪装板 - 末地石
appliedenergistics2:facade:0, 线缆伪装板 - 末地石
appliedenergistics2:facade:0, 线缆伪装板 - 工厂方块
appliedenergistics2:facade:0, 线缆伪装板 - 工厂方块
appliedenergistics2:facade:0, 线缆伪装板 - 工厂方块
appliedenergistics2:facade:0, 线缆伪装板 - 工厂方块
appliedenergistics2:facade:0, 线缆伪装板 - 工厂方块
appliedenergistics2:facade:0, 线缆伪装板 - 工厂方块
appliedenergistics2:facade:0, 线缆伪装板 - 工厂方块
appliedenergistics2:facade:0, 线缆伪装板 - 工厂方块
appliedenergistics2:facade:0, 线缆伪装板 - 工厂方块
appliedenergistics2:facade:0, 线缆伪装板 - 工厂方块
appliedenergistics2:facade:0, 线缆伪装板 - 工厂方块
appliedenergistics2:facade:0, 线缆伪装板 - 工厂方块
appliedenergistics2:facade:0, 线缆伪装板 - 工厂方块
appliedenergistics2:facade:0, 线缆伪装板 - 工厂方块
appliedenergistics2:facade:0, 线缆伪装板 - 工厂方块
appliedenergistics2:facade:0, 线缆伪装板 - 工厂方块
appliedenergistics2:facade:0, 线缆伪装板 - 工厂方块
appliedenergistics2:facade:0, 线缆伪装板 - 工厂方块
appliedenergistics2:facade:0, 线缆伪装板 - 工厂方块
appliedenergistics2:facade:0, 线缆伪装板 - 工厂方块
appliedenergistics2:facade:0, 线缆伪装板 - 工厂方块
appliedenergistics2:facade:0, 线缆伪装板 - 科幻方块
appliedenergistics2:facade:0, 线缆伪装板 - 科幻方块
appliedenergistics2:facade:0, 线缆伪装板 - 科幻方块
appliedenergistics2:facade:0, 线缆伪装板 - 科幻方块
appliedenergistics2:facade:0, 线缆伪装板 - 科幻方块
appliedenergistics2:facade:0, 线缆伪装板 - 科幻方块
appliedenergistics2:facade:0, 线缆伪装板 - 荧石
appliedenergistics2:facade:0, 线缆伪装板 - 荧石
appliedenergistics2:facade:0, 线缆伪装板 - 荧石
appliedenergistics2:facade:0, 线缆伪装板 - 荧石
appliedenergistics2:facade:0, 线缆伪装板 - 荧石
appliedenergistics2:facade:0, 线缆伪装板 - 荧石
appliedenergistics2:facade:0, 线缆伪装板 - 荧石
appliedenergistics2:facade:0, 线缆伪装板 - 荧石
appliedenergistics2:facade:0, 线缆伪装板 - 荧石
appliedenergistics2:facade:0, 线缆伪装板 - 荧石
appliedenergistics2:facade:0, 线缆伪装板 - 荧石
appliedenergistics2:facade:0, 线缆伪装板 - 荧石
appliedenergistics2:facade:0, 线缆伪装板 - 荧石
appliedenergistics2:facade:0, 线缆伪装板 - 荧石
appliedenergistics2:facade:0, 线缆伪装板 - 荧石
appliedenergistics2:facade:0, 线缆伪装板 - 荧石
appliedenergistics2:facade:0, 线缆伪装板 - 荧石
appliedenergistics2:facade:0, 线缆伪装板 - 荧石
appliedenergistics2:facade:0, 线缆伪装板 - 荧石
appliedenergistics2:facade:0, 线缆伪装板 - 荧石
appliedenergistics2:facade:0, 线缆伪装板 - 荧石
appliedenergistics2:facade:0, 线缆伪装板 - 荧石
appliedenergistics2:facade:0, 线缆伪装板 - 荧石
appliedenergistics2:facade:0, 线缆伪装板 - 荧石
appliedenergistics2:facade:0, 线缆伪装板 - 荧石
appliedenergistics2:facade:0, 线缆伪装板 - 荧石
appliedenergistics2:facade:0, 线缆伪装板 - 荧石
appliedenergistics2:facade:0, 线缆伪装板 - 荧石
appliedenergistics2:facade:0, 线缆伪装板 - 荧石
appliedenergistics2:facade:0, 线缆伪装板 - 荧石
appliedenergistics2:facade:0, 线缆伪装板 - 荧石
appliedenergistics2:facade:0, 线缆伪装板 - 荧石
appliedenergistics2:facade:0, 线缆伪装板 - 荧石
appliedenergistics2:facade:0, 线缆伪装板 - 金块
appliedenergistics2:facade:0, 线缆伪装板 - 金块
appliedenergistics2:facade:0, 线缆伪装板 - 金块
appliedenergistics2:facade:0, 线缆伪装板 - 金块
appliedenergistics2:facade:0, 线缆伪装板 - 金块
appliedenergistics2:facade:0, 线缆伪装板 - 金块
appliedenergistics2:facade:0, 线缆伪装板 - 金块
appliedenergistics2:facade:0, 线缆伪装板 - 金块
appliedenergistics2:facade:0, 线缆伪装板 - 金块
appliedenergistics2:facade:0, 线缆伪装板 - 金块
appliedenergistics2:facade:0, 线缆伪装板 - 金块
appliedenergistics2:facade:0, 线缆伪装板 - 金块
appliedenergistics2:facade:0, 线缆伪装板 - 金块
appliedenergistics2:facade:0, 线缆伪装板 - 金块
appliedenergistics2:facade:0, 线缆伪装板 - 金块
appliedenergistics2:facade:0, 线缆伪装板 - 金块
appliedenergistics2:facade:0, 线缆伪装板 - 金块
appliedenergistics2:facade:0, 线缆伪装板 - 金块
appliedenergistics2:facade:0, 线缆伪装板 - 金块
appliedenergistics2:facade:0, 线缆伪装板 - 金块
appliedenergistics2:facade:0, 线缆伪装板 - 金块
appliedenergistics2:facade:0, 线缆伪装板 - 花岗岩
appliedenergistics2:facade:0, 线缆伪装板 - 花岗岩
appliedenergistics2:facade:0, 线缆伪装板 - 花岗岩
appliedenergistics2:facade:0, 线缆伪装板 - 花岗岩
appliedenergistics2:facade:0, 线缆伪装板 - 花岗岩
appliedenergistics2:facade:0, 线缆伪装板 - 花岗岩
appliedenergistics2:facade:0, 线缆伪装板 - 花岗岩
appliedenergistics2:facade:0, 线缆伪装板 - 花岗岩
appliedenergistics2:facade:0, 线缆伪装板 - 花岗岩
appliedenergistics2:facade:0, 线缆伪装板 - 花岗岩
appliedenergistics2:facade:0, 线缆伪装板 - 花岗岩
appliedenergistics2:facade:0, 线缆伪装板 - 花岗岩
appliedenergistics2:facade:0, 线缆伪装板 - 花岗岩
appliedenergistics2:facade:0, 线缆伪装板 - 花岗岩
appliedenergistics2:facade:0, 线缆伪装板 - 花岗岩
appliedenergistics2:facade:0, 线缆伪装板 - 花岗岩
appliedenergistics2:facade:0, 线缆伪装板 - 花岗岩
appliedenergistics2:facade:0, 线缆伪装板 - 花岗岩
appliedenergistics2:facade:0, 线缆伪装板 - 花岗岩
appliedenergistics2:facade:0, 线缆伪装板 - 花岗岩
appliedenergistics2:facade:0, 线缆伪装板 - 花岗岩
appliedenergistics2:facade:0, 线缆伪装板 - 花岗岩
appliedenergistics2:facade:0, 线缆伪装板 - 花岗岩
appliedenergistics2:facade:0, 线缆伪装板 - 花岗岩
appliedenergistics2:facade:0, 线缆伪装板 - 花岗岩
appliedenergistics2:facade:0, 线缆伪装板 - 花岗岩
appliedenergistics2:facade:0, 线缆伪装板 - 花岗岩
appliedenergistics2:facade:0, 线缆伪装板 - 花岗岩
appliedenergistics2:facade:0, 线缆伪装板 - 花岗岩
appliedenergistics2:facade:0, 线缆伪装板 - 花岗岩
appliedenergistics2:facade:0, 线缆伪装板 - 花岗岩
appliedenergistics2:facade:0, 线缆伪装板 - 花岗岩
appliedenergistics2:facade:0, 线缆伪装板 - 花岗岩
appliedenergistics2:facade:0, 线缆伪装板 - 陶瓦
appliedenergistics2:facade:0, 线缆伪装板 - 陶瓦
appliedenergistics2:facade:0, 线缆伪装板 - 陶瓦
appliedenergistics2:facade:0, 线缆伪装板 - 陶瓦
appliedenergistics2:facade:0, 线缆伪装板 - 陶瓦
appliedenergistics2:facade:0, 线缆伪装板 - 陶瓦
appliedenergistics2:facade:0, 线缆伪装板 - 陶瓦
appliedenergistics2:facade:0, 线缆伪装板 - 陶瓦
appliedenergistics2:facade:0, 线缆伪装板 - 陶瓦
appliedenergistics2:facade:0, 线缆伪装板 - 陶瓦
appliedenergistics2:facade:0, 线缆伪装板 - 陶瓦
appliedenergistics2:facade:0, 线缆伪装板 - 陶瓦
appliedenergistics2:facade:0, 线缆伪装板 - 陶瓦
appliedenergistics2:facade:0, 线缆伪装板 - 陶瓦
appliedenergistics2:facade:0, 线缆伪装板 - 陶瓦
appliedenergistics2:facade:0, 线缆伪装板 - 陶瓦
appliedenergistics2:facade:0, 线缆伪装板 - 陶瓦
appliedenergistics2:facade:0, 线缆伪装板 - 陶瓦
appliedenergistics2:facade:0, 线缆伪装板 - 陶瓦
appliedenergistics2:facade:0, 线缆伪装板 - 陶瓦
appliedenergistics2:facade:0, 线缆伪装板 - 陶瓦
appliedenergistics2:facade:0, 线缆伪装板 - 陶瓦
appliedenergistics2:facade:0, 线缆伪装板 - 陶瓦
appliedenergistics2:facade:0, 线缆伪装板 - 陶瓦
appliedenergistics2:facade:0, 线缆伪装板 - 陶瓦
appliedenergistics2:facade:0, 线缆伪装板 - 陶瓦
appliedenergistics2:facade:0, 线缆伪装板 - 陶瓦
appliedenergistics2:facade:0, 线缆伪装板 - 陶瓦
appliedenergistics2:facade:0, 线缆伪装板 - 陶瓦
appliedenergistics2:facade:0, 线缆伪装板 - 陶瓦
appliedenergistics2:facade:0, 线缆伪装板 - 陶瓦
appliedenergistics2:facade:0, 线缆伪装板 - 陶瓦
appliedenergistics2:facade:0, 线缆伪装板 - 陶瓦
appliedenergistics2:facade:0, 线缆伪装板 - 因瓦合金块
appliedenergistics2:facade:0, 线缆伪装板 - 因瓦合金块
appliedenergistics2:facade:0, 线缆伪装板 - 因瓦合金块
appliedenergistics2:facade:0, 线缆伪装板 - 因瓦合金块
appliedenergistics2:facade:0, 线缆伪装板 - 因瓦合金块
appliedenergistics2:facade:0, 线缆伪装板 - 因瓦合金块
appliedenergistics2:facade:0, 线缆伪装板 - 因瓦合金块
appliedenergistics2:facade:0, 线缆伪装板 - 铁块
appliedenergistics2:facade:0, 线缆伪装板 - 铁块
appliedenergistics2:facade:0, 线缆伪装板 - 铁块
appliedenergistics2:facade:0, 线缆伪装板 - 铁块
appliedenergistics2:facade:0, 线缆伪装板 - 铁块
appliedenergistics2:facade:0, 线缆伪装板 - 铁块
appliedenergistics2:facade:0, 线缆伪装板 - 铁块
appliedenergistics2:facade:0, 线缆伪装板 - 铁块
appliedenergistics2:facade:0, 线缆伪装板 - 铁块
appliedenergistics2:facade:0, 线缆伪装板 - 铁块
appliedenergistics2:facade:0, 线缆伪装板 - 铁块
appliedenergistics2:facade:0, 线缆伪装板 - 铁块
appliedenergistics2:facade:0, 线缆伪装板 - 铁块
appliedenergistics2:facade:0, 线缆伪装板 - 铁块
appliedenergistics2:facade:0, 线缆伪装板 - 铁块
appliedenergistics2:facade:0, 线缆伪装板 - 铁块
appliedenergistics2:facade:0, 线缆伪装板 - 铁块
appliedenergistics2:facade:0, 线缆伪装板 - 铁块
appliedenergistics2:facade:0, 线缆伪装板 - 铁块
appliedenergistics2:facade:0, 线缆伪装板 - 铁块
appliedenergistics2:facade:0, 线缆伪装板 - 铁块
appliedenergistics2:facade:0, 线缆伪装板 - 铁块
appliedenergistics2:facade:0, 线缆伪装板 - 实验室方块
appliedenergistics2:facade:0, 线缆伪装板 - 实验室方块
appliedenergistics2:facade:0, 线缆伪装板 - 实验室方块
appliedenergistics2:facade:0, 线缆伪装板 - 实验室方块
appliedenergistics2:facade:0, 线缆伪装板 - 实验室方块
appliedenergistics2:facade:0, 线缆伪装板 - 实验室方块
appliedenergistics2:facade:0, 线缆伪装板 - 实验室方块
appliedenergistics2:facade:0, 线缆伪装板 - 实验室方块
appliedenergistics2:facade:0, 线缆伪装板 - 实验室方块
appliedenergistics2:facade:0, 线缆伪装板 - 实验室方块
appliedenergistics2:facade:0, 线缆伪装板 - 实验室方块
appliedenergistics2:facade:0, 线缆伪装板 - 实验室方块
appliedenergistics2:facade:0, 线缆伪装板 - 实验室方块
appliedenergistics2:facade:0, 线缆伪装板 - 实验室方块
appliedenergistics2:facade:0, 线缆伪装板 - 实验室方块
appliedenergistics2:facade:0, 线缆伪装板 - 实验室方块
appliedenergistics2:facade:0, 线缆伪装板 - 青金石块
appliedenergistics2:facade:0, 线缆伪装板 - 青金石块
appliedenergistics2:facade:0, 线缆伪装板 - 青金石块
appliedenergistics2:facade:0, 线缆伪装板 - 青金石块
appliedenergistics2:facade:0, 线缆伪装板 - 青金石块
appliedenergistics2:facade:0, 线缆伪装板 - 青金石块
appliedenergistics2:facade:0, 线缆伪装板 - 青金石块
appliedenergistics2:facade:0, 线缆伪装板 - 青金石块
appliedenergistics2:facade:0, 线缆伪装板 - 青金石块
appliedenergistics2:facade:0, 线缆伪装板 - 熔岩石
appliedenergistics2:facade:0, 线缆伪装板 - 熔岩石
appliedenergistics2:facade:0, 线缆伪装板 - 熔岩石
appliedenergistics2:facade:0, 线缆伪装板 - 熔岩石
appliedenergistics2:facade:0, 线缆伪装板 - 熔岩石
appliedenergistics2:facade:0, 线缆伪装板 - 熔岩石
appliedenergistics2:facade:0, 线缆伪装板 - 熔岩石
appliedenergistics2:facade:0, 线缆伪装板 - 熔岩石
appliedenergistics2:facade:0, 线缆伪装板 - 熔岩石
appliedenergistics2:facade:0, 线缆伪装板 - 熔岩石
appliedenergistics2:facade:0, 线缆伪装板 - 熔岩石
appliedenergistics2:facade:0, 线缆伪装板 - 熔岩石
appliedenergistics2:facade:0, 线缆伪装板 - 熔岩石
appliedenergistics2:facade:0, 线缆伪装板 - 熔岩石
appliedenergistics2:facade:0, 线缆伪装板 - 熔岩石
appliedenergistics2:facade:0, 线缆伪装板 - 熔岩石
appliedenergistics2:facade:0, 线缆伪装板 - 熔岩石
appliedenergistics2:facade:0, 线缆伪装板 - 熔岩石
appliedenergistics2:facade:0, 线缆伪装板 - 熔岩石
appliedenergistics2:facade:0, 线缆伪装板 - 熔岩石
appliedenergistics2:facade:0, 线缆伪装板 - 熔岩石
appliedenergistics2:facade:0, 线缆伪装板 - 熔岩石
appliedenergistics2:facade:0, 线缆伪装板 - 熔岩石
appliedenergistics2:facade:0, 线缆伪装板 - 熔岩石
appliedenergistics2:facade:0, 线缆伪装板 - 熔岩石
appliedenergistics2:facade:0, 线缆伪装板 - 熔岩石
appliedenergistics2:facade:0, 线缆伪装板 - 熔岩石
appliedenergistics2:facade:0, 线缆伪装板 - 熔岩石
appliedenergistics2:facade:0, 线缆伪装板 - 熔岩石
appliedenergistics2:facade:0, 线缆伪装板 - 熔岩石
appliedenergistics2:facade:0, 线缆伪装板 - 熔岩石
appliedenergistics2:facade:0, 线缆伪装板 - 熔岩石
appliedenergistics2:facade:0, 线缆伪装板 - 熔岩石
appliedenergistics2:facade:0, 线缆伪装板 - 铅块
appliedenergistics2:facade:0, 线缆伪装板 - 铅块
appliedenergistics2:facade:0, 线缆伪装板 - 铅块
appliedenergistics2:facade:0, 线缆伪装板 - 铅块
appliedenergistics2:facade:0, 线缆伪装板 - 铅块
appliedenergistics2:facade:0, 线缆伪装板 - 铅块
appliedenergistics2:facade:0, 线缆伪装板 - 铅块
appliedenergistics2:facade:0, 线缆伪装板 - 石灰岩
appliedenergistics2:facade:0, 线缆伪装板 - 石灰岩
appliedenergistics2:facade:0, 线缆伪装板 - 石灰岩
appliedenergistics2:facade:0, 线缆伪装板 - 石灰岩
appliedenergistics2:facade:0, 线缆伪装板 - 石灰岩
appliedenergistics2:facade:0, 线缆伪装板 - 石灰岩
appliedenergistics2:facade:0, 线缆伪装板 - 石灰岩
appliedenergistics2:facade:0, 线缆伪装板 - 石灰岩
appliedenergistics2:facade:0, 线缆伪装板 - 石灰岩
appliedenergistics2:facade:0, 线缆伪装板 - 石灰岩
appliedenergistics2:facade:0, 线缆伪装板 - 石灰岩
appliedenergistics2:facade:0, 线缆伪装板 - 石灰岩
appliedenergistics2:facade:0, 线缆伪装板 - 石灰岩
appliedenergistics2:facade:0, 线缆伪装板 - 石灰岩
appliedenergistics2:facade:0, 线缆伪装板 - 石灰岩
appliedenergistics2:facade:0, 线缆伪装板 - 石灰岩
appliedenergistics2:facade:0, 线缆伪装板 - 石灰岩
appliedenergistics2:facade:0, 线缆伪装板 - 石灰岩
appliedenergistics2:facade:0, 线缆伪装板 - 石灰岩
appliedenergistics2:facade:0, 线缆伪装板 - 石灰岩
appliedenergistics2:facade:0, 线缆伪装板 - 石灰岩
appliedenergistics2:facade:0, 线缆伪装板 - 石灰岩
appliedenergistics2:facade:0, 线缆伪装板 - 石灰岩
appliedenergistics2:facade:0, 线缆伪装板 - 石灰岩
appliedenergistics2:facade:0, 线缆伪装板 - 石灰岩
appliedenergistics2:facade:0, 线缆伪装板 - 石灰岩
appliedenergistics2:facade:0, 线缆伪装板 - 石灰岩
appliedenergistics2:facade:0, 线缆伪装板 - 石灰岩
appliedenergistics2:facade:0, 线缆伪装板 - 石灰岩
appliedenergistics2:facade:0, 线缆伪装板 - 石灰岩
appliedenergistics2:facade:0, 线缆伪装板 - 石灰岩
appliedenergistics2:facade:0, 线缆伪装板 - 石灰岩
appliedenergistics2:facade:0, 线缆伪装板 - 石灰岩
appliedenergistics2:facade:0, 线缆伪装板 - 石灰岩
appliedenergistics2:facade:0, 线缆伪装板 - 大理石
appliedenergistics2:facade:0, 线缆伪装板 - 大理石
appliedenergistics2:facade:0, 线缆伪装板 - 大理石
appliedenergistics2:facade:0, 线缆伪装板 - 大理石
appliedenergistics2:facade:0, 线缆伪装板 - 大理石
appliedenergistics2:facade:0, 线缆伪装板 - 大理石
appliedenergistics2:facade:0, 线缆伪装板 - 大理石
appliedenergistics2:facade:0, 线缆伪装板 - 大理石
appliedenergistics2:facade:0, 线缆伪装板 - 大理石
appliedenergistics2:facade:0, 线缆伪装板 - 大理石
appliedenergistics2:facade:0, 线缆伪装板 - 大理石
appliedenergistics2:facade:0, 线缆伪装板 - 大理石
appliedenergistics2:facade:0, 线缆伪装板 - 大理石
appliedenergistics2:facade:0, 线缆伪装板 - 大理石
appliedenergistics2:facade:0, 线缆伪装板 - 大理石
appliedenergistics2:facade:0, 线缆伪装板 - 大理石
appliedenergistics2:facade:0, 线缆伪装板 - 大理石
appliedenergistics2:facade:0, 线缆伪装板 - 大理石
appliedenergistics2:facade:0, 线缆伪装板 - 大理石
appliedenergistics2:facade:0, 线缆伪装板 - 大理石
appliedenergistics2:facade:0, 线缆伪装板 - 大理石
appliedenergistics2:facade:0, 线缆伪装板 - 大理石
appliedenergistics2:facade:0, 线缆伪装板 - 大理石
appliedenergistics2:facade:0, 线缆伪装板 - 大理石
appliedenergistics2:facade:0, 线缆伪装板 - 大理石
appliedenergistics2:facade:0, 线缆伪装板 - 大理石
appliedenergistics2:facade:0, 线缆伪装板 - 大理石
appliedenergistics2:facade:0, 线缆伪装板 - 大理石
appliedenergistics2:facade:0, 线缆伪装板 - 大理石
appliedenergistics2:facade:0, 线缆伪装板 - 大理石
appliedenergistics2:facade:0, 线缆伪装板 - 大理石
appliedenergistics2:facade:0, 线缆伪装板 - 大理石
appliedenergistics2:facade:0, 线缆伪装板 - 大理石
appliedenergistics2:facade:0, 线缆伪装板 - 大理石
appliedenergistics2:facade:0, 线缆伪装板 - 大理石柱
appliedenergistics2:facade:0, 线缆伪装板 - 大理石柱
appliedenergistics2:facade:0, 线缆伪装板 - 大理石柱
appliedenergistics2:facade:0, 线缆伪装板 - 大理石柱
appliedenergistics2:facade:0, 线缆伪装板 - 大理石柱
appliedenergistics2:facade:0, 线缆伪装板 - 大理石柱
appliedenergistics2:facade:0, 线缆伪装板 - 大理石柱
appliedenergistics2:facade:0, 线缆伪装板 - 大理石柱
appliedenergistics2:facade:0, 线缆伪装板 - 大理石柱
appliedenergistics2:facade:0, 线缆伪装板 - 大理石柱
appliedenergistics2:facade:0, 线缆伪装板 - 大理石柱
appliedenergistics2:facade:0, 线缆伪装板 - 大理石柱
appliedenergistics2:facade:0, 线缆伪装板 - 大理石柱
appliedenergistics2:facade:0, 线缆伪装板 - 大理石柱
appliedenergistics2:facade:0, 线缆伪装板 - 大理石柱
appliedenergistics2:facade:0, 线缆伪装板 - 大理石柱
appliedenergistics2:facade:0, 线缆伪装板 - 地狱砖
appliedenergistics2:facade:0, 线缆伪装板 - 地狱砖
appliedenergistics2:facade:0, 线缆伪装板 - 地狱砖
appliedenergistics2:facade:0, 线缆伪装板 - 地狱砖
appliedenergistics2:facade:0, 线缆伪装板 - 地狱砖
appliedenergistics2:facade:0, 线缆伪装板 - 地狱砖
appliedenergistics2:facade:0, 线缆伪装板 - 地狱砖
appliedenergistics2:facade:0, 线缆伪装板 - 地狱砖
appliedenergistics2:facade:0, 线缆伪装板 - 地狱砖
appliedenergistics2:facade:0, 线缆伪装板 - 地狱砖
appliedenergistics2:facade:0, 线缆伪装板 - 地狱砖
appliedenergistics2:facade:0, 线缆伪装板 - 地狱砖
appliedenergistics2:facade:0, 线缆伪装板 - 地狱砖
appliedenergistics2:facade:0, 线缆伪装板 - 地狱砖
appliedenergistics2:facade:0, 线缆伪装板 - 地狱砖
appliedenergistics2:facade:0, 线缆伪装板 - 地狱砖
appliedenergistics2:facade:0, 线缆伪装板 - 地狱岩
appliedenergistics2:facade:0, 线缆伪装板 - 地狱岩
appliedenergistics2:facade:0, 线缆伪装板 - 地狱岩
appliedenergistics2:facade:0, 线缆伪装板 - 地狱岩
appliedenergistics2:facade:0, 线缆伪装板 - 地狱岩
appliedenergistics2:facade:0, 线缆伪装板 - 地狱岩
appliedenergistics2:facade:0, 线缆伪装板 - 地狱岩
appliedenergistics2:facade:0, 线缆伪装板 - 地狱岩
appliedenergistics2:facade:0, 线缆伪装板 - 地狱岩
appliedenergistics2:facade:0, 线缆伪装板 - 地狱岩
appliedenergistics2:facade:0, 线缆伪装板 - 地狱岩
appliedenergistics2:facade:0, 线缆伪装板 - 地狱岩
appliedenergistics2:facade:0, 线缆伪装板 - 地狱岩
appliedenergistics2:facade:0, 线缆伪装板 - 地狱岩
appliedenergistics2:facade:0, 线缆伪装板 - 镍块
appliedenergistics2:facade:0, 线缆伪装板 - 镍块
appliedenergistics2:facade:0, 线缆伪装板 - 镍块
appliedenergistics2:facade:0, 线缆伪装板 - 镍块
appliedenergistics2:facade:0, 线缆伪装板 - 镍块
appliedenergistics2:facade:0, 线缆伪装板 - 镍块
appliedenergistics2:facade:0, 线缆伪装板 - 镍块
appliedenergistics2:facade:0, 线缆伪装板 - 黑曜石
appliedenergistics2:facade:0, 线缆伪装板 - 黑曜石
appliedenergistics2:facade:0, 线缆伪装板 - 黑曜石
appliedenergistics2:facade:0, 线缆伪装板 - 黑曜石
appliedenergistics2:facade:0, 线缆伪装板 - 黑曜石
appliedenergistics2:facade:0, 线缆伪装板 - 黑曜石
appliedenergistics2:facade:0, 线缆伪装板 - 黑曜石
appliedenergistics2:facade:0, 线缆伪装板 - 黑曜石
appliedenergistics2:facade:0, 线缆伪装板 - 黑曜石
appliedenergistics2:facade:0, 线缆伪装板 - 黑曜石
appliedenergistics2:facade:0, 线缆伪装板 - 黑曜石
appliedenergistics2:facade:0, 线缆伪装板 - 黑曜石
appliedenergistics2:facade:0, 线缆伪装板 - 黑曜石
appliedenergistics2:facade:0, 线缆伪装板 - 黑曜石
appliedenergistics2:facade:0, 线缆伪装板 - 黑曜石
appliedenergistics2:facade:0, 线缆伪装板 - 障子
appliedenergistics2:facade:0, 线缆伪装板 - 障子
appliedenergistics2:facade:0, 线缆伪装板 - 障子
appliedenergistics2:facade:0, 线缆伪装板 - 障子
appliedenergistics2:facade:0, 线缆伪装板 - 障子
appliedenergistics2:facade:0, 线缆伪装板 - 障子
appliedenergistics2:facade:0, 线缆伪装板 - 障子
appliedenergistics2:facade:0, 线缆伪装板 - 障子
appliedenergistics2:facade:0, 线缆伪装板 - 障子
appliedenergistics2:facade:0, 线缆伪装板 - 橡木木板
appliedenergistics2:facade:0, 线缆伪装板 - 橡木木板
appliedenergistics2:facade:0, 线缆伪装板 - 橡木木板
appliedenergistics2:facade:0, 线缆伪装板 - 橡木木板
appliedenergistics2:facade:0, 线缆伪装板 - 橡木木板
appliedenergistics2:facade:0, 线缆伪装板 - 橡木木板
appliedenergistics2:facade:0, 线缆伪装板 - 橡木木板
appliedenergistics2:facade:0, 线缆伪装板 - 橡木木板
appliedenergistics2:facade:0, 线缆伪装板 - 橡木木板
appliedenergistics2:facade:0, 线缆伪装板 - 橡木木板
appliedenergistics2:facade:0, 线缆伪装板 - 橡木木板
appliedenergistics2:facade:0, 线缆伪装板 - 橡木木板
appliedenergistics2:facade:0, 线缆伪装板 - 橡木木板
appliedenergistics2:facade:0, 线缆伪装板 - 橡木木板
appliedenergistics2:facade:0, 线缆伪装板 - 橡木木板
appliedenergistics2:facade:0, 线缆伪装板 - 云杉木板
appliedenergistics2:facade:0, 线缆伪装板 - 云杉木板
appliedenergistics2:facade:0, 线缆伪装板 - 云杉木板
appliedenergistics2:facade:0, 线缆伪装板 - 云杉木板
appliedenergistics2:facade:0, 线缆伪装板 - 云杉木板
appliedenergistics2:facade:0, 线缆伪装板 - 云杉木板
appliedenergistics2:facade:0, 线缆伪装板 - 云杉木板
appliedenergistics2:facade:0, 线缆伪装板 - 云杉木板
appliedenergistics2:facade:0, 线缆伪装板 - 云杉木板
appliedenergistics2:facade:0, 线缆伪装板 - 云杉木板
appliedenergistics2:facade:0, 线缆伪装板 - 云杉木板
appliedenergistics2:facade:0, 线缆伪装板 - 云杉木板
appliedenergistics2:facade:0, 线缆伪装板 - 云杉木板
appliedenergistics2:facade:0, 线缆伪装板 - 云杉木板
appliedenergistics2:facade:0, 线缆伪装板 - 云杉木板
appliedenergistics2:facade:0, 线缆伪装板 - 白桦木板
appliedenergistics2:facade:0, 线缆伪装板 - 白桦木板
appliedenergistics2:facade:0, 线缆伪装板 - 白桦木板
appliedenergistics2:facade:0, 线缆伪装板 - 白桦木板
appliedenergistics2:facade:0, 线缆伪装板 - 白桦木板
appliedenergistics2:facade:0, 线缆伪装板 - 白桦木板
appliedenergistics2:facade:0, 线缆伪装板 - 白桦木板
appliedenergistics2:facade:0, 线缆伪装板 - 白桦木板
appliedenergistics2:facade:0, 线缆伪装板 - 白桦木板
appliedenergistics2:facade:0, 线缆伪装板 - 白桦木板
appliedenergistics2:facade:0, 线缆伪装板 - 白桦木板
appliedenergistics2:facade:0, 线缆伪装板 - 白桦木板
appliedenergistics2:facade:0, 线缆伪装板 - 白桦木板
appliedenergistics2:facade:0, 线缆伪装板 - 白桦木板
appliedenergistics2:facade:0, 线缆伪装板 - 白桦木板
appliedenergistics2:facade:0, 线缆伪装板 - 丛林木板
appliedenergistics2:facade:0, 线缆伪装板 - 丛林木板
appliedenergistics2:facade:0, 线缆伪装板 - 丛林木板
appliedenergistics2:facade:0, 线缆伪装板 - 丛林木板
appliedenergistics2:facade:0, 线缆伪装板 - 丛林木板
appliedenergistics2:facade:0, 线缆伪装板 - 丛林木板
appliedenergistics2:facade:0, 线缆伪装板 - 丛林木板
appliedenergistics2:facade:0, 线缆伪装板 - 丛林木板
appliedenergistics2:facade:0, 线缆伪装板 - 丛林木板
appliedenergistics2:facade:0, 线缆伪装板 - 丛林木板
appliedenergistics2:facade:0, 线缆伪装板 - 丛林木板
appliedenergistics2:facade:0, 线缆伪装板 - 丛林木板
appliedenergistics2:facade:0, 线缆伪装板 - 丛林木板
appliedenergistics2:facade:0, 线缆伪装板 - 丛林木板
appliedenergistics2:facade:0, 线缆伪装板 - 丛林木板
appliedenergistics2:facade:0, 线缆伪装板 - 金合欢木板
appliedenergistics2:facade:0, 线缆伪装板 - 金合欢木板
appliedenergistics2:facade:0, 线缆伪装板 - 金合欢木板
appliedenergistics2:facade:0, 线缆伪装板 - 金合欢木板
appliedenergistics2:facade:0, 线缆伪装板 - 金合欢木板
appliedenergistics2:facade:0, 线缆伪装板 - 金合欢木板
appliedenergistics2:facade:0, 线缆伪装板 - 金合欢木板
appliedenergistics2:facade:0, 线缆伪装板 - 金合欢木板
appliedenergistics2:facade:0, 线缆伪装板 - 金合欢木板
appliedenergistics2:facade:0, 线缆伪装板 - 金合欢木板
appliedenergistics2:facade:0, 线缆伪装板 - 金合欢木板
appliedenergistics2:facade:0, 线缆伪装板 - 金合欢木板
appliedenergistics2:facade:0, 线缆伪装板 - 金合欢木板
appliedenergistics2:facade:0, 线缆伪装板 - 金合欢木板
appliedenergistics2:facade:0, 线缆伪装板 - 金合欢木板
appliedenergistics2:facade:0, 线缆伪装板 - 深色橡木木板
appliedenergistics2:facade:0, 线缆伪装板 - 深色橡木木板
appliedenergistics2:facade:0, 线缆伪装板 - 深色橡木木板
appliedenergistics2:facade:0, 线缆伪装板 - 深色橡木木板
appliedenergistics2:facade:0, 线缆伪装板 - 深色橡木木板
appliedenergistics2:facade:0, 线缆伪装板 - 深色橡木木板
appliedenergistics2:facade:0, 线缆伪装板 - 深色橡木木板
appliedenergistics2:facade:0, 线缆伪装板 - 深色橡木木板
appliedenergistics2:facade:0, 线缆伪装板 - 深色橡木木板
appliedenergistics2:facade:0, 线缆伪装板 - 深色橡木木板
appliedenergistics2:facade:0, 线缆伪装板 - 深色橡木木板
appliedenergistics2:facade:0, 线缆伪装板 - 深色橡木木板
appliedenergistics2:facade:0, 线缆伪装板 - 深色橡木木板
appliedenergistics2:facade:0, 线缆伪装板 - 深色橡木木板
appliedenergistics2:facade:0, 线缆伪装板 - 深色橡木木板
appliedenergistics2:facade:0, 线缆伪装板 - 铂块
appliedenergistics2:facade:0, 线缆伪装板 - 铂块
appliedenergistics2:facade:0, 线缆伪装板 - 铂块
appliedenergistics2:facade:0, 线缆伪装板 - 铂块
appliedenergistics2:facade:0, 线缆伪装板 - 铂块
appliedenergistics2:facade:0, 线缆伪装板 - 铂块
appliedenergistics2:facade:0, 线缆伪装板 - 铂块
appliedenergistics2:facade:0, 线缆伪装板 - 海晶石
appliedenergistics2:facade:0, 线缆伪装板 - 海晶石
appliedenergistics2:facade:0, 线缆伪装板 - 海晶石
appliedenergistics2:facade:0, 线缆伪装板 - 海晶石
appliedenergistics2:facade:0, 线缆伪装板 - 海晶石
appliedenergistics2:facade:0, 线缆伪装板 - 海晶石
appliedenergistics2:facade:0, 线缆伪装板 - 海晶石
appliedenergistics2:facade:0, 线缆伪装板 - 海晶石
appliedenergistics2:facade:0, 线缆伪装板 - 海晶石
appliedenergistics2:facade:0, 线缆伪装板 - 海晶石
appliedenergistics2:facade:0, 线缆伪装板 - 海晶石
appliedenergistics2:facade:0, 线缆伪装板 - 海晶石
appliedenergistics2:facade:0, 线缆伪装板 - 海晶石
appliedenergistics2:facade:0, 线缆伪装板 - 海晶石
appliedenergistics2:facade:0, 线缆伪装板 - 海晶石
appliedenergistics2:facade:0, 线缆伪装板 - 海晶石
appliedenergistics2:facade:0, 线缆伪装板 - 海晶石
appliedenergistics2:facade:0, 线缆伪装板 - 海晶石
appliedenergistics2:facade:0, 线缆伪装板 - 海晶石
appliedenergistics2:facade:0, 线缆伪装板 - 海晶石
appliedenergistics2:facade:0, 线缆伪装板 - 海晶石
appliedenergistics2:facade:0, 线缆伪装板 - 海晶石
appliedenergistics2:facade:0, 线缆伪装板 - 海晶石
appliedenergistics2:facade:0, 线缆伪装板 - 海晶石
appliedenergistics2:facade:0, 线缆伪装板 - 海晶石
appliedenergistics2:facade:0, 线缆伪装板 - 海晶石
appliedenergistics2:facade:0, 线缆伪装板 - 海晶石
appliedenergistics2:facade:0, 线缆伪装板 - 海晶石
appliedenergistics2:facade:0, 线缆伪装板 - 海晶石
appliedenergistics2:facade:0, 线缆伪装板 - 海晶石
appliedenergistics2:facade:0, 线缆伪装板 - 海晶石
appliedenergistics2:facade:0, 线缆伪装板 - 海晶石
appliedenergistics2:facade:0, 线缆伪装板 - 石英块
appliedenergistics2:facade:0, 线缆伪装板 - 石英块
appliedenergistics2:facade:0, 线缆伪装板 - 石英块
appliedenergistics2:facade:0, 线缆伪装板 - 石英块
appliedenergistics2:facade:0, 线缆伪装板 - 石英块
appliedenergistics2:facade:0, 线缆伪装板 - 石英块
appliedenergistics2:facade:0, 线缆伪装板 - 石英块
appliedenergistics2:facade:0, 线缆伪装板 - 石英块
appliedenergistics2:facade:0, 线缆伪装板 - 石英块
appliedenergistics2:facade:0, 线缆伪装板 - 石英块
appliedenergistics2:facade:0, 线缆伪装板 - 石英块
appliedenergistics2:facade:0, 线缆伪装板 - 石英块
appliedenergistics2:facade:0, 线缆伪装板 - 石英块
appliedenergistics2:facade:0, 线缆伪装板 - 石英块
appliedenergistics2:facade:0, 线缆伪装板 - 石英块
appliedenergistics2:facade:0, 线缆伪装板 - 石英块
appliedenergistics2:facade:0, 线缆伪装板 - 石英块
appliedenergistics2:facade:0, 线缆伪装板 - 石英块
appliedenergistics2:facade:0, 线缆伪装板 - 石英块
appliedenergistics2:facade:0, 线缆伪装板 - 石英块
appliedenergistics2:facade:0, 线缆伪装板 - 石英块
appliedenergistics2:facade:0, 线缆伪装板 - 石英块
appliedenergistics2:facade:0, 线缆伪装板 - 石英块
appliedenergistics2:facade:0, 线缆伪装板 - 石英块
appliedenergistics2:facade:0, 线缆伪装板 - 石英块
appliedenergistics2:facade:0, 线缆伪装板 - 石英块
appliedenergistics2:facade:0, 线缆伪装板 - 石英块
appliedenergistics2:facade:0, 线缆伪装板 - 石英块
appliedenergistics2:facade:0, 线缆伪装板 - 石英块
appliedenergistics2:facade:0, 线缆伪装板 - 石英块
appliedenergistics2:facade:0, 线缆伪装板 - 石英块
appliedenergistics2:facade:0, 线缆伪装板 - 石英块
appliedenergistics2:facade:0, 线缆伪装板 - 红石块
appliedenergistics2:facade:0, 线缆伪装板 - 红石块
appliedenergistics2:facade:0, 线缆伪装板 - 红石块
appliedenergistics2:facade:0, 线缆伪装板 - 红石块
appliedenergistics2:facade:0, 线缆伪装板 - 红石块
appliedenergistics2:facade:0, 线缆伪装板 - 红石块
appliedenergistics2:facade:0, 线缆伪装板 - 红石块
appliedenergistics2:facade:0, 线缆伪装板 - 红石块
appliedenergistics2:facade:0, 线缆伪装板 - 红石块
appliedenergistics2:facade:0, 线缆伪装板 - 红石块
appliedenergistics2:facade:0, 线缆伪装板 - 红石块
appliedenergistics2:facade:0, 线缆伪装板 - 红石块
appliedenergistics2:facade:0, 线缆伪装板 - 红石块
appliedenergistics2:facade:0, 线缆伪装板 - 红石块
appliedenergistics2:facade:0, 线缆伪装板 - 红石块
appliedenergistics2:facade:0, 线缆伪装板 - 红石块
appliedenergistics2:facade:0, 线缆伪装板 - 红石块
appliedenergistics2:facade:0, 线缆伪装板 - 红石块
appliedenergistics2:facade:0, 线缆伪装板 - 红石块
appliedenergistics2:facade:0, 线缆伪装板 - 红石块
appliedenergistics2:facade:0, 线缆伪装板 - 红石块
appliedenergistics2:facade:0, 线缆伪装板 - 红石块
appliedenergistics2:facade:0, 线缆伪装板 - 红石块
appliedenergistics2:facade:0, 线缆伪装板 - 红石块
appliedenergistics2:facade:0, 线缆伪装板 - 红石块
appliedenergistics2:facade:0, 线缆伪装板 - 红石块
appliedenergistics2:facade:0, 线缆伪装板 - 红石块
appliedenergistics2:facade:0, 线缆伪装板 - 红石块
appliedenergistics2:facade:0, 线缆伪装板 - 砂岩
appliedenergistics2:facade:0, 线缆伪装板 - 砂岩
appliedenergistics2:facade:0, 线缆伪装板 - 砂岩
appliedenergistics2:facade:0, 线缆伪装板 - 砂岩
appliedenergistics2:facade:0, 线缆伪装板 - 砂岩
appliedenergistics2:facade:0, 线缆伪装板 - 砂岩
appliedenergistics2:facade:0, 线缆伪装板 - 砂岩
appliedenergistics2:facade:0, 线缆伪装板 - 砂岩
appliedenergistics2:facade:0, 线缆伪装板 - 砂岩
appliedenergistics2:facade:0, 线缆伪装板 - 砂岩
appliedenergistics2:facade:0, 线缆伪装板 - 砂岩
appliedenergistics2:facade:0, 线缆伪装板 - 砂岩
appliedenergistics2:facade:0, 线缆伪装板 - 砂岩
appliedenergistics2:facade:0, 线缆伪装板 - 砂岩
appliedenergistics2:facade:0, 线缆伪装板 - 砂岩
appliedenergistics2:facade:0, 线缆伪装板 - 砂岩
appliedenergistics2:facade:0, 线缆伪装板 - 砂岩
appliedenergistics2:facade:0, 线缆伪装板 - 砂岩
appliedenergistics2:facade:0, 线缆伪装板 - 砂岩
appliedenergistics2:facade:0, 线缆伪装板 - 砂岩
appliedenergistics2:facade:0, 线缆伪装板 - 砂岩
appliedenergistics2:facade:0, 线缆伪装板 - 砂岩
appliedenergistics2:facade:0, 线缆伪装板 - 砂岩
appliedenergistics2:facade:0, 线缆伪装板 - 砂岩
appliedenergistics2:facade:0, 线缆伪装板 - 砂岩
appliedenergistics2:facade:0, 线缆伪装板 - 砂岩
appliedenergistics2:facade:0, 线缆伪装板 - 砂岩
appliedenergistics2:facade:0, 线缆伪装板 - 砂岩
appliedenergistics2:facade:0, 线缆伪装板 - 砂岩
appliedenergistics2:facade:0, 线缆伪装板 - 砂岩
appliedenergistics2:facade:0, 线缆伪装板 - 砂岩
appliedenergistics2:facade:0, 线缆伪装板 - 砂岩
appliedenergistics2:facade:0, 线缆伪装板 - 砂岩
appliedenergistics2:facade:0, 线缆伪装板 - 砂岩
appliedenergistics2:facade:0, 线缆伪装板 - 红砂岩
appliedenergistics2:facade:0, 线缆伪装板 - 红砂岩
appliedenergistics2:facade:0, 线缆伪装板 - 红砂岩
appliedenergistics2:facade:0, 线缆伪装板 - 红砂岩
appliedenergistics2:facade:0, 线缆伪装板 - 红砂岩
appliedenergistics2:facade:0, 线缆伪装板 - 红砂岩
appliedenergistics2:facade:0, 线缆伪装板 - 红砂岩
appliedenergistics2:facade:0, 线缆伪装板 - 红砂岩
appliedenergistics2:facade:0, 线缆伪装板 - 红砂岩
appliedenergistics2:facade:0, 线缆伪装板 - 红砂岩
appliedenergistics2:facade:0, 线缆伪装板 - 红砂岩
appliedenergistics2:facade:0, 线缆伪装板 - 红砂岩
appliedenergistics2:facade:0, 线缆伪装板 - 红砂岩
appliedenergistics2:facade:0, 线缆伪装板 - 红砂岩
appliedenergistics2:facade:0, 线缆伪装板 - 红砂岩
appliedenergistics2:facade:0, 线缆伪装板 - 红砂岩
appliedenergistics2:facade:0, 线缆伪装板 - 红砂岩
appliedenergistics2:facade:0, 线缆伪装板 - 红砂岩
appliedenergistics2:facade:0, 线缆伪装板 - 红砂岩
appliedenergistics2:facade:0, 线缆伪装板 - 红砂岩
appliedenergistics2:facade:0, 线缆伪装板 - 红砂岩
appliedenergistics2:facade:0, 线缆伪装板 - 红砂岩
appliedenergistics2:facade:0, 线缆伪装板 - 红砂岩
appliedenergistics2:facade:0, 线缆伪装板 - 红砂岩
appliedenergistics2:facade:0, 线缆伪装板 - 红砂岩
appliedenergistics2:facade:0, 线缆伪装板 - 红砂岩
appliedenergistics2:facade:0, 线缆伪装板 - 红砂岩
appliedenergistics2:facade:0, 线缆伪装板 - 红砂岩
appliedenergistics2:facade:0, 线缆伪装板 - 红砂岩
appliedenergistics2:facade:0, 线缆伪装板 - 红砂岩
appliedenergistics2:facade:0, 线缆伪装板 - 红砂岩
appliedenergistics2:facade:0, 线缆伪装板 - 红砂岩
appliedenergistics2:facade:0, 线缆伪装板 - 红砂岩
appliedenergistics2:facade:0, 线缆伪装板 - 红砂岩
appliedenergistics2:facade:0, 线缆伪装板 - 刻文砂岩
appliedenergistics2:facade:0, 线缆伪装板 - 刻文砂岩
appliedenergistics2:facade:0, 线缆伪装板 - 刻文砂岩
appliedenergistics2:facade:0, 线缆伪装板 - 刻文砂岩
appliedenergistics2:facade:0, 线缆伪装板 - 刻文砂岩
appliedenergistics2:facade:0, 线缆伪装板 - 刻文砂岩
appliedenergistics2:facade:0, 线缆伪装板 - 刻文砂岩
appliedenergistics2:facade:0, 线缆伪装板 - 刻文砂岩
appliedenergistics2:facade:0, 线缆伪装板 - 刻文砂岩
appliedenergistics2:facade:0, 线缆伪装板 - 刻文砂岩
appliedenergistics2:facade:0, 线缆伪装板 - 刻文砂岩
appliedenergistics2:facade:0, 线缆伪装板 - 刻文砂岩
appliedenergistics2:facade:0, 线缆伪装板 - 刻文砂岩
appliedenergistics2:facade:0, 线缆伪装板 - 刻文砂岩
appliedenergistics2:facade:0, 线缆伪装板 - 刻文砂岩
appliedenergistics2:facade:0, 线缆伪装板 - 刻文砂岩
appliedenergistics2:facade:0, 线缆伪装板 - Red Sandstone Scribbles
appliedenergistics2:facade:0, 线缆伪装板 - Red Sandstone Scribbles
appliedenergistics2:facade:0, 线缆伪装板 - Red Sandstone Scribbles
appliedenergistics2:facade:0, 线缆伪装板 - Red Sandstone Scribbles
appliedenergistics2:facade:0, 线缆伪装板 - Red Sandstone Scribbles
appliedenergistics2:facade:0, 线缆伪装板 - Red Sandstone Scribbles
appliedenergistics2:facade:0, 线缆伪装板 - Red Sandstone Scribbles
appliedenergistics2:facade:0, 线缆伪装板 - Red Sandstone Scribbles
appliedenergistics2:facade:0, 线缆伪装板 - Red Sandstone Scribbles
appliedenergistics2:facade:0, 线缆伪装板 - Red Sandstone Scribbles
appliedenergistics2:facade:0, 线缆伪装板 - Red Sandstone Scribbles
appliedenergistics2:facade:0, 线缆伪装板 - Red Sandstone Scribbles
appliedenergistics2:facade:0, 线缆伪装板 - Red Sandstone Scribbles
appliedenergistics2:facade:0, 线缆伪装板 - Red Sandstone Scribbles
appliedenergistics2:facade:0, 线缆伪装板 - Red Sandstone Scribbles
appliedenergistics2:facade:0, 线缆伪装板 - Red Sandstone Scribbles
appliedenergistics2:facade:0, 线缆伪装板 - 银块
appliedenergistics2:facade:0, 线缆伪装板 - 银块
appliedenergistics2:facade:0, 线缆伪装板 - 银块
appliedenergistics2:facade:0, 线缆伪装板 - 银块
appliedenergistics2:facade:0, 线缆伪装板 - 银块
appliedenergistics2:facade:0, 线缆伪装板 - 银块
appliedenergistics2:facade:0, 线缆伪装板 - 银块
appliedenergistics2:facade:0, 线缆伪装板 - 钢块
appliedenergistics2:facade:0, 线缆伪装板 - 钢块
appliedenergistics2:facade:0, 线缆伪装板 - 钢块
appliedenergistics2:facade:0, 线缆伪装板 - 钢块
appliedenergistics2:facade:0, 线缆伪装板 - 钢块
appliedenergistics2:facade:0, 线缆伪装板 - 钢块
appliedenergistics2:facade:0, 线缆伪装板 - 钢块
appliedenergistics2:facade:0, 线缆伪装板 - 錾制石砖
appliedenergistics2:facade:0, 线缆伪装板 - 錾制石砖
appliedenergistics2:facade:0, 线缆伪装板 - 錾制石砖
appliedenergistics2:facade:0, 线缆伪装板 - 錾制石砖
appliedenergistics2:facade:0, 线缆伪装板 - 錾制石砖
appliedenergistics2:facade:0, 线缆伪装板 - 錾制石砖
appliedenergistics2:facade:0, 线缆伪装板 - 錾制石砖
appliedenergistics2:facade:0, 线缆伪装板 - 錾制石砖
appliedenergistics2:facade:0, 线缆伪装板 - 錾制石砖
appliedenergistics2:facade:0, 线缆伪装板 - 錾制石砖
appliedenergistics2:facade:0, 线缆伪装板 - 錾制石砖
appliedenergistics2:facade:0, 线缆伪装板 - 錾制石砖
appliedenergistics2:facade:0, 线缆伪装板 - 錾制石砖
appliedenergistics2:facade:0, 线缆伪装板 - 錾制石砖
appliedenergistics2:facade:0, 线缆伪装板 - 錾制石砖
appliedenergistics2:facade:0, 线缆伪装板 - 錾制石砖
appliedenergistics2:facade:0, 线缆伪装板 - 錾制石砖
appliedenergistics2:facade:0, 线缆伪装板 - 錾制石砖
appliedenergistics2:facade:0, 线缆伪装板 - 錾制石砖
appliedenergistics2:facade:0, 线缆伪装板 - 錾制石砖
appliedenergistics2:facade:0, 线缆伪装板 - 錾制石砖
appliedenergistics2:facade:0, 线缆伪装板 - 錾制石砖
appliedenergistics2:facade:0, 线缆伪装板 - 錾制石砖
appliedenergistics2:facade:0, 线缆伪装板 - 錾制石砖
appliedenergistics2:facade:0, 线缆伪装板 - 錾制石砖
appliedenergistics2:facade:0, 线缆伪装板 - 錾制石砖
appliedenergistics2:facade:0, 线缆伪装板 - 錾制石砖
appliedenergistics2:facade:0, 线缆伪装板 - 錾制石砖
appliedenergistics2:facade:0, 线缆伪装板 - 錾制石砖
appliedenergistics2:facade:0, 线缆伪装板 - 錾制石砖
appliedenergistics2:facade:0, 线缆伪装板 - 錾制石砖
appliedenergistics2:facade:0, 线缆伪装板 - 錾制石砖
appliedenergistics2:facade:0, 线缆伪装板 - 錾制石砖
appliedenergistics2:facade:0, 线缆伪装板 - 錾制石砖
appliedenergistics2:facade:0, 线缆伪装板 - 錾制石砖
appliedenergistics2:facade:0, 线缆伪装板 - 錾制石砖
appliedenergistics2:facade:0, 线缆伪装板 - 工业方块
appliedenergistics2:facade:0, 线缆伪装板 - 工业方块
appliedenergistics2:facade:0, 线缆伪装板 - 工业方块
appliedenergistics2:facade:0, 线缆伪装板 - 工业方块
appliedenergistics2:facade:0, 线缆伪装板 - 工业方块
appliedenergistics2:facade:0, 线缆伪装板 - 工业方块
appliedenergistics2:facade:0, 线缆伪装板 - 工业方块
appliedenergistics2:facade:0, 线缆伪装板 - 工业方块
appliedenergistics2:facade:0, 线缆伪装板 - 工业方块
appliedenergistics2:facade:0, 线缆伪装板 - 工业方块
appliedenergistics2:facade:0, 线缆伪装板 - 工业方块
appliedenergistics2:facade:0, 线缆伪装板 - 工业方块
appliedenergistics2:facade:0, 线缆伪装板 - 工业方块
appliedenergistics2:facade:0, 线缆伪装板 - 工业方块
appliedenergistics2:facade:0, 线缆伪装板 - 工业方块
appliedenergistics2:facade:0, 线缆伪装板 - 工业方块
appliedenergistics2:facade:0, 线缆伪装板 - 工业方块
appliedenergistics2:facade:0, 线缆伪装板 - 工业方块
appliedenergistics2:facade:0, 线缆伪装板 - 工业方块
appliedenergistics2:facade:0, 线缆伪装板 - 工业方块
appliedenergistics2:facade:0, 线缆伪装板 - 工业方块
appliedenergistics2:facade:0, 线缆伪装板 - 工业方块
appliedenergistics2:facade:0, 线缆伪装板 - 工业方块
appliedenergistics2:facade:0, 线缆伪装板 - 工业方块
appliedenergistics2:facade:0, 线缆伪装板 - 工业方块
appliedenergistics2:facade:0, 线缆伪装板 - 神庙石
appliedenergistics2:facade:0, 线缆伪装板 - 神庙石
appliedenergistics2:facade:0, 线缆伪装板 - 神庙石
appliedenergistics2:facade:0, 线缆伪装板 - 神庙石
appliedenergistics2:facade:0, 线缆伪装板 - 神庙石
appliedenergistics2:facade:0, 线缆伪装板 - 神庙石
appliedenergistics2:facade:0, 线缆伪装板 - 神庙石
appliedenergistics2:facade:0, 线缆伪装板 - 神庙石
appliedenergistics2:facade:0, 线缆伪装板 - 神庙石
appliedenergistics2:facade:0, 线缆伪装板 - 神庙石
appliedenergistics2:facade:0, 线缆伪装板 - 神庙石
appliedenergistics2:facade:0, 线缆伪装板 - 神庙石
appliedenergistics2:facade:0, 线缆伪装板 - 神庙石
appliedenergistics2:facade:0, 线缆伪装板 - 神庙石
appliedenergistics2:facade:0, 线缆伪装板 - 神庙石
appliedenergistics2:facade:0, 线缆伪装板 - 神庙石
appliedenergistics2:facade:0, 线缆伪装板 - 神庙苔石
appliedenergistics2:facade:0, 线缆伪装板 - 神庙苔石
appliedenergistics2:facade:0, 线缆伪装板 - 神庙苔石
appliedenergistics2:facade:0, 线缆伪装板 - 神庙苔石
appliedenergistics2:facade:0, 线缆伪装板 - 神庙苔石
appliedenergistics2:facade:0, 线缆伪装板 - 神庙苔石
appliedenergistics2:facade:0, 线缆伪装板 - 神庙苔石
appliedenergistics2:facade:0, 线缆伪装板 - 神庙苔石
appliedenergistics2:facade:0, 线缆伪装板 - 神庙苔石
appliedenergistics2:facade:0, 线缆伪装板 - 神庙苔石
appliedenergistics2:facade:0, 线缆伪装板 - 神庙苔石
appliedenergistics2:facade:0, 线缆伪装板 - 神庙苔石
appliedenergistics2:facade:0, 线缆伪装板 - 神庙苔石
appliedenergistics2:facade:0, 线缆伪装板 - 神庙苔石
appliedenergistics2:facade:0, 线缆伪装板 - 神庙苔石
appliedenergistics2:facade:0, 线缆伪装板 - 神庙苔石
appliedenergistics2:facade:0, 线缆伪装板 - 锡块
appliedenergistics2:facade:0, 线缆伪装板 - 锡块
appliedenergistics2:facade:0, 线缆伪装板 - 锡块
appliedenergistics2:facade:0, 线缆伪装板 - 锡块
appliedenergistics2:facade:0, 线缆伪装板 - 锡块
appliedenergistics2:facade:0, 线缆伪装板 - 锡块
appliedenergistics2:facade:0, 线缆伪装板 - 锡块
appliedenergistics2:facade:0, 线缆伪装板 - 未来风格金属块
appliedenergistics2:facade:0, 线缆伪装板 - 未来风格金属块
appliedenergistics2:facade:0, 线缆伪装板 - 未来风格金属块
appliedenergistics2:facade:0, 线缆伪装板 - 未来风格金属块
appliedenergistics2:facade:0, 线缆伪装板 - 未来风格金属块
appliedenergistics2:facade:0, 线缆伪装板 - 未来风格金属块
appliedenergistics2:facade:0, 线缆伪装板 - 未来风格金属块
appliedenergistics2:facade:0, 线缆伪装板 - 未来风格金属块
appliedenergistics2:facade:0, 线缆伪装板 - 未来风格金属块
appliedenergistics2:facade:0, 线缆伪装板 - 未来风格金属块
appliedenergistics2:facade:0, 线缆伪装板 - 未来风格金属块
appliedenergistics2:facade:0, 线缆伪装板 - 未来风格金属块
appliedenergistics2:facade:0, 线缆伪装板 - 未来风格金属块
appliedenergistics2:facade:0, 线缆伪装板 - 未来风格金属块
appliedenergistics2:facade:0, 线缆伪装板 - 未来风格金属块
appliedenergistics2:facade:0, 线缆伪装板 - 未来风格金属块
appliedenergistics2:facade:0, 线缆伪装板 - 铀块
appliedenergistics2:facade:0, 线缆伪装板 - 铀块
appliedenergistics2:facade:0, 线缆伪装板 - 铀块
appliedenergistics2:facade:0, 线缆伪装板 - 铀块
appliedenergistics2:facade:0, 线缆伪装板 - 铀块
appliedenergistics2:facade:0, 线缆伪装板 - 铀块
appliedenergistics2:facade:0, 线缆伪装板 - 铀块
appliedenergistics2:facade:0, 线缆伪装板 - 爱之方块
appliedenergistics2:facade:0, 线缆伪装板 - 爱之方块
appliedenergistics2:facade:0, 线缆伪装板 - 爱之方块
appliedenergistics2:facade:0, 线缆伪装板 - 爱之方块
appliedenergistics2:facade:0, 线缆伪装板 - 爱之方块
appliedenergistics2:facade:0, 线缆伪装板 - 爱之方块
appliedenergistics2:facade:0, 线缆伪装板 - 爱之方块
appliedenergistics2:facade:0, 线缆伪装板 - 爱之方块
appliedenergistics2:facade:0, 线缆伪装板 - 爱之方块
appliedenergistics2:facade:0, 线缆伪装板 - 爱之方块
appliedenergistics2:facade:0, 线缆伪装板 - 虚空石
appliedenergistics2:facade:0, 线缆伪装板 - 虚空石
appliedenergistics2:facade:0, 线缆伪装板 - 虚空石
appliedenergistics2:facade:0, 线缆伪装板 - 虚空石
appliedenergistics2:facade:0, 线缆伪装板 - 虚空石
appliedenergistics2:facade:0, 线缆伪装板 - 虚空石
appliedenergistics2:facade:0, 线缆伪装板 - 虚空石
appliedenergistics2:facade:0, 线缆伪装板 - 虚空石
appliedenergistics2:facade:0, 线缆伪装板 - 元始虚空石
appliedenergistics2:facade:0, 线缆伪装板 - 元始虚空石
appliedenergistics2:facade:0, 线缆伪装板 - 元始虚空石
appliedenergistics2:facade:0, 线缆伪装板 - 元始虚空石
appliedenergistics2:facade:0, 线缆伪装板 - 元始虚空石
appliedenergistics2:facade:0, 线缆伪装板 - 元始虚空石
appliedenergistics2:facade:0, 线缆伪装板 - 元始虚空石
appliedenergistics2:facade:0, 线缆伪装板 - 元始虚空石
appliedenergistics2:facade:0, 线缆伪装板 - 符文虚空石
appliedenergistics2:facade:0, 线缆伪装板 - 符文虚空石
appliedenergistics2:facade:0, 线缆伪装板 - 符文虚空石
appliedenergistics2:facade:0, 线缆伪装板 - 符文虚空石
appliedenergistics2:facade:0, 线缆伪装板 - 符文虚空石
appliedenergistics2:facade:0, 线缆伪装板 - 符文虚空石
appliedenergistics2:facade:0, 线缆伪装板 - 符文虚空石
appliedenergistics2:facade:0, 线缆伪装板 - 符文虚空石
appliedenergistics2:facade:0, 线缆伪装板 - 符文虚空石
appliedenergistics2:facade:0, 线缆伪装板 - 符文虚空石
appliedenergistics2:facade:0, 线缆伪装板 - 符文虚空石
appliedenergistics2:facade:0, 线缆伪装板 - 符文虚空石
appliedenergistics2:facade:0, 线缆伪装板 - 符文虚空石
appliedenergistics2:facade:0, 线缆伪装板 - 符文虚空石
appliedenergistics2:facade:0, 线缆伪装板 - 符文虚空石
appliedenergistics2:facade:0, 线缆伪装板 - 黑色地毯
appliedenergistics2:facade:0, 线缆伪装板 - 黑色地毯
appliedenergistics2:facade:0, 线缆伪装板 - 红色地毯
appliedenergistics2:facade:0, 线缆伪装板 - 红色地毯
appliedenergistics2:facade:0, 线缆伪装板 - 绿色地毯
appliedenergistics2:facade:0, 线缆伪装板 - 绿色地毯
appliedenergistics2:facade:0, 线缆伪装板 - 棕色地毯
appliedenergistics2:facade:0, 线缆伪装板 - 棕色地毯
appliedenergistics2:facade:0, 线缆伪装板 - 蓝色地毯
appliedenergistics2:facade:0, 线缆伪装板 - 蓝色地毯
appliedenergistics2:facade:0, 线缆伪装板 - 紫色地毯
appliedenergistics2:facade:0, 线缆伪装板 - 紫色地毯
appliedenergistics2:facade:0, 线缆伪装板 - 青色地毯
appliedenergistics2:facade:0, 线缆伪装板 - 青色地毯
appliedenergistics2:facade:0, 线缆伪装板 - 淡灰色地毯
appliedenergistics2:facade:0, 线缆伪装板 - 淡灰色地毯
appliedenergistics2:facade:0, 线缆伪装板 - 灰色地毯
appliedenergistics2:facade:0, 线缆伪装板 - 灰色地毯
appliedenergistics2:facade:0, 线缆伪装板 - 粉红色地毯
appliedenergistics2:facade:0, 线缆伪装板 - 粉红色地毯
appliedenergistics2:facade:0, 线缆伪装板 - 黄绿色地毯
appliedenergistics2:facade:0, 线缆伪装板 - 黄绿色地毯
appliedenergistics2:facade:0, 线缆伪装板 - 黄色地毯
appliedenergistics2:facade:0, 线缆伪装板 - 黄色地毯
appliedenergistics2:facade:0, 线缆伪装板 - 淡蓝色地毯
appliedenergistics2:facade:0, 线缆伪装板 - 淡蓝色地毯
appliedenergistics2:facade:0, 线缆伪装板 - 品红色地毯
appliedenergistics2:facade:0, 线缆伪装板 - 品红色地毯
appliedenergistics2:facade:0, 线缆伪装板 - 橙色地毯
appliedenergistics2:facade:0, 线缆伪装板 - 橙色地毯
appliedenergistics2:facade:0, 线缆伪装板 - 地毯
appliedenergistics2:facade:0, 线缆伪装板 - 地毯
appliedenergistics2:facade:0, 线缆伪装板 - 赛特斯石英矿石
appliedenergistics2:facade:0, 线缆伪装板 - 充能赛特斯石英矿石
appliedenergistics2:facade:0, 线缆伪装板 - 赛特斯石英块
appliedenergistics2:facade:0, 线缆伪装板 - 赛特斯竖纹石英块
appliedenergistics2:facade:0, 线缆伪装板 - 錾制赛特斯石英块
appliedenergistics2:facade:0, 线缆伪装板 - 石英玻璃
appliedenergistics2:facade:0, 线缆伪装板 - 聚能石英玻璃
appliedenergistics2:facade:0, 线缆伪装板 - 福鲁伊克斯块
appliedenergistics2:facade:0, 线缆伪装板 - 陨石
appliedenergistics2:facade:0, 线缆伪装板 - 陨石块
appliedenergistics2:facade:0, 线缆伪装板 - 陨石石砖
appliedenergistics2:facade:0, 线缆伪装板 - 陨石砖块
appliedenergistics2:facade:0, 线缆伪装板 - ME流体离散器
appliedenergistics2:crystal_seed:0, 赛特斯石英种子
appliedenergistics2:crystal_seed:600, 下界石英种子
appliedenergistics2:crystal_seed:1200, 福鲁伊克斯种子
appliedenergistics2:crystal_seed:0, 赛特斯石英种子
appliedenergistics2:crystal_seed:600, 下界石英种子
appliedenergistics2:crystal_seed:1200, 福鲁伊克斯种子
appliedenergistics2:crystal_seed:0, 赛特斯石英种子
appliedenergistics2:crystal_seed:600, 下界石英种子
appliedenergistics2:crystal_seed:1200, 福鲁伊克斯种子
appliedenergistics2:encoded_pattern, 编码样板
appliedenergistics2:paint_ball:0, 染色球 - 白色
appliedenergistics2:paint_ball:1, 染色球 - 橙色
appliedenergistics2:paint_ball:2, 染色球 - 品红色
appliedenergistics2:paint_ball:3, 染色球 - 浅蓝色
appliedenergistics2:paint_ball:4, 染色球 - 黄色
appliedenergistics2:paint_ball:5, 染色球 - 柠檬色
appliedenergistics2:paint_ball:6, 染色球 - 粉色
appliedenergistics2:paint_ball:7, 染色球 - 灰色
appliedenergistics2:paint_ball:8, 染色球 - 浅灰色
appliedenergistics2:paint_ball:9, 染色球 - 青色
appliedenergistics2:paint_ball:10, 染色球 - 紫色
appliedenergistics2:paint_ball:11, 染色球 - 蓝色
appliedenergistics2:paint_ball:12, 染色球 - 棕色
appliedenergistics2:paint_ball:13, 染色球 - 绿色
appliedenergistics2:paint_ball:14, 染色球 - 红色
appliedenergistics2:paint_ball:15, 染色球 - 黑色
appliedenergistics2:paint_ball:20, 染色球 - 光通 白色
appliedenergistics2:paint_ball:21, 染色球 - 光通 橙色
appliedenergistics2:paint_ball:22, 染色球 - 光通 品红色
appliedenergistics2:paint_ball:23, 染色球 - 光通 浅蓝色
appliedenergistics2:paint_ball:24, 染色球 - 光通 黄色
appliedenergistics2:paint_ball:25, 染色球 - 光通 柠檬色
appliedenergistics2:paint_ball:26, 染色球 - 光通 粉色
appliedenergistics2:paint_ball:27, 染色球 - 光通 灰色
appliedenergistics2:paint_ball:28, 染色球 - 光通 浅灰色
appliedenergistics2:paint_ball:29, 染色球 - 光通 青色
appliedenergistics2:paint_ball:30, 染色球 - 光通 紫色
appliedenergistics2:paint_ball:31, 染色球 - 光通 蓝色
appliedenergistics2:paint_ball:32, 染色球 - 光通 棕色
appliedenergistics2:paint_ball:33, 染色球 - 光通 绿色
appliedenergistics2:paint_ball:34, 染色球 - 光通 红色
appliedenergistics2:paint_ball:35, 染色球 - 光通 黑色
appliedenergistics2:dummy_fluid_item, item.appliedenergistics2.dummy_fluid_item.name
appliedenergistics2:material:28, 高级卡
appliedenergistics2:material:44, 破坏核心
appliedenergistics2:material:25, 基础卡
appliedenergistics2:material:52, 空白样板
appliedenergistics2:material:23, 运算处理器
appliedenergistics2:material:13, 运算压印模板
appliedenergistics2:material:16, 运算电路板
appliedenergistics2:material:27, 容量卡
appliedenergistics2:material:53, 合成卡
appliedenergistics2:material:29, 模糊卡
appliedenergistics2:material:31, 反相卡
appliedenergistics2:material:60, 磁引卡
appliedenergistics2:material:58, 样板扩展卡
appliedenergistics2:material:59, 量子链接卡
appliedenergistics2:material:26, 红石卡
appliedenergistics2:material:30, 加速卡
appliedenergistics2:material:61, 粘滞卡
appliedenergistics2:material:34, §d128³§r-空间组件
appliedenergistics2:material:37, §a16k§r-ME存储组件
appliedenergistics2:material:33, §916³§r-空间组件
appliedenergistics2:material:35, §61k§r-ME存储组件
appliedenergistics2:material:32, §62³§r-空间组件
appliedenergistics2:material:36, §e4k§r-ME存储组件
appliedenergistics2:material:38, §b64k§r-ME存储组件
appliedenergistics2:material:0, 赛特斯石英水晶
appliedenergistics2:material:1, 充能赛特斯石英水晶
appliedenergistics2:material:2, 赛特斯石英粉
appliedenergistics2:material:39, ME存储外壳
appliedenergistics2:material:46, 末影粉
appliedenergistics2:material:24, 工程处理器
appliedenergistics2:material:14, 工程压印模板
appliedenergistics2:material:17, 工程电路板
appliedenergistics2:material:4, 面粉
appliedenergistics2:material:56, §a16k§r-ME流体存储组件
appliedenergistics2:material:54, §61k§r-ME流体存储组件
appliedenergistics2:material:55, §e4k§r-ME流体存储组件
appliedenergistics2:material:57, §b64k§r-ME流体存储组件
appliedenergistics2:material:7, 福鲁伊克斯水晶
appliedenergistics2:material:8, 福鲁伊克斯粉
appliedenergistics2:material:9, 福鲁伊克斯珍珠
appliedenergistics2:material:43, 成型核心
appliedenergistics2:material:51, 金粉
appliedenergistics2:material:49, 铁粉
appliedenergistics2:material:22, 逻辑处理器
appliedenergistics2:material:15, 逻辑压印模板
appliedenergistics2:material:18, 逻辑电路板
appliedenergistics2:material:6, 物质球
appliedenergistics2:material:21, 名称压印模板
appliedenergistics2:material:3, 下界石英粉
appliedenergistics2:material:10, 高纯赛特斯石英水晶
appliedenergistics2:material:12, 高纯福鲁伊克斯水晶
appliedenergistics2:material:11, 高纯下界石英水晶
appliedenergistics2:material:48, 量子缠绕态奇点
appliedenergistics2:material:5, 硅
appliedenergistics2:material:19, 硅压印模板
appliedenergistics2:material:20, 硅板
appliedenergistics2:material:47, 奇点
appliedenergistics2:material:45, 陨石粉
appliedenergistics2:material:41, 无线接收器
appliedenergistics2:material:42, 无线信号增幅器
appliedenergistics2:material:40, 木齿轮
appliedenergistics2:part:300, ME破坏面板
appliedenergistics2:part:120, 线缆锚
appliedenergistics2:part:20, ME包层线缆 - 白色
appliedenergistics2:part:21, ME包层线缆 - 橙色
appliedenergistics2:part:22, ME包层线缆 - 品红色
appliedenergistics2:part:23, ME包层线缆 - 浅蓝色
appliedenergistics2:part:24, ME包层线缆 - 黄色
appliedenergistics2:part:25, ME包层线缆 - 柠檬色
appliedenergistics2:part:26, ME包层线缆 - 粉色
appliedenergistics2:part:27, ME包层线缆 - 灰色
appliedenergistics2:part:28, ME包层线缆 - 浅灰色
appliedenergistics2:part:29, ME包层线缆 - 青色
appliedenergistics2:part:30, ME包层线缆 - 紫色
appliedenergistics2:part:31, ME包层线缆 - 蓝色
appliedenergistics2:part:32, ME包层线缆 - 棕色
appliedenergistics2:part:33, ME包层线缆 - 绿色
appliedenergistics2:part:34, ME包层线缆 - 红色
appliedenergistics2:part:35, ME包层线缆 - 黑色
appliedenergistics2:part:36, ME包层线缆 - 福鲁伊克斯色
appliedenergistics2:part:500, ME致密包层线缆 - 白色
appliedenergistics2:part:501, ME致密包层线缆 - 橙色
appliedenergistics2:part:502, ME致密包层线缆 - 品红色
appliedenergistics2:part:503, ME致密包层线缆 - 浅蓝色
appliedenergistics2:part:504, ME致密包层线缆 - 黄色
appliedenergistics2:part:505, ME致密包层线缆 - 柠檬色
appliedenergistics2:part:506, ME致密包层线缆 - 粉色
appliedenergistics2:part:507, ME致密包层线缆 - 灰色
appliedenergistics2:part:508, ME致密包层线缆 - 浅灰色
appliedenergistics2:part:509, ME致密包层线缆 - 青色
appliedenergistics2:part:510, ME致密包层线缆 - 紫色
appliedenergistics2:part:511, ME致密包层线缆 - 蓝色
appliedenergistics2:part:512, ME致密包层线缆 - 棕色
appliedenergistics2:part:513, ME致密包层线缆 - 绿色
appliedenergistics2:part:514, ME致密包层线缆 - 红色
appliedenergistics2:part:515, ME致密包层线缆 - 黑色
appliedenergistics2:part:516, ME致密包层线缆 - 福鲁伊克斯色
appliedenergistics2:part:60, ME致密线缆 - 白色
appliedenergistics2:part:61, ME致密线缆 - 橙色
appliedenergistics2:part:62, ME致密线缆 - 品红色
appliedenergistics2:part:63, ME致密线缆 - 浅蓝色
appliedenergistics2:part:64, ME致密线缆 - 黄色
appliedenergistics2:part:65, ME致密线缆 - 柠檬色
appliedenergistics2:part:66, ME致密线缆 - 粉色
appliedenergistics2:part:67, ME致密线缆 - 灰色
appliedenergistics2:part:68, ME致密线缆 - 浅灰色
appliedenergistics2:part:69, ME致密线缆 - 青色
appliedenergistics2:part:70, ME致密线缆 - 紫色
appliedenergistics2:part:71, ME致密线缆 - 蓝色
appliedenergistics2:part:72, ME致密线缆 - 棕色
appliedenergistics2:part:73, ME致密线缆 - 绿色
appliedenergistics2:part:74, ME致密线缆 - 红色
appliedenergistics2:part:75, ME致密线缆 - 黑色
appliedenergistics2:part:76, ME致密线缆 - 福鲁伊克斯色
appliedenergistics2:part:0, ME玻璃线缆 - 白色
appliedenergistics2:part:1, ME玻璃线缆 - 橙色
appliedenergistics2:part:2, ME玻璃线缆 - 品红色
appliedenergistics2:part:3, ME玻璃线缆 - 浅蓝色
appliedenergistics2:part:4, ME玻璃线缆 - 黄色
appliedenergistics2:part:5, ME玻璃线缆 - 柠檬色
appliedenergistics2:part:6, ME玻璃线缆 - 粉色
appliedenergistics2:part:7, ME玻璃线缆 - 灰色
appliedenergistics2:part:8, ME玻璃线缆 - 浅灰色
appliedenergistics2:part:9, ME玻璃线缆 - 青色
appliedenergistics2:part:10, ME玻璃线缆 - 紫色
appliedenergistics2:part:11, ME玻璃线缆 - 蓝色
appliedenergistics2:part:12, ME玻璃线缆 - 棕色
appliedenergistics2:part:13, ME玻璃线缆 - 绿色
appliedenergistics2:part:14, ME玻璃线缆 - 红色
appliedenergistics2:part:15, ME玻璃线缆 - 黑色
appliedenergistics2:part:16, ME玻璃线缆 - 福鲁伊克斯色
appliedenergistics2:part:40, ME智能线缆 - 白色
appliedenergistics2:part:41, ME智能线缆 - 橙色
appliedenergistics2:part:42, ME智能线缆 - 品红色
appliedenergistics2:part:43, ME智能线缆 - 浅蓝色
appliedenergistics2:part:44, ME智能线缆 - 黄色
appliedenergistics2:part:45, ME智能线缆 - 柠檬色
appliedenergistics2:part:46, ME智能线缆 - 粉色
appliedenergistics2:part:47, ME智能线缆 - 灰色
appliedenergistics2:part:48, ME智能线缆 - 浅灰色
appliedenergistics2:part:49, ME智能线缆 - 青色
appliedenergistics2:part:50, ME智能线缆 - 紫色
appliedenergistics2:part:51, ME智能线缆 - 蓝色
appliedenergistics2:part:52, ME智能线缆 - 棕色
appliedenergistics2:part:53, ME智能线缆 - 绿色
appliedenergistics2:part:54, ME智能线缆 - 红色
appliedenergistics2:part:55, ME智能线缆 - 黑色
appliedenergistics2:part:56, ME智能线缆 - 福鲁伊克斯色
appliedenergistics2:part:420, ME交换监控器
appliedenergistics2:part:360, ME合成终端
appliedenergistics2:part:200, 暗色照明面板
appliedenergistics2:part:341, ME增广样板终端
appliedenergistics2:part:260, ME输出总线
appliedenergistics2:part:302, ME流体破坏面板
appliedenergistics2:part:261, ME流体输出总线
appliedenergistics2:part:321, ME流体成型面板
appliedenergistics2:part:241, ME流体输入总线
appliedenergistics2:part:441, ME流体接口
appliedenergistics2:part:522, ME流体接口配置终端
appliedenergistics2:part:281, ME流体标准发信器
appliedenergistics2:part:221, ME流体储存总线
appliedenergistics2:part:520, ME流体终端
appliedenergistics2:part:320, ME成型面板
appliedenergistics2:part:301, ME精准破坏面板
appliedenergistics2:part:240, ME输入总线
appliedenergistics2:part:440, ME接口
appliedenergistics2:part:521, ME接口配置终端
appliedenergistics2:part:480, ME接口终端
appliedenergistics2:part:100, ME反相触发总线
appliedenergistics2:part:280, ME标准发信器
appliedenergistics2:part:160, 亮色照明面板
appliedenergistics2:part:222, ME矿典存储总线
appliedenergistics2:part:469, P2P通道 - FE
appliedenergistics2:part:463, P2P通道 - 流体
appliedenergistics2:part:470, P2P通道 - GTEU
appliedenergistics2:part:462, P2P通道 - 物品
appliedenergistics2:part:467, P2P通道 - 光
appliedenergistics2:part:460, P2P通道 - ME
appliedenergistics2:part:461, P2P通道 - 红石
appliedenergistics2:part:340, ME样板终端
appliedenergistics2:part:140, 石英纤维
appliedenergistics2:part:180, 照明面板
appliedenergistics2:part:220, ME存储总线
appliedenergistics2:part:400, ME存储监控器
appliedenergistics2:part:380, ME终端
appliedenergistics2:part:80, ME触发总线
theoneprobe:probe, 检测器No.1
theoneprobe:creativeprobe, 创造模式检测器
theoneprobe:probenote, The One Probe Read Me
theoneprobe:diamond_helmet_probe:0, 带检测器的钻石头盔
theoneprobe:gold_helmet_probe:0, 带检测器的金头盔
theoneprobe:iron_helmet_probe:0, 带检测器的铁头盔
modularui:test_block, tile.null.name
modularui:test_item, item.null.name
ae2fc:fluid_discretizer, ME流体离散器
ae2fc:fluid_pattern_encoder, 流体适配型样板编码台
ae2fc:fluid_packet_decoder, ME流体封包解码器
ae2fc:ingredient_buffer, 原材料缓存仓
ae2fc:large_ingredient_buffer, 大型原材料缓存仓
ae2fc:burette, 精准滴定器
ae2fc:dual_interface, ME二合一接口
ae2fc:general_level_maintainer, ME通用缓存指令器
ae2fc:fluid_assembler, ME流体装配室
ae2fc:ultimate_encoder, ME终极编码台
ae2fc:fluid_drop, %s液滴
ae2fc:fluid_packet, 流体封包
ae2fc:dense_encoded_pattern, 编码样板
ae2fc:dense_craft_encoded_pattern, 编码样板
ae2fc:part_dual_interface, ME二合一接口
ae2fc:part_fluid_pattern_terminal, ME流体样板终端
ae2fc:part_fluid_pattern_ex_terminal, ME增广流体样板终端
ae2fc:large_item_encoded_pattern, 编码样板
ae2fc:wireless_fluid_pattern_terminal, 无线流体样板终端